<?xml version="1.0" encoding="utf-8" ?>
<gpx xmlns="http://www.topografix.com/GPX/1/1" creator="http://furkot.com/" version="1.1" xmlns:xsi="http://www.w3.org/2001/XMLSchema-instance" xsi:schemaLocation="http://www.topografix.com/GPX/1/1 http://www.topografix.com/GPX/1/1/gpx.xsd">
  <metadata>
    <name>Super 8 Motel   Deer Lodge - Birmingham</name>
    <author>
      <name>Furkot - road trip planner</name>
      <email id="trips" domain="furkot.com"></email>
      <link href="https://trips.furkot.com">
        <text>Furkot</text>
      </link>
    </author>
  </metadata>
  <wpt lat="34.915183" lon="-110.154058">
    <time>2026-09-25T14:00:00.000Z</time>
    <name>Super 8 Motel   Deer Lodge</name>
    <cmt>Holbrook, AZ</cmt>
    <desc>Holbrook, AZ</desc>
    <sym>Flag, Blue</sym>
  </wpt>
  <wpt lat="35.464208" lon="-97.718038">
    <time>2026-09-26T06:20:00.000Z</time>
    <cmt>This stop is an automatically scheduled placeholder, not a real place.</cmt>
    <desc>This stop is an automatically scheduled placeholder, not a real place.</desc>
    <sym>Lodging</sym>
  </wpt>
  <wpt lat="35.094779" lon="-92.426151">
    <time>2026-09-27T13:19:46.000Z</time>
    <name>Birmingham, AL</name>
    <cmt>1180 Collier Drive, Conway, AR</cmt>
    <desc>1180 Collier Drive, Conway, AR</desc>
    <sym>Flag, Blue</sym>
  </wpt>
  <trk>
    <name>Day 1 - Fri, Sep 25, 2026</name>
    <trkseg>
      <trkpt lat="34.915136" lon="-110.154108"></trkpt>
      <trkpt lat="34.915262" lon="-110.154282"></trkpt>
      <trkpt lat="34.915345" lon="-110.154389"></trkpt>
      <trkpt lat="34.914807" lon="-110.154956"></trkpt>
      <trkpt lat="34.914683" lon="-110.155079"></trkpt>
      <trkpt lat="34.914278" lon="-110.155484"></trkpt>
      <trkpt lat="34.913944" lon="-110.155812"></trkpt>
      <trkpt lat="34.913715" lon="-110.156011"></trkpt>
      <trkpt lat="34.913442" lon="-110.156243"></trkpt>
      <trkpt lat="34.913173" lon="-110.156455"></trkpt>
      <trkpt lat="34.912612" lon="-110.156831"></trkpt>
      <trkpt lat="34.911733" lon="-110.157335"></trkpt>
      <trkpt lat="34.911677" lon="-110.157172"></trkpt>
      <trkpt lat="34.911673" lon="-110.157052"></trkpt>
      <trkpt lat="34.911689" lon="-110.156809"></trkpt>
      <trkpt lat="34.911825" lon="-110.156032"></trkpt>
      <trkpt lat="34.911951" lon="-110.155566"></trkpt>
      <trkpt lat="34.912074" lon="-110.155232"></trkpt>
      <trkpt lat="34.912254" lon="-110.154859"></trkpt>
      <trkpt lat="34.912447" lon="-110.154507"></trkpt>
      <trkpt lat="34.913440" lon="-110.152744"></trkpt>
      <trkpt lat="34.913704" lon="-110.152144"></trkpt>
      <trkpt lat="34.913972" lon="-110.151485"></trkpt>
      <trkpt lat="34.914385" lon="-110.150496"></trkpt>
      <trkpt lat="34.914979" lon="-110.149207"></trkpt>
      <trkpt lat="34.915445" lon="-110.148359"></trkpt>
      <trkpt lat="34.916490" lon="-110.146374"></trkpt>
      <trkpt lat="34.917011" lon="-110.145479"></trkpt>
      <trkpt lat="34.917830" lon="-110.144165"></trkpt>
      <trkpt lat="34.918297" lon="-110.143483"></trkpt>
      <trkpt lat="34.919379" lon="-110.141965"></trkpt>
      <trkpt lat="34.920548" lon="-110.140474"></trkpt>
      <trkpt lat="34.921554" lon="-110.139347"></trkpt>
      <trkpt lat="34.922384" lon="-110.138481"></trkpt>
      <trkpt lat="34.923577" lon="-110.137317"></trkpt>
      <trkpt lat="34.925644" lon="-110.135589"></trkpt>
      <trkpt lat="34.927252" lon="-110.134415"></trkpt>
      <trkpt lat="34.928623" lon="-110.133543"></trkpt>
      <trkpt lat="34.929953" lon="-110.132782"></trkpt>
      <trkpt lat="34.931734" lon="-110.131912"></trkpt>
      <trkpt lat="34.932695" lon="-110.131505"></trkpt>
      <trkpt lat="34.934251" lon="-110.130934"></trkpt>
      <trkpt lat="34.935336" lon="-110.130567"></trkpt>
      <trkpt lat="34.935575" lon="-110.130486"></trkpt>
      <trkpt lat="34.936434" lon="-110.130162"></trkpt>
      <trkpt lat="34.937280" lon="-110.129797"></trkpt>
      <trkpt lat="34.938058" lon="-110.129414"></trkpt>
      <trkpt lat="34.939283" lon="-110.128697"></trkpt>
      <trkpt lat="34.940169" lon="-110.128133"></trkpt>
      <trkpt lat="34.941160" lon="-110.127395"></trkpt>
      <trkpt lat="34.942000" lon="-110.126697"></trkpt>
      <trkpt lat="34.943084" lon="-110.125683"></trkpt>
      <trkpt lat="34.943990" lon="-110.124725"></trkpt>
      <trkpt lat="34.944742" lon="-110.123864"></trkpt>
      <trkpt lat="34.946104" lon="-110.122260"></trkpt>
      <trkpt lat="34.946846" lon="-110.121421"></trkpt>
      <trkpt lat="34.950508" lon="-110.117201"></trkpt>
      <trkpt lat="34.952279" lon="-110.115159"></trkpt>
      <trkpt lat="34.953675" lon="-110.113543"></trkpt>
      <trkpt lat="34.955704" lon="-110.111185"></trkpt>
      <trkpt lat="34.958799" lon="-110.107628"></trkpt>
      <trkpt lat="34.962259" lon="-110.103657"></trkpt>
      <trkpt lat="34.962958" lon="-110.102847"></trkpt>
      <trkpt lat="34.965209" lon="-110.100197"></trkpt>
      <trkpt lat="34.966273" lon="-110.098839"></trkpt>
      <trkpt lat="34.967471" lon="-110.097219"></trkpt>
      <trkpt lat="34.968417" lon="-110.095815"></trkpt>
      <trkpt lat="34.969526" lon="-110.094063"></trkpt>
      <trkpt lat="34.971016" lon="-110.091436"></trkpt>
      <trkpt lat="34.971739" lon="-110.090021"></trkpt>
      <trkpt lat="34.973179" lon="-110.086912"></trkpt>
      <trkpt lat="34.973331" lon="-110.086531"></trkpt>
      <trkpt lat="34.974120" lon="-110.084569"></trkpt>
      <trkpt lat="34.975083" lon="-110.081833"></trkpt>
      <trkpt lat="34.975432" lon="-110.080670"></trkpt>
      <trkpt lat="34.975630" lon="-110.080012"></trkpt>
      <trkpt lat="34.975940" lon="-110.078991"></trkpt>
      <trkpt lat="34.976253" lon="-110.077759"></trkpt>
      <trkpt lat="34.976724" lon="-110.075788"></trkpt>
      <trkpt lat="34.977081" lon="-110.074000"></trkpt>
      <trkpt lat="34.978319" lon="-110.067043"></trkpt>
      <trkpt lat="34.978341" lon="-110.066918"></trkpt>
      <trkpt lat="34.978997" lon="-110.063258"></trkpt>
      <trkpt lat="34.979587" lon="-110.059884"></trkpt>
      <trkpt lat="34.980018" lon="-110.057481"></trkpt>
      <trkpt lat="34.980879" lon="-110.052527"></trkpt>
      <trkpt lat="34.981058" lon="-110.051579"></trkpt>
      <trkpt lat="34.981818" lon="-110.047336"></trkpt>
      <trkpt lat="34.983174" lon="-110.039770"></trkpt>
      <trkpt lat="34.984433" lon="-110.032448"></trkpt>
      <trkpt lat="34.985810" lon="-110.024697"></trkpt>
      <trkpt lat="34.987454" lon="-110.015399"></trkpt>
      <trkpt lat="34.989766" lon="-110.002323"></trkpt>
      <trkpt lat="34.990163" lon="-110.000109"></trkpt>
      <trkpt lat="34.990450" lon="-109.998214"></trkpt>
      <trkpt lat="34.990586" lon="-109.997154"></trkpt>
      <trkpt lat="34.990621" lon="-109.996863"></trkpt>
      <trkpt lat="34.990793" lon="-109.995285"></trkpt>
      <trkpt lat="34.990953" lon="-109.993325"></trkpt>
      <trkpt lat="34.991062" lon="-109.990988"></trkpt>
      <trkpt lat="34.991096" lon="-109.989206"></trkpt>
      <trkpt lat="34.991075" lon="-109.986640"></trkpt>
      <trkpt lat="34.990933" lon="-109.983572"></trkpt>
      <trkpt lat="34.990907" lon="-109.983013"></trkpt>
      <trkpt lat="34.990707" lon="-109.978863"></trkpt>
      <trkpt lat="34.990608" lon="-109.976942"></trkpt>
      <trkpt lat="34.990548" lon="-109.974724"></trkpt>
      <trkpt lat="34.990541" lon="-109.972540"></trkpt>
      <trkpt lat="34.990574" lon="-109.970331"></trkpt>
      <trkpt lat="34.990684" lon="-109.967984"></trkpt>
      <trkpt lat="34.990734" lon="-109.967173"></trkpt>
      <trkpt lat="34.990774" lon="-109.966513"></trkpt>
      <trkpt lat="34.991741" lon="-109.956256"></trkpt>
      <trkpt lat="34.992337" lon="-109.950030"></trkpt>
      <trkpt lat="34.992479" lon="-109.948619"></trkpt>
      <trkpt lat="34.993058" lon="-109.943000"></trkpt>
      <trkpt lat="34.993211" lon="-109.941727"></trkpt>
      <trkpt lat="34.993648" lon="-109.938475"></trkpt>
      <trkpt lat="34.993714" lon="-109.938053"></trkpt>
      <trkpt lat="34.993995" lon="-109.936252"></trkpt>
      <trkpt lat="34.994552" lon="-109.933023"></trkpt>
      <trkpt lat="34.995279" lon="-109.929004"></trkpt>
      <trkpt lat="34.996351" lon="-109.923031"></trkpt>
      <trkpt lat="34.997463" lon="-109.916829"></trkpt>
      <trkpt lat="34.997720" lon="-109.915397"></trkpt>
      <trkpt lat="34.998209" lon="-109.912669"></trkpt>
      <trkpt lat="34.998237" lon="-109.912511"></trkpt>
      <trkpt lat="34.998842" lon="-109.909073"></trkpt>
      <trkpt lat="34.999174" lon="-109.907201"></trkpt>
      <trkpt lat="34.999625" lon="-109.904656"></trkpt>
      <trkpt lat="34.999849" lon="-109.903420"></trkpt>
      <trkpt lat="35.000212" lon="-109.901416"></trkpt>
      <trkpt lat="35.000345" lon="-109.900699"></trkpt>
      <trkpt lat="35.000372" lon="-109.900563"></trkpt>
      <trkpt lat="35.000933" lon="-109.897460"></trkpt>
      <trkpt lat="35.001455" lon="-109.894735"></trkpt>
      <trkpt lat="35.001567" lon="-109.894148"></trkpt>
      <trkpt lat="35.002180" lon="-109.891222"></trkpt>
      <trkpt lat="35.003004" lon="-109.887845"></trkpt>
      <trkpt lat="35.004671" lon="-109.882138"></trkpt>
      <trkpt lat="35.005324" lon="-109.880150"></trkpt>
      <trkpt lat="35.006678" lon="-109.876426"></trkpt>
      <trkpt lat="35.007593" lon="-109.874098"></trkpt>
      <trkpt lat="35.008626" lon="-109.871669"></trkpt>
      <trkpt lat="35.010770" lon="-109.867105"></trkpt>
      <trkpt lat="35.011789" lon="-109.865142"></trkpt>
      <trkpt lat="35.012931" lon="-109.863051"></trkpt>
      <trkpt lat="35.013696" lon="-109.861718"></trkpt>
      <trkpt lat="35.015903" lon="-109.858007"></trkpt>
      <trkpt lat="35.020321" lon="-109.850716"></trkpt>
      <trkpt lat="35.021505" lon="-109.848727"></trkpt>
      <trkpt lat="35.022346" lon="-109.847264"></trkpt>
      <trkpt lat="35.023624" lon="-109.844987"></trkpt>
      <trkpt lat="35.023700" lon="-109.844857"></trkpt>
      <trkpt lat="35.024925" lon="-109.842757"></trkpt>
      <trkpt lat="35.037700" lon="-109.820473"></trkpt>
      <trkpt lat="35.044072" lon="-109.809351"></trkpt>
      <trkpt lat="35.047725" lon="-109.802974"></trkpt>
      <trkpt lat="35.048920" lon="-109.800888"></trkpt>
      <trkpt lat="35.056734" lon="-109.787243"></trkpt>
      <trkpt lat="35.056946" lon="-109.786873"></trkpt>
      <trkpt lat="35.058782" lon="-109.783666"></trkpt>
      <trkpt lat="35.059373" lon="-109.782623"></trkpt>
      <trkpt lat="35.060146" lon="-109.781277"></trkpt>
      <trkpt lat="35.061099" lon="-109.779573"></trkpt>
      <trkpt lat="35.061938" lon="-109.777980"></trkpt>
      <trkpt lat="35.062685" lon="-109.776476"></trkpt>
      <trkpt lat="35.062738" lon="-109.776366"></trkpt>
      <trkpt lat="35.063070" lon="-109.775670"></trkpt>
      <trkpt lat="35.063444" lon="-109.774835"></trkpt>
      <trkpt lat="35.064316" lon="-109.772890"></trkpt>
      <trkpt lat="35.065075" lon="-109.771088"></trkpt>
      <trkpt lat="35.066005" lon="-109.768667"></trkpt>
      <trkpt lat="35.066924" lon="-109.766036"></trkpt>
      <trkpt lat="35.067934" lon="-109.762781"></trkpt>
      <trkpt lat="35.069024" lon="-109.759106"></trkpt>
      <trkpt lat="35.070148" lon="-109.755297"></trkpt>
      <trkpt lat="35.071223" lon="-109.751674"></trkpt>
      <trkpt lat="35.072042" lon="-109.748880"></trkpt>
      <trkpt lat="35.073239" lon="-109.744861"></trkpt>
      <trkpt lat="35.074302" lon="-109.741238"></trkpt>
      <trkpt lat="35.074973" lon="-109.738943"></trkpt>
      <trkpt lat="35.075477" lon="-109.737264"></trkpt>
      <trkpt lat="35.075886" lon="-109.735907"></trkpt>
      <trkpt lat="35.077098" lon="-109.731778"></trkpt>
      <trkpt lat="35.077128" lon="-109.731678"></trkpt>
      <trkpt lat="35.077667" lon="-109.729890"></trkpt>
      <trkpt lat="35.078343" lon="-109.727580"></trkpt>
      <trkpt lat="35.078967" lon="-109.725471"></trkpt>
      <trkpt lat="35.079581" lon="-109.723368"></trkpt>
      <trkpt lat="35.080717" lon="-109.719541"></trkpt>
      <trkpt lat="35.081823" lon="-109.715755"></trkpt>
      <trkpt lat="35.082408" lon="-109.713847"></trkpt>
      <trkpt lat="35.083032" lon="-109.711729"></trkpt>
      <trkpt lat="35.083994" lon="-109.708496"></trkpt>
      <trkpt lat="35.084184" lon="-109.707845"></trkpt>
      <trkpt lat="35.084461" lon="-109.706880"></trkpt>
      <trkpt lat="35.084615" lon="-109.706369"></trkpt>
      <trkpt lat="35.085609" lon="-109.702985"></trkpt>
      <trkpt lat="35.087349" lon="-109.697086"></trkpt>
      <trkpt lat="35.090993" lon="-109.684728"></trkpt>
      <trkpt lat="35.093104" lon="-109.677497"></trkpt>
      <trkpt lat="35.094123" lon="-109.673785"></trkpt>
      <trkpt lat="35.094869" lon="-109.670510"></trkpt>
      <trkpt lat="35.095230" lon="-109.668763"></trkpt>
      <trkpt lat="35.095570" lon="-109.666799"></trkpt>
      <trkpt lat="35.097501" lon="-109.653613"></trkpt>
      <trkpt lat="35.098168" lon="-109.648997"></trkpt>
      <trkpt lat="35.098424" lon="-109.647225"></trkpt>
      <trkpt lat="35.098537" lon="-109.646536"></trkpt>
      <trkpt lat="35.098638" lon="-109.645711"></trkpt>
      <trkpt lat="35.098722" lon="-109.645109"></trkpt>
      <trkpt lat="35.098827" lon="-109.644464"></trkpt>
      <trkpt lat="35.099161" lon="-109.642192"></trkpt>
      <trkpt lat="35.099396" lon="-109.640582"></trkpt>
      <trkpt lat="35.099861" lon="-109.637156"></trkpt>
      <trkpt lat="35.099946" lon="-109.636543"></trkpt>
      <trkpt lat="35.100215" lon="-109.634692"></trkpt>
      <trkpt lat="35.100718" lon="-109.631234"></trkpt>
      <trkpt lat="35.100894" lon="-109.629992"></trkpt>
      <trkpt lat="35.101176" lon="-109.628073"></trkpt>
      <trkpt lat="35.101566" lon="-109.625563"></trkpt>
      <trkpt lat="35.102345" lon="-109.620300"></trkpt>
      <trkpt lat="35.102784" lon="-109.617716"></trkpt>
      <trkpt lat="35.103106" lon="-109.615947"></trkpt>
      <trkpt lat="35.104004" lon="-109.612009"></trkpt>
      <trkpt lat="35.105103" lon="-109.608029"></trkpt>
      <trkpt lat="35.106193" lon="-109.604682"></trkpt>
      <trkpt lat="35.107347" lon="-109.601324"></trkpt>
      <trkpt lat="35.107388" lon="-109.601205"></trkpt>
      <trkpt lat="35.108916" lon="-109.596784"></trkpt>
      <trkpt lat="35.110467" lon="-109.592303"></trkpt>
      <trkpt lat="35.111444" lon="-109.589459"></trkpt>
      <trkpt lat="35.111644" lon="-109.588901"></trkpt>
      <trkpt lat="35.116158" lon="-109.575859"></trkpt>
      <trkpt lat="35.116777" lon="-109.574067"></trkpt>
      <trkpt lat="35.117759" lon="-109.571224"></trkpt>
      <trkpt lat="35.118872" lon="-109.567984"></trkpt>
      <trkpt lat="35.120226" lon="-109.564065"></trkpt>
      <trkpt lat="35.120943" lon="-109.561998"></trkpt>
      <trkpt lat="35.122543" lon="-109.557336"></trkpt>
      <trkpt lat="35.123834" lon="-109.553661"></trkpt>
      <trkpt lat="35.124751" lon="-109.551047"></trkpt>
      <trkpt lat="35.125568" lon="-109.549089"></trkpt>
      <trkpt lat="35.125923" lon="-109.548216"></trkpt>
      <trkpt lat="35.126318" lon="-109.547270"></trkpt>
      <trkpt lat="35.127337" lon="-109.545013"></trkpt>
      <trkpt lat="35.128029" lon="-109.543517"></trkpt>
      <trkpt lat="35.128586" lon="-109.542363"></trkpt>
      <trkpt lat="35.128861" lon="-109.541841"></trkpt>
      <trkpt lat="35.129296" lon="-109.540955"></trkpt>
      <trkpt lat="35.131293" lon="-109.537206"></trkpt>
      <trkpt lat="35.131664" lon="-109.536564"></trkpt>
      <trkpt lat="35.132355" lon="-109.535390"></trkpt>
      <trkpt lat="35.133451" lon="-109.533604"></trkpt>
      <trkpt lat="35.134900" lon="-109.531323"></trkpt>
      <trkpt lat="35.136137" lon="-109.529429"></trkpt>
      <trkpt lat="35.137163" lon="-109.527863"></trkpt>
      <trkpt lat="35.138435" lon="-109.525889"></trkpt>
      <trkpt lat="35.139341" lon="-109.524497"></trkpt>
      <trkpt lat="35.141625" lon="-109.521006"></trkpt>
      <trkpt lat="35.144115" lon="-109.517179"></trkpt>
      <trkpt lat="35.147614" lon="-109.511786"></trkpt>
      <trkpt lat="35.148038" lon="-109.511132"></trkpt>
      <trkpt lat="35.149446" lon="-109.508975"></trkpt>
      <trkpt lat="35.150757" lon="-109.506965"></trkpt>
      <trkpt lat="35.150926" lon="-109.506700"></trkpt>
      <trkpt lat="35.152328" lon="-109.504549"></trkpt>
      <trkpt lat="35.153415" lon="-109.502879"></trkpt>
      <trkpt lat="35.154398" lon="-109.501369"></trkpt>
      <trkpt lat="35.155540" lon="-109.499615"></trkpt>
      <trkpt lat="35.156829" lon="-109.497634"></trkpt>
      <trkpt lat="35.157694" lon="-109.496298"></trkpt>
      <trkpt lat="35.157985" lon="-109.495849"></trkpt>
      <trkpt lat="35.159124" lon="-109.494110"></trkpt>
      <trkpt lat="35.161420" lon="-109.490562"></trkpt>
      <trkpt lat="35.162423" lon="-109.489035"></trkpt>
      <trkpt lat="35.162982" lon="-109.488179"></trkpt>
      <trkpt lat="35.163895" lon="-109.486772"></trkpt>
      <trkpt lat="35.164630" lon="-109.485642"></trkpt>
      <trkpt lat="35.165776" lon="-109.483857"></trkpt>
      <trkpt lat="35.166561" lon="-109.482657"></trkpt>
      <trkpt lat="35.167548" lon="-109.481138"></trkpt>
      <trkpt lat="35.167678" lon="-109.480938"></trkpt>
      <trkpt lat="35.167783" lon="-109.480777"></trkpt>
      <trkpt lat="35.168934" lon="-109.479002"></trkpt>
      <trkpt lat="35.170458" lon="-109.476659"></trkpt>
      <trkpt lat="35.171552" lon="-109.474977"></trkpt>
      <trkpt lat="35.172771" lon="-109.473109"></trkpt>
      <trkpt lat="35.174040" lon="-109.471152"></trkpt>
      <trkpt lat="35.175228" lon="-109.469332"></trkpt>
      <trkpt lat="35.178447" lon="-109.464365"></trkpt>
      <trkpt lat="35.179535" lon="-109.462637"></trkpt>
      <trkpt lat="35.180549" lon="-109.460921"></trkpt>
      <trkpt lat="35.181505" lon="-109.459219"></trkpt>
      <trkpt lat="35.182019" lon="-109.458270"></trkpt>
      <trkpt lat="35.182495" lon="-109.457349"></trkpt>
      <trkpt lat="35.183482" lon="-109.455360"></trkpt>
      <trkpt lat="35.184312" lon="-109.453564"></trkpt>
      <trkpt lat="35.185151" lon="-109.451620"></trkpt>
      <trkpt lat="35.185922" lon="-109.449705"></trkpt>
      <trkpt lat="35.186670" lon="-109.447704"></trkpt>
      <trkpt lat="35.187458" lon="-109.445436"></trkpt>
      <trkpt lat="35.188064" lon="-109.443524"></trkpt>
      <trkpt lat="35.188195" lon="-109.443095"></trkpt>
      <trkpt lat="35.188592" lon="-109.441784"></trkpt>
      <trkpt lat="35.188855" lon="-109.440869"></trkpt>
      <trkpt lat="35.189095" lon="-109.440052"></trkpt>
      <trkpt lat="35.189400" lon="-109.438975"></trkpt>
      <trkpt lat="35.189652" lon="-109.438044"></trkpt>
      <trkpt lat="35.190107" lon="-109.436294"></trkpt>
      <trkpt lat="35.190275" lon="-109.435566"></trkpt>
      <trkpt lat="35.190447" lon="-109.434939"></trkpt>
      <trkpt lat="35.190908" lon="-109.433011"></trkpt>
      <trkpt lat="35.191353" lon="-109.431026"></trkpt>
      <trkpt lat="35.192244" lon="-109.426822"></trkpt>
      <trkpt lat="35.192413" lon="-109.426003"></trkpt>
      <trkpt lat="35.192492" lon="-109.425619"></trkpt>
      <trkpt lat="35.193378" lon="-109.421429"></trkpt>
      <trkpt lat="35.197286" lon="-109.402865"></trkpt>
      <trkpt lat="35.201313" lon="-109.383731"></trkpt>
      <trkpt lat="35.202310" lon="-109.378976"></trkpt>
      <trkpt lat="35.203150" lon="-109.374982"></trkpt>
      <trkpt lat="35.204640" lon="-109.367871"></trkpt>
      <trkpt lat="35.205753" lon="-109.362611"></trkpt>
      <trkpt lat="35.206419" lon="-109.359392"></trkpt>
      <trkpt lat="35.207552" lon="-109.354293"></trkpt>
      <trkpt lat="35.207878" lon="-109.353084"></trkpt>
      <trkpt lat="35.208923" lon="-109.349361"></trkpt>
      <trkpt lat="35.209927" lon="-109.346294"></trkpt>
      <trkpt lat="35.210781" lon="-109.343848"></trkpt>
      <trkpt lat="35.211083" lon="-109.343076"></trkpt>
      <trkpt lat="35.212291" lon="-109.340133"></trkpt>
      <trkpt lat="35.213209" lon="-109.338054"></trkpt>
      <trkpt lat="35.213757" lon="-109.336891"></trkpt>
      <trkpt lat="35.214545" lon="-109.335280"></trkpt>
      <trkpt lat="35.215285" lon="-109.333853"></trkpt>
      <trkpt lat="35.215463" lon="-109.333511"></trkpt>
      <trkpt lat="35.215677" lon="-109.333100"></trkpt>
      <trkpt lat="35.216182" lon="-109.332127"></trkpt>
      <trkpt lat="35.217021" lon="-109.330635"></trkpt>
      <trkpt lat="35.217990" lon="-109.329015"></trkpt>
      <trkpt lat="35.218656" lon="-109.327942"></trkpt>
      <trkpt lat="35.218796" lon="-109.327704"></trkpt>
      <trkpt lat="35.220662" lon="-109.324909"></trkpt>
      <trkpt lat="35.222758" lon="-109.322013"></trkpt>
      <trkpt lat="35.224742" lon="-109.319524"></trkpt>
      <trkpt lat="35.225272" lon="-109.318849"></trkpt>
      <trkpt lat="35.225664" lon="-109.318349"></trkpt>
      <trkpt lat="35.230447" lon="-109.312253"></trkpt>
      <trkpt lat="35.234688" lon="-109.306824"></trkpt>
      <trkpt lat="35.235834" lon="-109.305405"></trkpt>
      <trkpt lat="35.236265" lon="-109.304871"></trkpt>
      <trkpt lat="35.241050" lon="-109.298777"></trkpt>
      <trkpt lat="35.241243" lon="-109.298531"></trkpt>
      <trkpt lat="35.242284" lon="-109.297199"></trkpt>
      <trkpt lat="35.244987" lon="-109.293740"></trkpt>
      <trkpt lat="35.246586" lon="-109.291694"></trkpt>
      <trkpt lat="35.246817" lon="-109.291398"></trkpt>
      <trkpt lat="35.248463" lon="-109.289293"></trkpt>
      <trkpt lat="35.250060" lon="-109.287310"></trkpt>
      <trkpt lat="35.255865" lon="-109.280635"></trkpt>
      <trkpt lat="35.256377" lon="-109.280111"></trkpt>
      <trkpt lat="35.257422" lon="-109.278875"></trkpt>
      <trkpt lat="35.258039" lon="-109.278131"></trkpt>
      <trkpt lat="35.258978" lon="-109.277047"></trkpt>
      <trkpt lat="35.262031" lon="-109.273548"></trkpt>
      <trkpt lat="35.264174" lon="-109.271035"></trkpt>
      <trkpt lat="35.264265" lon="-109.270931"></trkpt>
      <trkpt lat="35.269661" lon="-109.264792"></trkpt>
      <trkpt lat="35.274140" lon="-109.259697"></trkpt>
      <trkpt lat="35.274999" lon="-109.258708"></trkpt>
      <trkpt lat="35.275777" lon="-109.257675"></trkpt>
      <trkpt lat="35.276852" lon="-109.255692"></trkpt>
      <trkpt lat="35.277516" lon="-109.254184"></trkpt>
      <trkpt lat="35.277904" lon="-109.252759"></trkpt>
      <trkpt lat="35.278511" lon="-109.250651"></trkpt>
      <trkpt lat="35.279749" lon="-109.246117"></trkpt>
      <trkpt lat="35.280457" lon="-109.243472"></trkpt>
      <trkpt lat="35.281425" lon="-109.240000"></trkpt>
      <trkpt lat="35.281498" lon="-109.239741"></trkpt>
      <trkpt lat="35.282001" lon="-109.237719"></trkpt>
      <trkpt lat="35.282331" lon="-109.235949"></trkpt>
      <trkpt lat="35.282445" lon="-109.234994"></trkpt>
      <trkpt lat="35.282559" lon="-109.234098"></trkpt>
      <trkpt lat="35.282638" lon="-109.233054"></trkpt>
      <trkpt lat="35.282715" lon="-109.231230"></trkpt>
      <trkpt lat="35.282707" lon="-109.216284"></trkpt>
      <trkpt lat="35.282711" lon="-109.215616"></trkpt>
      <trkpt lat="35.282697" lon="-109.213230"></trkpt>
      <trkpt lat="35.282675" lon="-109.212305"></trkpt>
      <trkpt lat="35.282662" lon="-109.211761"></trkpt>
      <trkpt lat="35.282633" lon="-109.210837"></trkpt>
      <trkpt lat="35.282589" lon="-109.209777"></trkpt>
      <trkpt lat="35.282554" lon="-109.208935"></trkpt>
      <trkpt lat="35.282506" lon="-109.208015"></trkpt>
      <trkpt lat="35.282449" lon="-109.207251"></trkpt>
      <trkpt lat="35.282403" lon="-109.206425"></trkpt>
      <trkpt lat="35.282269" lon="-109.204746"></trkpt>
      <trkpt lat="35.281827" lon="-109.200266"></trkpt>
      <trkpt lat="35.281425" lon="-109.196425"></trkpt>
      <trkpt lat="35.281197" lon="-109.194301"></trkpt>
      <trkpt lat="35.280917" lon="-109.191329"></trkpt>
      <trkpt lat="35.280396" lon="-109.186520"></trkpt>
      <trkpt lat="35.280058" lon="-109.182993"></trkpt>
      <trkpt lat="35.279988" lon="-109.182167"></trkpt>
      <trkpt lat="35.279918" lon="-109.181265"></trkpt>
      <trkpt lat="35.279909" lon="-109.180461"></trkpt>
      <trkpt lat="35.279956" lon="-109.179666"></trkpt>
      <trkpt lat="35.280046" lon="-109.178727"></trkpt>
      <trkpt lat="35.280186" lon="-109.177881"></trkpt>
      <trkpt lat="35.280282" lon="-109.177449"></trkpt>
      <trkpt lat="35.280345" lon="-109.177170"></trkpt>
      <trkpt lat="35.280548" lon="-109.176417"></trkpt>
      <trkpt lat="35.280790" lon="-109.175698"></trkpt>
      <trkpt lat="35.281070" lon="-109.175002"></trkpt>
      <trkpt lat="35.281381" lon="-109.174238"></trkpt>
      <trkpt lat="35.284273" lon="-109.167473"></trkpt>
      <trkpt lat="35.284437" lon="-109.167103"></trkpt>
      <trkpt lat="35.286408" lon="-109.162372"></trkpt>
      <trkpt lat="35.286759" lon="-109.161550"></trkpt>
      <trkpt lat="35.288335" lon="-109.157855"></trkpt>
      <trkpt lat="35.289946" lon="-109.154018"></trkpt>
      <trkpt lat="35.290182" lon="-109.153456"></trkpt>
      <trkpt lat="35.291443" lon="-109.150463"></trkpt>
      <trkpt lat="35.293361" lon="-109.145989"></trkpt>
      <trkpt lat="35.293395" lon="-109.145911"></trkpt>
      <trkpt lat="35.295866" lon="-109.140249"></trkpt>
      <trkpt lat="35.297389" lon="-109.136751"></trkpt>
      <trkpt lat="35.299316" lon="-109.132299"></trkpt>
      <trkpt lat="35.299438" lon="-109.131999"></trkpt>
      <trkpt lat="35.301321" lon="-109.127707"></trkpt>
      <trkpt lat="35.304228" lon="-109.120991"></trkpt>
      <trkpt lat="35.304333" lon="-109.120722"></trkpt>
      <trkpt lat="35.305743" lon="-109.117525"></trkpt>
      <trkpt lat="35.306470" lon="-109.115844"></trkpt>
      <trkpt lat="35.308894" lon="-109.110240"></trkpt>
      <trkpt lat="35.310339" lon="-109.106968"></trkpt>
      <trkpt lat="35.310488" lon="-109.106636"></trkpt>
      <trkpt lat="35.311696" lon="-109.103835"></trkpt>
      <trkpt lat="35.313745" lon="-109.099479"></trkpt>
      <trkpt lat="35.315391" lon="-109.096411"></trkpt>
      <trkpt lat="35.316301" lon="-109.094748"></trkpt>
      <trkpt lat="35.317299" lon="-109.093053"></trkpt>
      <trkpt lat="35.318236" lon="-109.091519"></trkpt>
      <trkpt lat="35.319489" lon="-109.089592"></trkpt>
      <trkpt lat="35.319638" lon="-109.089363"></trkpt>
      <trkpt lat="35.320357" lon="-109.088287"></trkpt>
      <trkpt lat="35.321271" lon="-109.086976"></trkpt>
      <trkpt lat="35.322744" lon="-109.084947"></trkpt>
      <trkpt lat="35.324792" lon="-109.082359"></trkpt>
      <trkpt lat="35.325965" lon="-109.080876"></trkpt>
      <trkpt lat="35.327576" lon="-109.079020"></trkpt>
      <trkpt lat="35.327795" lon="-109.078783"></trkpt>
      <trkpt lat="35.329721" lon="-109.076766"></trkpt>
      <trkpt lat="35.333099" lon="-109.073151"></trkpt>
      <trkpt lat="35.334701" lon="-109.071477"></trkpt>
      <trkpt lat="35.335452" lon="-109.070681"></trkpt>
      <trkpt lat="35.337808" lon="-109.068183"></trkpt>
      <trkpt lat="35.338035" lon="-109.067969"></trkpt>
      <trkpt lat="35.340573" lon="-109.065448"></trkpt>
      <trkpt lat="35.341913" lon="-109.064214"></trkpt>
      <trkpt lat="35.342761" lon="-109.063495"></trkpt>
      <trkpt lat="35.344660" lon="-109.062025"></trkpt>
      <trkpt lat="35.346472" lon="-109.060748"></trkpt>
      <trkpt lat="35.350672" lon="-109.057905"></trkpt>
      <trkpt lat="35.352353" lon="-109.056757"></trkpt>
      <trkpt lat="35.353630" lon="-109.055920"></trkpt>
      <trkpt lat="35.354356" lon="-109.055384"></trkpt>
      <trkpt lat="35.355107" lon="-109.054681"></trkpt>
      <trkpt lat="35.355542" lon="-109.054263"></trkpt>
      <trkpt lat="35.355954" lon="-109.053829"></trkpt>
      <trkpt lat="35.356343" lon="-109.053395"></trkpt>
      <trkpt lat="35.356624" lon="-109.053064"></trkpt>
      <trkpt lat="35.357208" lon="-109.052309"></trkpt>
      <trkpt lat="35.357531" lon="-109.051856"></trkpt>
      <trkpt lat="35.357864" lon="-109.051391"></trkpt>
      <trkpt lat="35.358590" lon="-109.050407"></trkpt>
      <trkpt lat="35.359275" lon="-109.049595"></trkpt>
      <trkpt lat="35.359523" lon="-109.049312"></trkpt>
      <trkpt lat="35.359949" lon="-109.048871"></trkpt>
      <trkpt lat="35.360280" lon="-109.048550"></trkpt>
      <trkpt lat="35.360590" lon="-109.048256"></trkpt>
      <trkpt lat="35.361319" lon="-109.047636"></trkpt>
      <trkpt lat="35.362421" lon="-109.046789"></trkpt>
      <trkpt lat="35.363092" lon="-109.046294"></trkpt>
      <trkpt lat="35.363439" lon="-109.046060"></trkpt>
      <trkpt lat="35.363895" lon="-109.045791"></trkpt>
      <trkpt lat="35.364292" lon="-109.045577"></trkpt>
      <trkpt lat="35.364696" lon="-109.045384"></trkpt>
      <trkpt lat="35.365092" lon="-109.045216"></trkpt>
      <trkpt lat="35.365500" lon="-109.045042"></trkpt>
      <trkpt lat="35.366154" lon="-109.044765"></trkpt>
      <trkpt lat="35.366679" lon="-109.044545"></trkpt>
      <trkpt lat="35.367231" lon="-109.044309"></trkpt>
      <trkpt lat="35.367587" lon="-109.044163"></trkpt>
      <trkpt lat="35.367933" lon="-109.043925"></trkpt>
      <trkpt lat="35.368287" lon="-109.043693"></trkpt>
      <trkpt lat="35.368581" lon="-109.043494"></trkpt>
      <trkpt lat="35.369002" lon="-109.043130"></trkpt>
      <trkpt lat="35.369253" lon="-109.042897"></trkpt>
      <trkpt lat="35.369495" lon="-109.042656"></trkpt>
      <trkpt lat="35.369694" lon="-109.042439"></trkpt>
      <trkpt lat="35.369889" lon="-109.042219"></trkpt>
      <trkpt lat="35.370031" lon="-109.042043"></trkpt>
      <trkpt lat="35.370157" lon="-109.041867"></trkpt>
      <trkpt lat="35.370311" lon="-109.041669"></trkpt>
      <trkpt lat="35.370457" lon="-109.041455"></trkpt>
      <trkpt lat="35.370569" lon="-109.041285"></trkpt>
      <trkpt lat="35.370676" lon="-109.041109"></trkpt>
      <trkpt lat="35.370847" lon="-109.040819"></trkpt>
      <trkpt lat="35.371009" lon="-109.040516"></trkpt>
      <trkpt lat="35.371135" lon="-109.040267"></trkpt>
      <trkpt lat="35.371254" lon="-109.040023"></trkpt>
      <trkpt lat="35.371373" lon="-109.039780"></trkpt>
      <trkpt lat="35.371599" lon="-109.039306"></trkpt>
      <trkpt lat="35.371847" lon="-109.038775"></trkpt>
      <trkpt lat="35.371953" lon="-109.038552"></trkpt>
      <trkpt lat="35.373428" lon="-109.035431"></trkpt>
      <trkpt lat="35.373486" lon="-109.035308"></trkpt>
      <trkpt lat="35.373920" lon="-109.034405"></trkpt>
      <trkpt lat="35.373969" lon="-109.034295"></trkpt>
      <trkpt lat="35.374184" lon="-109.033838"></trkpt>
      <trkpt lat="35.374659" lon="-109.032819"></trkpt>
      <trkpt lat="35.374905" lon="-109.032297"></trkpt>
      <trkpt lat="35.376885" lon="-109.028047"></trkpt>
      <trkpt lat="35.378338" lon="-109.024957"></trkpt>
      <trkpt lat="35.378749" lon="-109.024045"></trkpt>
      <trkpt lat="35.380997" lon="-109.019314"></trkpt>
      <trkpt lat="35.381513" lon="-109.018208"></trkpt>
      <trkpt lat="35.382038" lon="-109.017221"></trkpt>
      <trkpt lat="35.382694" lon="-109.016181"></trkpt>
      <trkpt lat="35.383122" lon="-109.015601"></trkpt>
      <trkpt lat="35.383621" lon="-109.014947"></trkpt>
      <trkpt lat="35.384190" lon="-109.014282"></trkpt>
      <trkpt lat="35.384837" lon="-109.013574"></trkpt>
      <trkpt lat="35.385510" lon="-109.012962"></trkpt>
      <trkpt lat="35.386245" lon="-109.012340"></trkpt>
      <trkpt lat="35.386814" lon="-109.011889"></trkpt>
      <trkpt lat="35.387417" lon="-109.011481"></trkpt>
      <trkpt lat="35.388825" lon="-109.010634"></trkpt>
      <trkpt lat="35.391003" lon="-109.009368"></trkpt>
      <trkpt lat="35.391155" lon="-109.009279"></trkpt>
      <trkpt lat="35.393879" lon="-109.007678"></trkpt>
      <trkpt lat="35.395525" lon="-109.006686"></trkpt>
      <trkpt lat="35.396846" lon="-109.005902"></trkpt>
      <trkpt lat="35.398017" lon="-109.005237"></trkpt>
      <trkpt lat="35.401481" lon="-109.003210"></trkpt>
      <trkpt lat="35.403084" lon="-109.002264"></trkpt>
      <trkpt lat="35.403361" lon="-109.002101"></trkpt>
      <trkpt lat="35.404847" lon="-109.001225"></trkpt>
      <trkpt lat="35.407322" lon="-108.999755"></trkpt>
      <trkpt lat="35.409141" lon="-108.998628"></trkpt>
      <trkpt lat="35.410671" lon="-108.997534"></trkpt>
      <trkpt lat="35.411327" lon="-108.997030"></trkpt>
      <trkpt lat="35.411965" lon="-108.996504"></trkpt>
      <trkpt lat="35.412709" lon="-108.995860"></trkpt>
      <trkpt lat="35.413609" lon="-108.995099"></trkpt>
      <trkpt lat="35.414379" lon="-108.994439"></trkpt>
      <trkpt lat="35.414629" lon="-108.994223"></trkpt>
      <trkpt lat="35.415238" lon="-108.993675"></trkpt>
      <trkpt lat="35.416187" lon="-108.992877"></trkpt>
      <trkpt lat="35.417946" lon="-108.991354"></trkpt>
      <trkpt lat="35.419537" lon="-108.990002"></trkpt>
      <trkpt lat="35.420482" lon="-108.989155"></trkpt>
      <trkpt lat="35.420866" lon="-108.988758"></trkpt>
      <trkpt lat="35.421365" lon="-108.988211"></trkpt>
      <trkpt lat="35.421741" lon="-108.987771"></trkpt>
      <trkpt lat="35.422335" lon="-108.987030"></trkpt>
      <trkpt lat="35.422816" lon="-108.986333"></trkpt>
      <trkpt lat="35.425115" lon="-108.982943"></trkpt>
      <trkpt lat="35.429207" lon="-108.976902"></trkpt>
      <trkpt lat="35.432555" lon="-108.971946"></trkpt>
      <trkpt lat="35.433840" lon="-108.970057"></trkpt>
      <trkpt lat="35.436440" lon="-108.966183"></trkpt>
      <trkpt lat="35.437687" lon="-108.964379"></trkpt>
      <trkpt lat="35.438294" lon="-108.963475"></trkpt>
      <trkpt lat="35.438814" lon="-108.962709"></trkpt>
      <trkpt lat="35.439188" lon="-108.962149"></trkpt>
      <trkpt lat="35.439601" lon="-108.961557"></trkpt>
      <trkpt lat="35.440156" lon="-108.960830"></trkpt>
      <trkpt lat="35.440745" lon="-108.960142"></trkpt>
      <trkpt lat="35.441308" lon="-108.959534"></trkpt>
      <trkpt lat="35.442100" lon="-108.958788"></trkpt>
      <trkpt lat="35.442618" lon="-108.958346"></trkpt>
      <trkpt lat="35.443842" lon="-108.957416"></trkpt>
      <trkpt lat="35.445314" lon="-108.956254"></trkpt>
      <trkpt lat="35.445896" lon="-108.955804"></trkpt>
      <trkpt lat="35.446948" lon="-108.954989"></trkpt>
      <trkpt lat="35.448264" lon="-108.953969"></trkpt>
      <trkpt lat="35.450377" lon="-108.952331"></trkpt>
      <trkpt lat="35.451016" lon="-108.951839"></trkpt>
      <trkpt lat="35.451827" lon="-108.951216"></trkpt>
      <trkpt lat="35.452834" lon="-108.950426"></trkpt>
      <trkpt lat="35.454313" lon="-108.949261"></trkpt>
      <trkpt lat="35.454966" lon="-108.948707"></trkpt>
      <trkpt lat="35.455771" lon="-108.948003"></trkpt>
      <trkpt lat="35.456327" lon="-108.947462"></trkpt>
      <trkpt lat="35.458019" lon="-108.945766"></trkpt>
      <trkpt lat="35.459126" lon="-108.944619"></trkpt>
      <trkpt lat="35.460855" lon="-108.942815"></trkpt>
      <trkpt lat="35.461506" lon="-108.942134"></trkpt>
      <trkpt lat="35.463906" lon="-108.939630"></trkpt>
      <trkpt lat="35.464832" lon="-108.938633"></trkpt>
      <trkpt lat="35.465741" lon="-108.937592"></trkpt>
      <trkpt lat="35.466519" lon="-108.936626"></trkpt>
      <trkpt lat="35.467227" lon="-108.935693"></trkpt>
      <trkpt lat="35.467996" lon="-108.934612"></trkpt>
      <trkpt lat="35.469053" lon="-108.932946"></trkpt>
      <trkpt lat="35.469787" lon="-108.931659"></trkpt>
      <trkpt lat="35.470634" lon="-108.930189"></trkpt>
      <trkpt lat="35.471403" lon="-108.928827"></trkpt>
      <trkpt lat="35.471997" lon="-108.927797"></trkpt>
      <trkpt lat="35.473020" lon="-108.925994"></trkpt>
      <trkpt lat="35.473194" lon="-108.925704"></trkpt>
      <trkpt lat="35.475414" lon="-108.921821"></trkpt>
      <trkpt lat="35.476812" lon="-108.919364"></trkpt>
      <trkpt lat="35.480481" lon="-108.912926"></trkpt>
      <trkpt lat="35.480769" lon="-108.912411"></trkpt>
      <trkpt lat="35.481416" lon="-108.911285"></trkpt>
      <trkpt lat="35.481969" lon="-108.910279"></trkpt>
      <trkpt lat="35.482325" lon="-108.909633"></trkpt>
      <trkpt lat="35.483256" lon="-108.908059"></trkpt>
      <trkpt lat="35.484072" lon="-108.906500"></trkpt>
      <trkpt lat="35.484797" lon="-108.905041"></trkpt>
      <trkpt lat="35.485347" lon="-108.903807"></trkpt>
      <trkpt lat="35.485723" lon="-108.902895"></trkpt>
      <trkpt lat="35.486247" lon="-108.901500"></trkpt>
      <trkpt lat="35.486684" lon="-108.900213"></trkpt>
      <trkpt lat="35.487103" lon="-108.898872"></trkpt>
      <trkpt lat="35.487536" lon="-108.897331"></trkpt>
      <trkpt lat="35.488074" lon="-108.895182"></trkpt>
      <trkpt lat="35.488375" lon="-108.894005"></trkpt>
      <trkpt lat="35.488715" lon="-108.892635"></trkpt>
      <trkpt lat="35.488827" lon="-108.892180"></trkpt>
      <trkpt lat="35.489089" lon="-108.891146"></trkpt>
      <trkpt lat="35.490047" lon="-108.887330"></trkpt>
      <trkpt lat="35.491085" lon="-108.883172"></trkpt>
      <trkpt lat="35.491461" lon="-108.881659"></trkpt>
      <trkpt lat="35.492524" lon="-108.877398"></trkpt>
      <trkpt lat="35.493826" lon="-108.872188"></trkpt>
      <trkpt lat="35.495151" lon="-108.866867"></trkpt>
      <trkpt lat="35.495422" lon="-108.865788"></trkpt>
      <trkpt lat="35.495695" lon="-108.864718"></trkpt>
      <trkpt lat="35.496036" lon="-108.863325"></trkpt>
      <trkpt lat="35.496184" lon="-108.862745"></trkpt>
      <trkpt lat="35.496330" lon="-108.862089"></trkpt>
      <trkpt lat="35.496569" lon="-108.860868"></trkpt>
      <trkpt lat="35.496761" lon="-108.859566"></trkpt>
      <trkpt lat="35.496843" lon="-108.858877"></trkpt>
      <trkpt lat="35.496896" lon="-108.858329"></trkpt>
      <trkpt lat="35.497005" lon="-108.856814"></trkpt>
      <trkpt lat="35.497108" lon="-108.855181"></trkpt>
      <trkpt lat="35.497193" lon="-108.853917"></trkpt>
      <trkpt lat="35.497293" lon="-108.852680"></trkpt>
      <trkpt lat="35.497405" lon="-108.851685"></trkpt>
      <trkpt lat="35.497525" lon="-108.850721"></trkpt>
      <trkpt lat="35.497708" lon="-108.849519"></trkpt>
      <trkpt lat="35.498014" lon="-108.847807"></trkpt>
      <trkpt lat="35.498097" lon="-108.847345"></trkpt>
      <trkpt lat="35.498291" lon="-108.846259"></trkpt>
      <trkpt lat="35.498671" lon="-108.844116"></trkpt>
      <trkpt lat="35.499012" lon="-108.842194"></trkpt>
      <trkpt lat="35.499280" lon="-108.840550"></trkpt>
      <trkpt lat="35.499523" lon="-108.839281"></trkpt>
      <trkpt lat="35.499686" lon="-108.838499"></trkpt>
      <trkpt lat="35.499907" lon="-108.837730"></trkpt>
      <trkpt lat="35.500210" lon="-108.836892"></trkpt>
      <trkpt lat="35.500484" lon="-108.836297"></trkpt>
      <trkpt lat="35.500902" lon="-108.835561"></trkpt>
      <trkpt lat="35.501341" lon="-108.834915"></trkpt>
      <trkpt lat="35.501699" lon="-108.834451"></trkpt>
      <trkpt lat="35.501763" lon="-108.834367"></trkpt>
      <trkpt lat="35.502111" lon="-108.833971"></trkpt>
      <trkpt lat="35.502800" lon="-108.833277"></trkpt>
      <trkpt lat="35.503408" lon="-108.832714"></trkpt>
      <trkpt lat="35.504133" lon="-108.832048"></trkpt>
      <trkpt lat="35.504637" lon="-108.831575"></trkpt>
      <trkpt lat="35.504887" lon="-108.831344"></trkpt>
      <trkpt lat="35.505452" lon="-108.830778"></trkpt>
      <trkpt lat="35.505908" lon="-108.830364"></trkpt>
      <trkpt lat="35.506902" lon="-108.829446"></trkpt>
      <trkpt lat="35.507412" lon="-108.828981"></trkpt>
      <trkpt lat="35.507933" lon="-108.828492"></trkpt>
      <trkpt lat="35.508677" lon="-108.827781"></trkpt>
      <trkpt lat="35.509079" lon="-108.827419"></trkpt>
      <trkpt lat="35.509534" lon="-108.826955"></trkpt>
      <trkpt lat="35.509773" lon="-108.826728"></trkpt>
      <trkpt lat="35.509964" lon="-108.826543"></trkpt>
      <trkpt lat="35.510110" lon="-108.826395"></trkpt>
      <trkpt lat="35.510257" lon="-108.826232"></trkpt>
      <trkpt lat="35.510462" lon="-108.825992"></trkpt>
      <trkpt lat="35.510625" lon="-108.825770"></trkpt>
      <trkpt lat="35.510793" lon="-108.825526"></trkpt>
      <trkpt lat="35.510979" lon="-108.825224"></trkpt>
      <trkpt lat="35.511181" lon="-108.824884"></trkpt>
      <trkpt lat="35.511331" lon="-108.824615"></trkpt>
      <trkpt lat="35.511523" lon="-108.824232"></trkpt>
      <trkpt lat="35.511673" lon="-108.823905"></trkpt>
      <trkpt lat="35.511849" lon="-108.823475"></trkpt>
      <trkpt lat="35.511992" lon="-108.823075"></trkpt>
      <trkpt lat="35.512146" lon="-108.822569"></trkpt>
      <trkpt lat="35.512268" lon="-108.822112"></trkpt>
      <trkpt lat="35.512366" lon="-108.821667"></trkpt>
      <trkpt lat="35.512433" lon="-108.821284"></trkpt>
      <trkpt lat="35.512467" lon="-108.821052"></trkpt>
      <trkpt lat="35.512491" lon="-108.820851"></trkpt>
      <trkpt lat="35.512527" lon="-108.820504"></trkpt>
      <trkpt lat="35.512553" lon="-108.820083"></trkpt>
      <trkpt lat="35.512578" lon="-108.819467"></trkpt>
      <trkpt lat="35.512662" lon="-108.817419"></trkpt>
      <trkpt lat="35.512815" lon="-108.813601"></trkpt>
      <trkpt lat="35.512834" lon="-108.813139"></trkpt>
      <trkpt lat="35.512972" lon="-108.809927"></trkpt>
      <trkpt lat="35.513033" lon="-108.809236"></trkpt>
      <trkpt lat="35.513111" lon="-108.808543"></trkpt>
      <trkpt lat="35.513189" lon="-108.808015"></trkpt>
      <trkpt lat="35.513296" lon="-108.807370"></trkpt>
      <trkpt lat="35.513420" lon="-108.806731"></trkpt>
      <trkpt lat="35.513522" lon="-108.806259"></trkpt>
      <trkpt lat="35.513727" lon="-108.805398"></trkpt>
      <trkpt lat="35.513936" lon="-108.804679"></trkpt>
      <trkpt lat="35.514137" lon="-108.804079"></trkpt>
      <trkpt lat="35.514338" lon="-108.803499"></trkpt>
      <trkpt lat="35.514547" lon="-108.802920"></trkpt>
      <trkpt lat="35.514809" lon="-108.802319"></trkpt>
      <trkpt lat="35.515063" lon="-108.801729"></trkpt>
      <trkpt lat="35.515578" lon="-108.800710"></trkpt>
      <trkpt lat="35.516189" lon="-108.799454"></trkpt>
      <trkpt lat="35.516722" lon="-108.798339"></trkpt>
      <trkpt lat="35.516975" lon="-108.797856"></trkpt>
      <trkpt lat="35.517176" lon="-108.797470"></trkpt>
      <trkpt lat="35.517386" lon="-108.797062"></trkpt>
      <trkpt lat="35.517551" lon="-108.796686"></trkpt>
      <trkpt lat="35.517744" lon="-108.796182"></trkpt>
      <trkpt lat="35.518032" lon="-108.795259"></trkpt>
      <trkpt lat="35.518634" lon="-108.793264"></trkpt>
      <trkpt lat="35.519635" lon="-108.789859"></trkpt>
      <trkpt lat="35.520346" lon="-108.787438"></trkpt>
      <trkpt lat="35.521656" lon="-108.783018"></trkpt>
      <trkpt lat="35.522660" lon="-108.779606"></trkpt>
      <trkpt lat="35.522782" lon="-108.779177"></trkpt>
      <trkpt lat="35.524813" lon="-108.772406"></trkpt>
      <trkpt lat="35.526074" lon="-108.768156"></trkpt>
      <trkpt lat="35.526646" lon="-108.766136"></trkpt>
      <trkpt lat="35.527061" lon="-108.764682"></trkpt>
      <trkpt lat="35.527567" lon="-108.763052"></trkpt>
      <trkpt lat="35.527838" lon="-108.762022"></trkpt>
      <trkpt lat="35.528104" lon="-108.760743"></trkpt>
      <trkpt lat="35.528180" lon="-108.760338"></trkpt>
      <trkpt lat="35.528207" lon="-108.760132"></trkpt>
      <trkpt lat="35.528283" lon="-108.759564"></trkpt>
      <trkpt lat="35.528292" lon="-108.759500"></trkpt>
      <trkpt lat="35.528423" lon="-108.758320"></trkpt>
      <trkpt lat="35.528449" lon="-108.757730"></trkpt>
      <trkpt lat="35.528475" lon="-108.757065"></trkpt>
      <trkpt lat="35.528475" lon="-108.755885"></trkpt>
      <trkpt lat="35.528493" lon="-108.754297"></trkpt>
      <trkpt lat="35.528487" lon="-108.753495"></trkpt>
      <trkpt lat="35.528484" lon="-108.753117"></trkpt>
      <trkpt lat="35.528486" lon="-108.752365"></trkpt>
      <trkpt lat="35.528513" lon="-108.751784"></trkpt>
      <trkpt lat="35.528529" lon="-108.751468"></trkpt>
      <trkpt lat="35.528555" lon="-108.751207"></trkpt>
      <trkpt lat="35.528583" lon="-108.750951"></trkpt>
      <trkpt lat="35.528640" lon="-108.750550"></trkpt>
      <trkpt lat="35.528734" lon="-108.750030"></trkpt>
      <trkpt lat="35.528796" lon="-108.749737"></trkpt>
      <trkpt lat="35.528870" lon="-108.749453"></trkpt>
      <trkpt lat="35.528967" lon="-108.749092"></trkpt>
      <trkpt lat="35.529130" lon="-108.748514"></trkpt>
      <trkpt lat="35.529558" lon="-108.747087"></trkpt>
      <trkpt lat="35.530008" lon="-108.745648"></trkpt>
      <trkpt lat="35.530099" lon="-108.745339"></trkpt>
      <trkpt lat="35.530471" lon="-108.744088"></trkpt>
      <trkpt lat="35.530540" lon="-108.743813"></trkpt>
      <trkpt lat="35.530669" lon="-108.743274"></trkpt>
      <trkpt lat="35.530781" lon="-108.742652"></trkpt>
      <trkpt lat="35.530872" lon="-108.741890"></trkpt>
      <trkpt lat="35.530964" lon="-108.740742"></trkpt>
      <trkpt lat="35.531005" lon="-108.740368"></trkpt>
      <trkpt lat="35.531059" lon="-108.739946"></trkpt>
      <trkpt lat="35.531125" lon="-108.739535"></trkpt>
      <trkpt lat="35.531218" lon="-108.739099"></trkpt>
      <trkpt lat="35.531332" lon="-108.738653"></trkpt>
      <trkpt lat="35.531465" lon="-108.738220"></trkpt>
      <trkpt lat="35.532465" lon="-108.735105"></trkpt>
      <trkpt lat="35.532562" lon="-108.734783"></trkpt>
      <trkpt lat="35.532703" lon="-108.734280"></trkpt>
      <trkpt lat="35.532835" lon="-108.733705"></trkpt>
      <trkpt lat="35.532923" lon="-108.733236"></trkpt>
      <trkpt lat="35.532998" lon="-108.732733"></trkpt>
      <trkpt lat="35.533070" lon="-108.732158"></trkpt>
      <trkpt lat="35.533106" lon="-108.731764"></trkpt>
      <trkpt lat="35.533158" lon="-108.730717"></trkpt>
      <trkpt lat="35.533162" lon="-108.727113"></trkpt>
      <trkpt lat="35.533162" lon="-108.726628"></trkpt>
      <trkpt lat="35.533164" lon="-108.724254"></trkpt>
      <trkpt lat="35.533158" lon="-108.721742"></trkpt>
      <trkpt lat="35.533161" lon="-108.720932"></trkpt>
      <trkpt lat="35.533145" lon="-108.720334"></trkpt>
      <trkpt lat="35.533120" lon="-108.719654"></trkpt>
      <trkpt lat="35.533080" lon="-108.719065"></trkpt>
      <trkpt lat="35.533006" lon="-108.718302"></trkpt>
      <trkpt lat="35.532940" lon="-108.717832"></trkpt>
      <trkpt lat="35.532801" lon="-108.716872"></trkpt>
      <trkpt lat="35.532639" lon="-108.715775"></trkpt>
      <trkpt lat="35.532357" lon="-108.713896"></trkpt>
      <trkpt lat="35.532237" lon="-108.712954"></trkpt>
      <trkpt lat="35.532177" lon="-108.712318"></trkpt>
      <trkpt lat="35.532125" lon="-108.711524"></trkpt>
      <trkpt lat="35.532104" lon="-108.710810"></trkpt>
      <trkpt lat="35.532108" lon="-108.710268"></trkpt>
      <trkpt lat="35.532128" lon="-108.709478"></trkpt>
      <trkpt lat="35.532163" lon="-108.708841"></trkpt>
      <trkpt lat="35.532346" lon="-108.706596"></trkpt>
      <trkpt lat="35.532922" lon="-108.699176"></trkpt>
      <trkpt lat="35.533629" lon="-108.690603"></trkpt>
      <trkpt lat="35.534323" lon="-108.682441"></trkpt>
      <trkpt lat="35.534364" lon="-108.681818"></trkpt>
      <trkpt lat="35.534391" lon="-108.681380"></trkpt>
      <trkpt lat="35.534400" lon="-108.680834"></trkpt>
      <trkpt lat="35.534368" lon="-108.680186"></trkpt>
      <trkpt lat="35.534338" lon="-108.679796"></trkpt>
      <trkpt lat="35.534301" lon="-108.679451"></trkpt>
      <trkpt lat="35.534258" lon="-108.679149"></trkpt>
      <trkpt lat="35.534215" lon="-108.678888"></trkpt>
      <trkpt lat="35.534167" lon="-108.678623"></trkpt>
      <trkpt lat="35.534123" lon="-108.678422"></trkpt>
      <trkpt lat="35.534069" lon="-108.678187"></trkpt>
      <trkpt lat="35.533960" lon="-108.677768"></trkpt>
      <trkpt lat="35.533851" lon="-108.677410"></trkpt>
      <trkpt lat="35.533741" lon="-108.677085"></trkpt>
      <trkpt lat="35.533633" lon="-108.676791"></trkpt>
      <trkpt lat="35.533459" lon="-108.676356"></trkpt>
      <trkpt lat="35.533337" lon="-108.676096"></trkpt>
      <trkpt lat="35.533175" lon="-108.675765"></trkpt>
      <trkpt lat="35.533059" lon="-108.675542"></trkpt>
      <trkpt lat="35.532963" lon="-108.675387"></trkpt>
      <trkpt lat="35.532742" lon="-108.675000"></trkpt>
      <trkpt lat="35.532038" lon="-108.673881"></trkpt>
      <trkpt lat="35.531713" lon="-108.673332"></trkpt>
      <trkpt lat="35.531598" lon="-108.673155"></trkpt>
      <trkpt lat="35.531454" lon="-108.672932"></trkpt>
      <trkpt lat="35.531308" lon="-108.672700"></trkpt>
      <trkpt lat="35.531195" lon="-108.672522"></trkpt>
      <trkpt lat="35.530830" lon="-108.671989"></trkpt>
      <trkpt lat="35.530758" lon="-108.671873"></trkpt>
      <trkpt lat="35.530651" lon="-108.671703"></trkpt>
      <trkpt lat="35.530640" lon="-108.671685"></trkpt>
      <trkpt lat="35.529912" lon="-108.670522"></trkpt>
      <trkpt lat="35.529734" lon="-108.670214"></trkpt>
      <trkpt lat="35.529554" lon="-108.669868"></trkpt>
      <trkpt lat="35.529387" lon="-108.669510"></trkpt>
      <trkpt lat="35.529239" lon="-108.669146"></trkpt>
      <trkpt lat="35.529117" lon="-108.668774"></trkpt>
      <trkpt lat="35.529021" lon="-108.668422"></trkpt>
      <trkpt lat="35.528949" lon="-108.668112"></trkpt>
      <trkpt lat="35.528883" lon="-108.667748"></trkpt>
      <trkpt lat="35.528834" lon="-108.667379"></trkpt>
      <trkpt lat="35.528775" lon="-108.666732"></trkpt>
      <trkpt lat="35.528757" lon="-108.666549"></trkpt>
      <trkpt lat="35.528774" lon="-108.666067"></trkpt>
      <trkpt lat="35.528818" lon="-108.665605"></trkpt>
      <trkpt lat="35.528879" lon="-108.665122"></trkpt>
      <trkpt lat="35.528975" lon="-108.664693"></trkpt>
      <trkpt lat="35.529124" lon="-108.664125"></trkpt>
      <trkpt lat="35.529455" lon="-108.662902"></trkpt>
      <trkpt lat="35.530430" lon="-108.659555"></trkpt>
      <trkpt lat="35.531621" lon="-108.655155"></trkpt>
      <trkpt lat="35.531734" lon="-108.654683"></trkpt>
      <trkpt lat="35.531856" lon="-108.654050"></trkpt>
      <trkpt lat="35.531961" lon="-108.653449"></trkpt>
      <trkpt lat="35.532075" lon="-108.652774"></trkpt>
      <trkpt lat="35.532162" lon="-108.651905"></trkpt>
      <trkpt lat="35.532249" lon="-108.650875"></trkpt>
      <trkpt lat="35.532276" lon="-108.649941"></trkpt>
      <trkpt lat="35.532267" lon="-108.649061"></trkpt>
      <trkpt lat="35.532249" lon="-108.648343"></trkpt>
      <trkpt lat="35.532092" lon="-108.645328"></trkpt>
      <trkpt lat="35.531496" lon="-108.636012"></trkpt>
      <trkpt lat="35.531481" lon="-108.635768"></trkpt>
      <trkpt lat="35.530896" lon="-108.625941"></trkpt>
      <trkpt lat="35.530409" lon="-108.618051"></trkpt>
      <trkpt lat="35.530250" lon="-108.615469"></trkpt>
      <trkpt lat="35.529630" lon="-108.604944"></trkpt>
      <trkpt lat="35.529595" lon="-108.604376"></trkpt>
      <trkpt lat="35.529490" lon="-108.602616"></trkpt>
      <trkpt lat="35.529429" lon="-108.601908"></trkpt>
      <trkpt lat="35.529368" lon="-108.601329"></trkpt>
      <trkpt lat="35.529272" lon="-108.600674"></trkpt>
      <trkpt lat="35.529158" lon="-108.599966"></trkpt>
      <trkpt lat="35.529045" lon="-108.599376"></trkpt>
      <trkpt lat="35.528905" lon="-108.598775"></trkpt>
      <trkpt lat="35.528757" lon="-108.598174"></trkpt>
      <trkpt lat="35.528521" lon="-108.597402"></trkpt>
      <trkpt lat="35.528215" lon="-108.596351"></trkpt>
      <trkpt lat="35.527626" lon="-108.594376"></trkpt>
      <trkpt lat="35.527464" lon="-108.593837"></trkpt>
      <trkpt lat="35.527360" lon="-108.593501"></trkpt>
      <trkpt lat="35.527237" lon="-108.593106"></trkpt>
      <trkpt lat="35.526802" lon="-108.591646"></trkpt>
      <trkpt lat="35.524531" lon="-108.584181"></trkpt>
      <trkpt lat="35.524496" lon="-108.584066"></trkpt>
      <trkpt lat="35.524382" lon="-108.583701"></trkpt>
      <trkpt lat="35.523893" lon="-108.582081"></trkpt>
      <trkpt lat="35.521108" lon="-108.572854"></trkpt>
      <trkpt lat="35.521047" lon="-108.572629"></trkpt>
      <trkpt lat="35.517868" lon="-108.562169"></trkpt>
      <trkpt lat="35.514960" lon="-108.552577"></trkpt>
      <trkpt lat="35.513519" lon="-108.547792"></trkpt>
      <trkpt lat="35.513100" lon="-108.546451"></trkpt>
      <trkpt lat="35.512733" lon="-108.545324"></trkpt>
      <trkpt lat="35.512358" lon="-108.544273"></trkpt>
      <trkpt lat="35.511144" lon="-108.541076"></trkpt>
      <trkpt lat="35.509231" lon="-108.536055"></trkpt>
      <trkpt lat="35.508567" lon="-108.534295"></trkpt>
      <trkpt lat="35.504882" lon="-108.524628"></trkpt>
      <trkpt lat="35.502478" lon="-108.518309"></trkpt>
      <trkpt lat="35.502200" lon="-108.517579"></trkpt>
      <trkpt lat="35.501921" lon="-108.516796"></trkpt>
      <trkpt lat="35.500908" lon="-108.514157"></trkpt>
      <trkpt lat="35.497012" lon="-108.503814"></trkpt>
      <trkpt lat="35.496480" lon="-108.502415"></trkpt>
      <trkpt lat="35.494322" lon="-108.496744"></trkpt>
      <trkpt lat="35.493920" lon="-108.495618"></trkpt>
      <trkpt lat="35.493579" lon="-108.494716"></trkpt>
      <trkpt lat="35.493326" lon="-108.493955"></trkpt>
      <trkpt lat="35.493003" lon="-108.492871"></trkpt>
      <trkpt lat="35.492679" lon="-108.491734"></trkpt>
      <trkpt lat="35.492461" lon="-108.490897"></trkpt>
      <trkpt lat="35.492321" lon="-108.490242"></trkpt>
      <trkpt lat="35.491859" lon="-108.488231"></trkpt>
      <trkpt lat="35.491395" lon="-108.486090"></trkpt>
      <trkpt lat="35.491230" lon="-108.485399"></trkpt>
      <trkpt lat="35.490985" lon="-108.484374"></trkpt>
      <trkpt lat="35.490277" lon="-108.481262"></trkpt>
      <trkpt lat="35.488305" lon="-108.472586"></trkpt>
      <trkpt lat="35.487426" lon="-108.468672"></trkpt>
      <trkpt lat="35.485928" lon="-108.461996"></trkpt>
      <trkpt lat="35.483593" lon="-108.451703"></trkpt>
      <trkpt lat="35.483403" lon="-108.450870"></trkpt>
      <trkpt lat="35.481188" lon="-108.441082"></trkpt>
      <trkpt lat="35.480171" lon="-108.436558"></trkpt>
      <trkpt lat="35.479533" lon="-108.433726"></trkpt>
      <trkpt lat="35.479492" lon="-108.433545"></trkpt>
      <trkpt lat="35.478546" lon="-108.429348"></trkpt>
      <trkpt lat="35.478389" lon="-108.428694"></trkpt>
      <trkpt lat="35.478153" lon="-108.427782"></trkpt>
      <trkpt lat="35.477952" lon="-108.427074"></trkpt>
      <trkpt lat="35.477698" lon="-108.426344"></trkpt>
      <trkpt lat="35.477480" lon="-108.425722"></trkpt>
      <trkpt lat="35.477200" lon="-108.425057"></trkpt>
      <trkpt lat="35.476956" lon="-108.424553"></trkpt>
      <trkpt lat="35.476746" lon="-108.424102"></trkpt>
      <trkpt lat="35.476397" lon="-108.423480"></trkpt>
      <trkpt lat="35.476082" lon="-108.422879"></trkpt>
      <trkpt lat="35.475759" lon="-108.422332"></trkpt>
      <trkpt lat="35.475375" lon="-108.421763"></trkpt>
      <trkpt lat="35.474990" lon="-108.421237"></trkpt>
      <trkpt lat="35.474640" lon="-108.420755"></trkpt>
      <trkpt lat="35.472765" lon="-108.418298"></trkpt>
      <trkpt lat="35.470298" lon="-108.415068"></trkpt>
      <trkpt lat="35.466925" lon="-108.410648"></trkpt>
      <trkpt lat="35.466471" lon="-108.410004"></trkpt>
      <trkpt lat="35.465903" lon="-108.409114"></trkpt>
      <trkpt lat="35.465579" lon="-108.408545"></trkpt>
      <trkpt lat="35.465282" lon="-108.407976"></trkpt>
      <trkpt lat="35.464942" lon="-108.407311"></trkpt>
      <trkpt lat="35.464566" lon="-108.406528"></trkpt>
      <trkpt lat="35.464129" lon="-108.405573"></trkpt>
      <trkpt lat="35.463775" lon="-108.404810"></trkpt>
      <trkpt lat="35.461350" lon="-108.399587"></trkpt>
      <trkpt lat="35.456896" lon="-108.390037"></trkpt>
      <trkpt lat="35.456876" lon="-108.389995"></trkpt>
      <trkpt lat="35.456246" lon="-108.388536"></trkpt>
      <trkpt lat="35.455818" lon="-108.387527"></trkpt>
      <trkpt lat="35.454228" lon="-108.383601"></trkpt>
      <trkpt lat="35.452698" lon="-108.379781"></trkpt>
      <trkpt lat="35.450501" lon="-108.374308"></trkpt>
      <trkpt lat="35.448538" lon="-108.369417"></trkpt>
      <trkpt lat="35.446911" lon="-108.365302"></trkpt>
      <trkpt lat="35.445861" lon="-108.362731"></trkpt>
      <trkpt lat="35.444746" lon="-108.360179"></trkpt>
      <trkpt lat="35.444308" lon="-108.359214"></trkpt>
      <trkpt lat="35.444017" lon="-108.358545"></trkpt>
      <trkpt lat="35.440715" lon="-108.350963"></trkpt>
      <trkpt lat="35.437081" lon="-108.342639"></trkpt>
      <trkpt lat="35.436345" lon="-108.340953"></trkpt>
      <trkpt lat="35.432079" lon="-108.331190"></trkpt>
      <trkpt lat="35.430339" lon="-108.327200"></trkpt>
      <trkpt lat="35.429613" lon="-108.325536"></trkpt>
      <trkpt lat="35.428870" lon="-108.324109"></trkpt>
      <trkpt lat="35.428302" lon="-108.323036"></trkpt>
      <trkpt lat="35.427952" lon="-108.322285"></trkpt>
      <trkpt lat="35.427393" lon="-108.321051"></trkpt>
      <trkpt lat="35.425017" lon="-108.315653"></trkpt>
      <trkpt lat="35.423677" lon="-108.312608"></trkpt>
      <trkpt lat="35.423282" lon="-108.311697"></trkpt>
      <trkpt lat="35.422296" lon="-108.309427"></trkpt>
      <trkpt lat="35.421492" lon="-108.307576"></trkpt>
      <trkpt lat="35.417164" lon="-108.297641"></trkpt>
      <trkpt lat="35.416525" lon="-108.296182"></trkpt>
      <trkpt lat="35.412713" lon="-108.287470"></trkpt>
      <trkpt lat="35.409606" lon="-108.280378"></trkpt>
      <trkpt lat="35.408149" lon="-108.277052"></trkpt>
      <trkpt lat="35.407571" lon="-108.275679"></trkpt>
      <trkpt lat="35.406951" lon="-108.274048"></trkpt>
      <trkpt lat="35.406409" lon="-108.272461"></trkpt>
      <trkpt lat="35.405927" lon="-108.270819"></trkpt>
      <trkpt lat="35.405604" lon="-108.269553"></trkpt>
      <trkpt lat="35.405324" lon="-108.268351"></trkpt>
      <trkpt lat="35.405088" lon="-108.267160"></trkpt>
      <trkpt lat="35.404773" lon="-108.265658"></trkpt>
      <trkpt lat="35.402867" lon="-108.256281"></trkpt>
      <trkpt lat="35.400980" lon="-108.247059"></trkpt>
      <trkpt lat="35.400968" lon="-108.247002"></trkpt>
      <trkpt lat="35.400930" lon="-108.246835"></trkpt>
      <trkpt lat="35.400903" lon="-108.246707"></trkpt>
      <trkpt lat="35.400644" lon="-108.245448"></trkpt>
      <trkpt lat="35.400400" lon="-108.244236"></trkpt>
      <trkpt lat="35.400191" lon="-108.243230"></trkpt>
      <trkpt lat="35.399961" lon="-108.242102"></trkpt>
      <trkpt lat="35.399728" lon="-108.240975"></trkpt>
      <trkpt lat="35.399482" lon="-108.239778"></trkpt>
      <trkpt lat="35.399227" lon="-108.238535"></trkpt>
      <trkpt lat="35.398999" lon="-108.237426"></trkpt>
      <trkpt lat="35.398774" lon="-108.236324"></trkpt>
      <trkpt lat="35.398531" lon="-108.235136"></trkpt>
      <trkpt lat="35.398295" lon="-108.234004"></trkpt>
      <trkpt lat="35.398063" lon="-108.232870"></trkpt>
      <trkpt lat="35.397657" lon="-108.230878"></trkpt>
      <trkpt lat="35.397409" lon="-108.229687"></trkpt>
      <trkpt lat="35.397268" lon="-108.228985"></trkpt>
      <trkpt lat="35.397075" lon="-108.228039"></trkpt>
      <trkpt lat="35.396835" lon="-108.226872"></trkpt>
      <trkpt lat="35.396592" lon="-108.225710"></trkpt>
      <trkpt lat="35.396358" lon="-108.224575"></trkpt>
      <trkpt lat="35.396279" lon="-108.224177"></trkpt>
      <trkpt lat="35.396169" lon="-108.223645"></trkpt>
      <trkpt lat="35.395939" lon="-108.222505"></trkpt>
      <trkpt lat="35.395680" lon="-108.221260"></trkpt>
      <trkpt lat="35.395408" lon="-108.219952"></trkpt>
      <trkpt lat="35.394487" lon="-108.215476"></trkpt>
      <trkpt lat="35.394389" lon="-108.214987"></trkpt>
      <trkpt lat="35.394139" lon="-108.213795"></trkpt>
      <trkpt lat="35.393878" lon="-108.212505"></trkpt>
      <trkpt lat="35.393499" lon="-108.210669"></trkpt>
      <trkpt lat="35.393267" lon="-108.209531"></trkpt>
      <trkpt lat="35.393005" lon="-108.208240"></trkpt>
      <trkpt lat="35.392959" lon="-108.208022"></trkpt>
      <trkpt lat="35.390894" lon="-108.198056"></trkpt>
      <trkpt lat="35.390327" lon="-108.195345"></trkpt>
      <trkpt lat="35.390019" lon="-108.193872"></trkpt>
      <trkpt lat="35.389783" lon="-108.192724"></trkpt>
      <trkpt lat="35.389591" lon="-108.191748"></trkpt>
      <trkpt lat="35.389433" lon="-108.190932"></trkpt>
      <trkpt lat="35.389337" lon="-108.190310"></trkpt>
      <trkpt lat="35.389223" lon="-108.189473"></trkpt>
      <trkpt lat="35.389162" lon="-108.188786"></trkpt>
      <trkpt lat="35.389118" lon="-108.188132"></trkpt>
      <trkpt lat="35.389083" lon="-108.187231"></trkpt>
      <trkpt lat="35.388713" lon="-108.177605"></trkpt>
      <trkpt lat="35.388672" lon="-108.176545"></trkpt>
      <trkpt lat="35.388244" lon="-108.165988"></trkpt>
      <trkpt lat="35.388209" lon="-108.165247"></trkpt>
      <trkpt lat="35.388161" lon="-108.164570"></trkpt>
      <trkpt lat="35.388079" lon="-108.163576"></trkpt>
      <trkpt lat="35.387982" lon="-108.162626"></trkpt>
      <trkpt lat="35.387821" lon="-108.161464"></trkpt>
      <trkpt lat="35.387684" lon="-108.160324"></trkpt>
      <trkpt lat="35.387623" lon="-108.159808"></trkpt>
      <trkpt lat="35.387570" lon="-108.159389"></trkpt>
      <trkpt lat="35.387098" lon="-108.156160"></trkpt>
      <trkpt lat="35.385186" lon="-108.142896"></trkpt>
      <trkpt lat="35.384462" lon="-108.137871"></trkpt>
      <trkpt lat="35.383473" lon="-108.131009"></trkpt>
      <trkpt lat="35.383343" lon="-108.130207"></trkpt>
      <trkpt lat="35.383216" lon="-108.129584"></trkpt>
      <trkpt lat="35.383095" lon="-108.129021"></trkpt>
      <trkpt lat="35.382905" lon="-108.128273"></trkpt>
      <trkpt lat="35.382676" lon="-108.127465"></trkpt>
      <trkpt lat="35.382433" lon="-108.126751"></trkpt>
      <trkpt lat="35.382094" lon="-108.125767"></trkpt>
      <trkpt lat="35.378998" lon="-108.116774"></trkpt>
      <trkpt lat="35.378438" lon="-108.115111"></trkpt>
      <trkpt lat="35.378097" lon="-108.114028"></trkpt>
      <trkpt lat="35.377826" lon="-108.113127"></trkpt>
      <trkpt lat="35.377563" lon="-108.112161"></trkpt>
      <trkpt lat="35.377397" lon="-108.111431"></trkpt>
      <trkpt lat="35.376946" lon="-108.109216"></trkpt>
      <trkpt lat="35.376584" lon="-108.107440"></trkpt>
      <trkpt lat="35.375341" lon="-108.100842"></trkpt>
      <trkpt lat="35.373648" lon="-108.091758"></trkpt>
      <trkpt lat="35.371536" lon="-108.080421"></trkpt>
      <trkpt lat="35.370432" lon="-108.074688"></trkpt>
      <trkpt lat="35.369760" lon="-108.071198"></trkpt>
      <trkpt lat="35.369567" lon="-108.070061"></trkpt>
      <trkpt lat="35.369340" lon="-108.068913"></trkpt>
      <trkpt lat="35.369191" lon="-108.068183"></trkpt>
      <trkpt lat="35.369060" lon="-108.067583"></trkpt>
      <trkpt lat="35.368876" lon="-108.066885"></trkpt>
      <trkpt lat="35.368658" lon="-108.066188"></trkpt>
      <trkpt lat="35.368378" lon="-108.065373"></trkpt>
      <trkpt lat="35.368019" lon="-108.064418"></trkpt>
      <trkpt lat="35.367651" lon="-108.063495"></trkpt>
      <trkpt lat="35.366330" lon="-108.060244"></trkpt>
      <trkpt lat="35.364584" lon="-108.055902"></trkpt>
      <trkpt lat="35.363225" lon="-108.052519"></trkpt>
      <trkpt lat="35.361555" lon="-108.048388"></trkpt>
      <trkpt lat="35.360311" lon="-108.045310"></trkpt>
      <trkpt lat="35.359019" lon="-108.042118"></trkpt>
      <trkpt lat="35.356006" lon="-108.034677"></trkpt>
      <trkpt lat="35.352520" lon="-108.026066"></trkpt>
      <trkpt lat="35.348314" lon="-108.015677"></trkpt>
      <trkpt lat="35.347990" lon="-108.014968"></trkpt>
      <trkpt lat="35.347780" lon="-108.014496"></trkpt>
      <trkpt lat="35.347430" lon="-108.013831"></trkpt>
      <trkpt lat="35.347054" lon="-108.013166"></trkpt>
      <trkpt lat="35.346722" lon="-108.012608"></trkpt>
      <trkpt lat="35.346363" lon="-108.012050"></trkpt>
      <trkpt lat="35.345943" lon="-108.011471"></trkpt>
      <trkpt lat="35.345514" lon="-108.010913"></trkpt>
      <trkpt lat="35.345379" lon="-108.010756"></trkpt>
      <trkpt lat="35.344884" lon="-108.010183"></trkpt>
      <trkpt lat="35.344289" lon="-108.009540"></trkpt>
      <trkpt lat="35.343807" lon="-108.009078"></trkpt>
      <trkpt lat="35.343028" lon="-108.008424"></trkpt>
      <trkpt lat="35.342162" lon="-108.007748"></trkpt>
      <trkpt lat="35.341278" lon="-108.007190"></trkpt>
      <trkpt lat="35.340482" lon="-108.006739"></trkpt>
      <trkpt lat="35.332816" lon="-108.002425"></trkpt>
      <trkpt lat="35.331581" lon="-108.001729"></trkpt>
      <trkpt lat="35.327012" lon="-107.999133"></trkpt>
      <trkpt lat="35.322644" lon="-107.996687"></trkpt>
      <trkpt lat="35.319598" lon="-107.994968"></trkpt>
      <trkpt lat="35.317908" lon="-107.994015"></trkpt>
      <trkpt lat="35.316025" lon="-107.992953"></trkpt>
      <trkpt lat="35.315675" lon="-107.992781"></trkpt>
      <trkpt lat="35.315334" lon="-107.992620"></trkpt>
      <trkpt lat="35.314966" lon="-107.992459"></trkpt>
      <trkpt lat="35.314520" lon="-107.992288"></trkpt>
      <trkpt lat="35.314143" lon="-107.992170"></trkpt>
      <trkpt lat="35.313740" lon="-107.992062"></trkpt>
      <trkpt lat="35.313206" lon="-107.991923"></trkpt>
      <trkpt lat="35.312532" lon="-107.991794"></trkpt>
      <trkpt lat="35.305862" lon="-107.990704"></trkpt>
      <trkpt lat="35.301624" lon="-107.990011"></trkpt>
      <trkpt lat="35.300484" lon="-107.989818"></trkpt>
      <trkpt lat="35.295310" lon="-107.988715"></trkpt>
      <trkpt lat="35.290677" lon="-107.987696"></trkpt>
      <trkpt lat="35.285983" lon="-107.986655"></trkpt>
      <trkpt lat="35.281604" lon="-107.985722"></trkpt>
      <trkpt lat="35.277786" lon="-107.984896"></trkpt>
      <trkpt lat="35.277383" lon="-107.984778"></trkpt>
      <trkpt lat="35.277360" lon="-107.984770"></trkpt>
      <trkpt lat="35.277006" lon="-107.984660"></trkpt>
      <trkpt lat="35.276586" lon="-107.984531"></trkpt>
      <trkpt lat="35.276174" lon="-107.984391"></trkpt>
      <trkpt lat="35.275815" lon="-107.984241"></trkpt>
      <trkpt lat="35.275333" lon="-107.984027"></trkpt>
      <trkpt lat="35.274808" lon="-107.983790"></trkpt>
      <trkpt lat="35.274247" lon="-107.983512"></trkpt>
      <trkpt lat="35.273511" lon="-107.983104"></trkpt>
      <trkpt lat="35.269009" lon="-107.980690"></trkpt>
      <trkpt lat="35.265041" lon="-107.978587"></trkpt>
      <trkpt lat="35.264410" lon="-107.978222"></trkpt>
      <trkpt lat="35.264165" lon="-107.978029"></trkpt>
      <trkpt lat="35.263933" lon="-107.977878"></trkpt>
      <trkpt lat="35.263009" lon="-107.977278"></trkpt>
      <trkpt lat="35.262404" lon="-107.976817"></trkpt>
      <trkpt lat="35.261361" lon="-107.976023"></trkpt>
      <trkpt lat="35.260923" lon="-107.975647"></trkpt>
      <trkpt lat="35.260407" lon="-107.975218"></trkpt>
      <trkpt lat="35.259732" lon="-107.974617"></trkpt>
      <trkpt lat="35.259180" lon="-107.974081"></trkpt>
      <trkpt lat="35.258339" lon="-107.973244"></trkpt>
      <trkpt lat="35.256841" lon="-107.971656"></trkpt>
      <trkpt lat="35.252399" lon="-107.966821"></trkpt>
      <trkpt lat="35.252276" lon="-107.966689"></trkpt>
      <trkpt lat="35.247642" lon="-107.961689"></trkpt>
      <trkpt lat="35.243762" lon="-107.958118"></trkpt>
      <trkpt lat="35.243275" lon="-107.957664"></trkpt>
      <trkpt lat="35.241718" lon="-107.956183"></trkpt>
      <trkpt lat="35.230039" lon="-107.945082"></trkpt>
      <trkpt lat="35.218707" lon="-107.934312"></trkpt>
      <trkpt lat="35.207178" lon="-107.923357"></trkpt>
      <trkpt lat="35.195702" lon="-107.912454"></trkpt>
      <trkpt lat="35.195575" lon="-107.912333"></trkpt>
      <trkpt lat="35.191020" lon="-107.908013"></trkpt>
      <trkpt lat="35.186334" lon="-107.903521"></trkpt>
      <trkpt lat="35.186163" lon="-107.903356"></trkpt>
      <trkpt lat="35.185733" lon="-107.902992"></trkpt>
      <trkpt lat="35.185233" lon="-107.902638"></trkpt>
      <trkpt lat="35.184821" lon="-107.902369"></trkpt>
      <trkpt lat="35.184479" lon="-107.902165"></trkpt>
      <trkpt lat="35.184093" lon="-107.901972"></trkpt>
      <trkpt lat="35.183707" lon="-107.901801"></trkpt>
      <trkpt lat="35.183260" lon="-107.901618"></trkpt>
      <trkpt lat="35.182604" lon="-107.901456"></trkpt>
      <trkpt lat="35.182059" lon="-107.901350"></trkpt>
      <trkpt lat="35.180208" lon="-107.901114"></trkpt>
      <trkpt lat="35.178547" lon="-107.900929"></trkpt>
      <trkpt lat="35.172588" lon="-107.900266"></trkpt>
      <trkpt lat="35.172105" lon="-107.900181"></trkpt>
      <trkpt lat="35.171667" lon="-107.900116"></trkpt>
      <trkpt lat="35.171176" lon="-107.900009"></trkpt>
      <trkpt lat="35.170772" lon="-107.899880"></trkpt>
      <trkpt lat="35.170308" lon="-107.899730"></trkpt>
      <trkpt lat="35.169967" lon="-107.899611"></trkpt>
      <trkpt lat="35.169659" lon="-107.899505"></trkpt>
      <trkpt lat="35.169115" lon="-107.899258"></trkpt>
      <trkpt lat="35.168422" lon="-107.898882"></trkpt>
      <trkpt lat="35.167957" lon="-107.898582"></trkpt>
      <trkpt lat="35.167510" lon="-107.898260"></trkpt>
      <trkpt lat="35.167168" lon="-107.898003"></trkpt>
      <trkpt lat="35.166764" lon="-107.897681"></trkpt>
      <trkpt lat="35.166326" lon="-107.897305"></trkpt>
      <trkpt lat="35.165852" lon="-107.896823"></trkpt>
      <trkpt lat="35.165370" lon="-107.896297"></trkpt>
      <trkpt lat="35.165010" lon="-107.895900"></trkpt>
      <trkpt lat="35.164694" lon="-107.895492"></trkpt>
      <trkpt lat="35.164335" lon="-107.894945"></trkpt>
      <trkpt lat="35.163984" lon="-107.894430"></trkpt>
      <trkpt lat="35.163554" lon="-107.893711"></trkpt>
      <trkpt lat="35.163221" lon="-107.893078"></trkpt>
      <trkpt lat="35.162861" lon="-107.892338"></trkpt>
      <trkpt lat="35.160064" lon="-107.886763"></trkpt>
      <trkpt lat="35.159739" lon="-107.886115"></trkpt>
      <trkpt lat="35.156394" lon="-107.879453"></trkpt>
      <trkpt lat="35.155802" lon="-107.878271"></trkpt>
      <trkpt lat="35.154782" lon="-107.876203"></trkpt>
      <trkpt lat="35.154458" lon="-107.875547"></trkpt>
      <trkpt lat="35.154011" lon="-107.874667"></trkpt>
      <trkpt lat="35.153441" lon="-107.873509"></trkpt>
      <trkpt lat="35.152449" lon="-107.871610"></trkpt>
      <trkpt lat="35.151756" lon="-107.870387"></trkpt>
      <trkpt lat="35.149900" lon="-107.867219"></trkpt>
      <trkpt lat="35.148836" lon="-107.865439"></trkpt>
      <trkpt lat="35.145792" lon="-107.859409"></trkpt>
      <trkpt lat="35.144222" lon="-107.856234"></trkpt>
      <trkpt lat="35.143379" lon="-107.854667"></trkpt>
      <trkpt lat="35.142687" lon="-107.853551"></trkpt>
      <trkpt lat="35.141759" lon="-107.852295"></trkpt>
      <trkpt lat="35.140680" lon="-107.851062"></trkpt>
      <trkpt lat="35.138600" lon="-107.848766"></trkpt>
      <trkpt lat="35.136644" lon="-107.846598"></trkpt>
      <trkpt lat="35.134380" lon="-107.844066"></trkpt>
      <trkpt lat="35.132906" lon="-107.842436"></trkpt>
      <trkpt lat="35.132073" lon="-107.841524"></trkpt>
      <trkpt lat="35.131195" lon="-107.840526"></trkpt>
      <trkpt lat="35.130362" lon="-107.839410"></trkpt>
      <trkpt lat="35.127263" lon="-107.834746"></trkpt>
      <trkpt lat="35.125097" lon="-107.831502"></trkpt>
      <trkpt lat="35.124011" lon="-107.829877"></trkpt>
      <trkpt lat="35.120075" lon="-107.823822"></trkpt>
      <trkpt lat="35.115864" lon="-107.817422"></trkpt>
      <trkpt lat="35.106839" lon="-107.803707"></trkpt>
      <trkpt lat="35.088795" lon="-107.776290"></trkpt>
      <trkpt lat="35.087766" lon="-107.774727"></trkpt>
      <trkpt lat="35.087081" lon="-107.773601"></trkpt>
      <trkpt lat="35.086093" lon="-107.772262"></trkpt>
      <trkpt lat="35.084535" lon="-107.770221"></trkpt>
      <trkpt lat="35.083060" lon="-107.768365"></trkpt>
      <trkpt lat="35.081887" lon="-107.766891"></trkpt>
      <trkpt lat="35.081234" lon="-107.766069"></trkpt>
      <trkpt lat="35.079215" lon="-107.763483"></trkpt>
      <trkpt lat="35.078944" lon="-107.763143"></trkpt>
      <trkpt lat="35.077204" lon="-107.760951"></trkpt>
      <trkpt lat="35.076642" lon="-107.760243"></trkpt>
      <trkpt lat="35.076230" lon="-107.759685"></trkpt>
      <trkpt lat="35.075834" lon="-107.759052"></trkpt>
      <trkpt lat="35.075492" lon="-107.758441"></trkpt>
      <trkpt lat="35.075158" lon="-107.757872"></trkpt>
      <trkpt lat="35.074877" lon="-107.757347"></trkpt>
      <trkpt lat="35.074614" lon="-107.756789"></trkpt>
      <trkpt lat="35.074342" lon="-107.756188"></trkpt>
      <trkpt lat="35.074122" lon="-107.755630"></trkpt>
      <trkpt lat="35.073982" lon="-107.755287"></trkpt>
      <trkpt lat="35.073595" lon="-107.754139"></trkpt>
      <trkpt lat="35.071759" lon="-107.748168"></trkpt>
      <trkpt lat="35.071084" lon="-107.745974"></trkpt>
      <trkpt lat="35.068186" lon="-107.736518"></trkpt>
      <trkpt lat="35.067799" lon="-107.735250"></trkpt>
      <trkpt lat="35.067589" lon="-107.734548"></trkpt>
      <trkpt lat="35.067466" lon="-107.734044"></trkpt>
      <trkpt lat="35.067326" lon="-107.733453"></trkpt>
      <trkpt lat="35.067212" lon="-107.732863"></trkpt>
      <trkpt lat="35.067089" lon="-107.732241"></trkpt>
      <trkpt lat="35.067023" lon="-107.731776"></trkpt>
      <trkpt lat="35.066992" lon="-107.731554"></trkpt>
      <trkpt lat="35.066922" lon="-107.730879"></trkpt>
      <trkpt lat="35.066825" lon="-107.729902"></trkpt>
      <trkpt lat="35.066764" lon="-107.728765"></trkpt>
      <trkpt lat="35.066184" lon="-107.721544"></trkpt>
      <trkpt lat="35.066096" lon="-107.720665"></trkpt>
      <trkpt lat="35.066008" lon="-107.719946"></trkpt>
      <trkpt lat="35.065886" lon="-107.719248"></trkpt>
      <trkpt lat="35.065745" lon="-107.718573"></trkpt>
      <trkpt lat="35.065596" lon="-107.717900"></trkpt>
      <trkpt lat="35.065566" lon="-107.717763"></trkpt>
      <trkpt lat="35.064795" lon="-107.714281"></trkpt>
      <trkpt lat="35.064334" lon="-107.712198"></trkpt>
      <trkpt lat="35.064254" lon="-107.711835"></trkpt>
      <trkpt lat="35.063479" lon="-107.708337"></trkpt>
      <trkpt lat="35.062654" lon="-107.704807"></trkpt>
      <trkpt lat="35.062355" lon="-107.703434"></trkpt>
      <trkpt lat="35.062180" lon="-107.702662"></trkpt>
      <trkpt lat="35.062039" lon="-107.701943"></trkpt>
      <trkpt lat="35.061951" lon="-107.701396"></trkpt>
      <trkpt lat="35.061837" lon="-107.700698"></trkpt>
      <trkpt lat="35.061793" lon="-107.699969"></trkpt>
      <trkpt lat="35.061758" lon="-107.699218"></trkpt>
      <trkpt lat="35.061758" lon="-107.698531"></trkpt>
      <trkpt lat="35.061793" lon="-107.697769"></trkpt>
      <trkpt lat="35.061840" lon="-107.697156"></trkpt>
      <trkpt lat="35.061855" lon="-107.696965"></trkpt>
      <trkpt lat="35.061916" lon="-107.696310"></trkpt>
      <trkpt lat="35.062039" lon="-107.695420"></trkpt>
      <trkpt lat="35.062197" lon="-107.694604"></trkpt>
      <trkpt lat="35.062382" lon="-107.693853"></trkpt>
      <trkpt lat="35.062610" lon="-107.693113"></trkpt>
      <trkpt lat="35.062832" lon="-107.692496"></trkpt>
      <trkpt lat="35.063066" lon="-107.691896"></trkpt>
      <trkpt lat="35.063299" lon="-107.691344"></trkpt>
      <trkpt lat="35.063615" lon="-107.690689"></trkpt>
      <trkpt lat="35.064033" lon="-107.689884"></trkpt>
      <trkpt lat="35.067377" lon="-107.684050"></trkpt>
      <trkpt lat="35.068047" lon="-107.682850"></trkpt>
      <trkpt lat="35.068378" lon="-107.682210"></trkpt>
      <trkpt lat="35.068663" lon="-107.681625"></trkpt>
      <trkpt lat="35.068750" lon="-107.681446"></trkpt>
      <trkpt lat="35.069085" lon="-107.680716"></trkpt>
      <trkpt lat="35.069407" lon="-107.679884"></trkpt>
      <trkpt lat="35.069661" lon="-107.679155"></trkpt>
      <trkpt lat="35.069871" lon="-107.678473"></trkpt>
      <trkpt lat="35.070065" lon="-107.677749"></trkpt>
      <trkpt lat="35.070258" lon="-107.676936"></trkpt>
      <trkpt lat="35.070528" lon="-107.675622"></trkpt>
      <trkpt lat="35.070809" lon="-107.674233"></trkpt>
      <trkpt lat="35.071866" lon="-107.668791"></trkpt>
      <trkpt lat="35.072689" lon="-107.664655"></trkpt>
      <trkpt lat="35.072998" lon="-107.663104"></trkpt>
      <trkpt lat="35.073283" lon="-107.661750"></trkpt>
      <trkpt lat="35.073818" lon="-107.659049"></trkpt>
      <trkpt lat="35.074089" lon="-107.657634"></trkpt>
      <trkpt lat="35.075008" lon="-107.652962"></trkpt>
      <trkpt lat="35.075282" lon="-107.651604"></trkpt>
      <trkpt lat="35.075501" lon="-107.650458"></trkpt>
      <trkpt lat="35.075661" lon="-107.649486"></trkpt>
      <trkpt lat="35.075867" lon="-107.647937"></trkpt>
      <trkpt lat="35.075894" lon="-107.647654"></trkpt>
      <trkpt lat="35.075948" lon="-107.647086"></trkpt>
      <trkpt lat="35.076045" lon="-107.646078"></trkpt>
      <trkpt lat="35.076151" lon="-107.644780"></trkpt>
      <trkpt lat="35.076177" lon="-107.642194"></trkpt>
      <trkpt lat="35.076133" lon="-107.640005"></trkpt>
      <trkpt lat="35.076028" lon="-107.634491"></trkpt>
      <trkpt lat="35.075894" lon="-107.629932"></trkpt>
      <trkpt lat="35.075738" lon="-107.624577"></trkpt>
      <trkpt lat="35.075492" lon="-107.614567"></trkpt>
      <trkpt lat="35.075435" lon="-107.612441"></trkpt>
      <trkpt lat="35.075220" lon="-107.604504"></trkpt>
      <trkpt lat="35.075059" lon="-107.598195"></trkpt>
      <trkpt lat="35.075044" lon="-107.597626"></trkpt>
      <trkpt lat="35.075018" lon="-107.597176"></trkpt>
      <trkpt lat="35.074956" lon="-107.593667"></trkpt>
      <trkpt lat="35.074891" lon="-107.591077"></trkpt>
      <trkpt lat="35.074833" lon="-107.588775"></trkpt>
      <trkpt lat="35.074719" lon="-107.584848"></trkpt>
      <trkpt lat="35.074473" lon="-107.575085"></trkpt>
      <trkpt lat="35.074299" lon="-107.567762"></trkpt>
      <trkpt lat="35.074264" lon="-107.566322"></trkpt>
      <trkpt lat="35.074217" lon="-107.564752"></trkpt>
      <trkpt lat="35.074154" lon="-107.562330"></trkpt>
      <trkpt lat="35.074112" lon="-107.560299"></trkpt>
      <trkpt lat="35.074062" lon="-107.558605"></trkpt>
      <trkpt lat="35.074006" lon="-107.556383"></trkpt>
      <trkpt lat="35.073996" lon="-107.555860"></trkpt>
      <trkpt lat="35.073929" lon="-107.553178"></trkpt>
      <trkpt lat="35.073881" lon="-107.551593"></trkpt>
      <trkpt lat="35.073811" lon="-107.548900"></trkpt>
      <trkpt lat="35.073613" lon="-107.541321"></trkpt>
      <trkpt lat="35.073595" lon="-107.540420"></trkpt>
      <trkpt lat="35.073560" lon="-107.539680"></trkpt>
      <trkpt lat="35.073494" lon="-107.538952"></trkpt>
      <trkpt lat="35.073369" lon="-107.538015"></trkpt>
      <trkpt lat="35.073179" lon="-107.537064"></trkpt>
      <trkpt lat="35.072980" lon="-107.536284"></trkpt>
      <trkpt lat="35.072762" lon="-107.535574"></trkpt>
      <trkpt lat="35.072546" lon="-107.534959"></trkpt>
      <trkpt lat="35.072277" lon="-107.534297"></trkpt>
      <trkpt lat="35.072083" lon="-107.533865"></trkpt>
      <trkpt lat="35.071724" lon="-107.533134"></trkpt>
      <trkpt lat="35.071455" lon="-107.532634"></trkpt>
      <trkpt lat="35.070886" lon="-107.531728"></trkpt>
      <trkpt lat="35.070545" lon="-107.531234"></trkpt>
      <trkpt lat="35.070281" lon="-107.530892"></trkpt>
      <trkpt lat="35.069997" lon="-107.530543"></trkpt>
      <trkpt lat="35.069503" lon="-107.530032"></trkpt>
      <trkpt lat="35.069092" lon="-107.529631"></trkpt>
      <trkpt lat="35.068528" lon="-107.529123"></trkpt>
      <trkpt lat="35.068201" lon="-107.528820"></trkpt>
      <trkpt lat="35.067863" lon="-107.528558"></trkpt>
      <trkpt lat="35.067401" lon="-107.528256"></trkpt>
      <trkpt lat="35.066961" lon="-107.527977"></trkpt>
      <trkpt lat="35.066750" lon="-107.527852"></trkpt>
      <trkpt lat="35.066555" lon="-107.527737"></trkpt>
      <trkpt lat="35.066063" lon="-107.527511"></trkpt>
      <trkpt lat="35.065421" lon="-107.527224"></trkpt>
      <trkpt lat="35.064890" lon="-107.527018"></trkpt>
      <trkpt lat="35.063649" lon="-107.526478"></trkpt>
      <trkpt lat="35.062214" lon="-107.525855"></trkpt>
      <trkpt lat="35.060938" lon="-107.525304"></trkpt>
      <trkpt lat="35.060186" lon="-107.524976"></trkpt>
      <trkpt lat="35.059685" lon="-107.524738"></trkpt>
      <trkpt lat="35.059108" lon="-107.524430"></trkpt>
      <trkpt lat="35.058416" lon="-107.523961"></trkpt>
      <trkpt lat="35.057680" lon="-107.523423"></trkpt>
      <trkpt lat="35.056811" lon="-107.522722"></trkpt>
      <trkpt lat="35.055838" lon="-107.521802"></trkpt>
      <trkpt lat="35.055049" lon="-107.520937"></trkpt>
      <trkpt lat="35.054352" lon="-107.520047"></trkpt>
      <trkpt lat="35.054205" lon="-107.519833"></trkpt>
      <trkpt lat="35.053534" lon="-107.518865"></trkpt>
      <trkpt lat="35.052706" lon="-107.517482"></trkpt>
      <trkpt lat="35.052083" lon="-107.516293"></trkpt>
      <trkpt lat="35.049503" lon="-107.511417"></trkpt>
      <trkpt lat="35.046949" lon="-107.506769"></trkpt>
      <trkpt lat="35.046547" lon="-107.506020"></trkpt>
      <trkpt lat="35.045941" lon="-107.504865"></trkpt>
      <trkpt lat="35.045630" lon="-107.504271"></trkpt>
      <trkpt lat="35.044119" lon="-107.501460"></trkpt>
      <trkpt lat="35.042796" lon="-107.499031"></trkpt>
      <trkpt lat="35.042659" lon="-107.498777"></trkpt>
      <trkpt lat="35.040799" lon="-107.495355"></trkpt>
      <trkpt lat="35.039929" lon="-107.493521"></trkpt>
      <trkpt lat="35.039314" lon="-107.492169"></trkpt>
      <trkpt lat="35.038875" lon="-107.491096"></trkpt>
      <trkpt lat="35.038469" lon="-107.490094"></trkpt>
      <trkpt lat="35.038453" lon="-107.490055"></trkpt>
      <trkpt lat="35.038049" lon="-107.488918"></trkpt>
      <trkpt lat="35.037654" lon="-107.487588"></trkpt>
      <trkpt lat="35.037241" lon="-107.486161"></trkpt>
      <trkpt lat="35.035800" lon="-107.481011"></trkpt>
      <trkpt lat="35.034746" lon="-107.477342"></trkpt>
      <trkpt lat="35.033630" lon="-107.473404"></trkpt>
      <trkpt lat="35.033601" lon="-107.473299"></trkpt>
      <trkpt lat="35.032734" lon="-107.470299"></trkpt>
      <trkpt lat="35.030828" lon="-107.463384"></trkpt>
      <trkpt lat="35.029106" lon="-107.457279"></trkpt>
      <trkpt lat="35.028859" lon="-107.456380"></trkpt>
      <trkpt lat="35.028632" lon="-107.455551"></trkpt>
      <trkpt lat="35.028298" lon="-107.454243"></trkpt>
      <trkpt lat="35.028069" lon="-107.453159"></trkpt>
      <trkpt lat="35.027902" lon="-107.452333"></trkpt>
      <trkpt lat="35.027718" lon="-107.451378"></trkpt>
      <trkpt lat="35.027551" lon="-107.450316"></trkpt>
      <trkpt lat="35.027410" lon="-107.449211"></trkpt>
      <trkpt lat="35.027305" lon="-107.448181"></trkpt>
      <trkpt lat="35.027182" lon="-107.446797"></trkpt>
      <trkpt lat="35.027112" lon="-107.445284"></trkpt>
      <trkpt lat="35.027059" lon="-107.444039"></trkpt>
      <trkpt lat="35.026959" lon="-107.438969"></trkpt>
      <trkpt lat="35.026901" lon="-107.436004"></trkpt>
      <trkpt lat="35.026690" lon="-107.426616"></trkpt>
      <trkpt lat="35.026584" lon="-107.421358"></trkpt>
      <trkpt lat="35.026488" lon="-107.416617"></trkpt>
      <trkpt lat="35.026268" lon="-107.405855"></trkpt>
      <trkpt lat="35.026207" lon="-107.403566"></trkpt>
      <trkpt lat="35.026204" lon="-107.403452"></trkpt>
      <trkpt lat="35.026172" lon="-107.402251"></trkpt>
      <trkpt lat="35.026163" lon="-107.401907"></trkpt>
      <trkpt lat="35.026110" lon="-107.399064"></trkpt>
      <trkpt lat="35.026093" lon="-107.397659"></trkpt>
      <trkpt lat="35.026084" lon="-107.396951"></trkpt>
      <trkpt lat="35.026119" lon="-107.396221"></trkpt>
      <trkpt lat="35.026189" lon="-107.395416"></trkpt>
      <trkpt lat="35.026259" lon="-107.394730"></trkpt>
      <trkpt lat="35.026356" lon="-107.394043"></trkpt>
      <trkpt lat="35.026488" lon="-107.393249"></trkpt>
      <trkpt lat="35.026637" lon="-107.392541"></trkpt>
      <trkpt lat="35.026795" lon="-107.391876"></trkpt>
      <trkpt lat="35.027033" lon="-107.391103"></trkpt>
      <trkpt lat="35.027244" lon="-107.390374"></trkpt>
      <trkpt lat="35.027454" lon="-107.389773"></trkpt>
      <trkpt lat="35.027674" lon="-107.389161"></trkpt>
      <trkpt lat="35.027990" lon="-107.388378"></trkpt>
      <trkpt lat="35.028333" lon="-107.387681"></trkpt>
      <trkpt lat="35.028865" lon="-107.386599"></trkpt>
      <trkpt lat="35.029765" lon="-107.384773"></trkpt>
      <trkpt lat="35.032330" lon="-107.379420"></trkpt>
      <trkpt lat="35.035141" lon="-107.373787"></trkpt>
      <trkpt lat="35.036270" lon="-107.371458"></trkpt>
      <trkpt lat="35.036696" lon="-107.370579"></trkpt>
      <trkpt lat="35.037505" lon="-107.368970"></trkpt>
      <trkpt lat="35.037944" lon="-107.368069"></trkpt>
      <trkpt lat="35.038182" lon="-107.367475"></trkpt>
      <trkpt lat="35.038392" lon="-107.366953"></trkpt>
      <trkpt lat="35.038567" lon="-107.366341"></trkpt>
      <trkpt lat="35.038726" lon="-107.365579"></trkpt>
      <trkpt lat="35.038822" lon="-107.364850"></trkpt>
      <trkpt lat="35.038910" lon="-107.364142"></trkpt>
      <trkpt lat="35.038919" lon="-107.363509"></trkpt>
      <trkpt lat="35.038901" lon="-107.362768"></trkpt>
      <trkpt lat="35.038857" lon="-107.362146"></trkpt>
      <trkpt lat="35.038726" lon="-107.361309"></trkpt>
      <trkpt lat="35.038348" lon="-107.359496"></trkpt>
      <trkpt lat="35.037993" lon="-107.357750"></trkpt>
      <trkpt lat="35.037490" lon="-107.355282"></trkpt>
      <trkpt lat="35.036951" lon="-107.352630"></trkpt>
      <trkpt lat="35.035598" lon="-107.346032"></trkpt>
      <trkpt lat="35.035176" lon="-107.344014"></trkpt>
      <trkpt lat="35.034948" lon="-107.343124"></trkpt>
      <trkpt lat="35.034667" lon="-107.342287"></trkpt>
      <trkpt lat="35.034254" lon="-107.341450"></trkpt>
      <trkpt lat="35.033885" lon="-107.340817"></trkpt>
      <trkpt lat="35.033446" lon="-107.340238"></trkpt>
      <trkpt lat="35.032928" lon="-107.339691"></trkpt>
      <trkpt lat="35.032400" lon="-107.339229"></trkpt>
      <trkpt lat="35.032244" lon="-107.339116"></trkpt>
      <trkpt lat="35.031071" lon="-107.338273"></trkpt>
      <trkpt lat="35.030476" lon="-107.337845"></trkpt>
      <trkpt lat="35.028394" lon="-107.336408"></trkpt>
      <trkpt lat="35.025952" lon="-107.334702"></trkpt>
      <trkpt lat="35.023826" lon="-107.333200"></trkpt>
      <trkpt lat="35.021427" lon="-107.331505"></trkpt>
      <trkpt lat="35.019984" lon="-107.330498"></trkpt>
      <trkpt lat="35.019933" lon="-107.330464"></trkpt>
      <trkpt lat="35.019037" lon="-107.329842"></trkpt>
      <trkpt lat="35.018185" lon="-107.329209"></trkpt>
      <trkpt lat="35.017649" lon="-107.328780"></trkpt>
      <trkpt lat="35.017043" lon="-107.328254"></trkpt>
      <trkpt lat="35.016498" lon="-107.327707"></trkpt>
      <trkpt lat="35.015962" lon="-107.327117"></trkpt>
      <trkpt lat="35.015189" lon="-107.326172"></trkpt>
      <trkpt lat="35.013774" lon="-107.324445"></trkpt>
      <trkpt lat="35.012456" lon="-107.322846"></trkpt>
      <trkpt lat="35.011410" lon="-107.321580"></trkpt>
      <trkpt lat="35.009705" lon="-107.319531"></trkpt>
      <trkpt lat="35.009116" lon="-107.318812"></trkpt>
      <trkpt lat="35.006999" lon="-107.316227"></trkpt>
      <trkpt lat="35.002517" lon="-107.310787"></trkpt>
      <trkpt lat="35.000936" lon="-107.308887"></trkpt>
      <trkpt lat="35.000068" lon="-107.307804"></trkpt>
      <trkpt lat="34.999363" lon="-107.306908"></trkpt>
      <trkpt lat="34.998740" lon="-107.306156"></trkpt>
      <trkpt lat="34.998275" lon="-107.305596"></trkpt>
      <trkpt lat="34.997655" lon="-107.304802"></trkpt>
      <trkpt lat="34.997227" lon="-107.304196"></trkpt>
      <trkpt lat="34.996849" lon="-107.303598"></trkpt>
      <trkpt lat="34.996438" lon="-107.302922"></trkpt>
      <trkpt lat="34.996008" lon="-107.302147"></trkpt>
      <trkpt lat="34.995539" lon="-107.301228"></trkpt>
      <trkpt lat="34.995214" lon="-107.300477"></trkpt>
      <trkpt lat="34.994915" lon="-107.299661"></trkpt>
      <trkpt lat="34.994669" lon="-107.298953"></trkpt>
      <trkpt lat="34.994440" lon="-107.298213"></trkpt>
      <trkpt lat="34.994256" lon="-107.297516"></trkpt>
      <trkpt lat="34.994097" lon="-107.296818"></trkpt>
      <trkpt lat="34.993957" lon="-107.296175"></trkpt>
      <trkpt lat="34.993860" lon="-107.295520"></trkpt>
      <trkpt lat="34.993755" lon="-107.294769"></trkpt>
      <trkpt lat="34.993667" lon="-107.293922"></trkpt>
      <trkpt lat="34.993614" lon="-107.293181"></trkpt>
      <trkpt lat="34.993588" lon="-107.292591"></trkpt>
      <trkpt lat="34.993579" lon="-107.291819"></trkpt>
      <trkpt lat="34.993570" lon="-107.290724"></trkpt>
      <trkpt lat="34.993517" lon="-107.286004"></trkpt>
      <trkpt lat="34.993508" lon="-107.285296"></trkpt>
      <trkpt lat="34.993368" lon="-107.274138"></trkpt>
      <trkpt lat="34.993345" lon="-107.272398"></trkpt>
      <trkpt lat="34.993227" lon="-107.263484"></trkpt>
      <trkpt lat="34.993158" lon="-107.257761"></trkpt>
      <trkpt lat="34.993142" lon="-107.256887"></trkpt>
      <trkpt lat="34.993114" lon="-107.255202"></trkpt>
      <trkpt lat="34.993069" lon="-107.252540"></trkpt>
      <trkpt lat="34.992955" lon="-107.243550"></trkpt>
      <trkpt lat="34.992870" lon="-107.237289"></trkpt>
      <trkpt lat="34.992867" lon="-107.237091"></trkpt>
      <trkpt lat="34.992841" lon="-107.235889"></trkpt>
      <trkpt lat="34.992797" lon="-107.234934"></trkpt>
      <trkpt lat="34.992718" lon="-107.234055"></trkpt>
      <trkpt lat="34.992630" lon="-107.233196"></trkpt>
      <trkpt lat="34.992533" lon="-107.232231"></trkpt>
      <trkpt lat="34.992366" lon="-107.231040"></trkpt>
      <trkpt lat="34.992208" lon="-107.229946"></trkpt>
      <trkpt lat="34.991135" lon="-107.223068"></trkpt>
      <trkpt lat="34.990688" lon="-107.220187"></trkpt>
      <trkpt lat="34.990662" lon="-107.220016"></trkpt>
      <trkpt lat="34.989509" lon="-107.212586"></trkpt>
      <trkpt lat="34.987980" lon="-107.202523"></trkpt>
      <trkpt lat="34.987966" lon="-107.202430"></trkpt>
      <trkpt lat="34.986468" lon="-107.192652"></trkpt>
      <trkpt lat="34.985317" lon="-107.185199"></trkpt>
      <trkpt lat="34.984886" lon="-107.182406"></trkpt>
      <trkpt lat="34.984659" lon="-107.180853"></trkpt>
      <trkpt lat="34.984135" lon="-107.177276"></trkpt>
      <trkpt lat="34.984004" lon="-107.176374"></trkpt>
      <trkpt lat="34.983806" lon="-107.175097"></trkpt>
      <trkpt lat="34.983664" lon="-107.174185"></trkpt>
      <trkpt lat="34.983343" lon="-107.172100"></trkpt>
      <trkpt lat="34.983189" lon="-107.171082"></trkpt>
      <trkpt lat="34.982610" lon="-107.167324"></trkpt>
      <trkpt lat="34.982395" lon="-107.165923"></trkpt>
      <trkpt lat="34.982165" lon="-107.164425"></trkpt>
      <trkpt lat="34.981807" lon="-107.162096"></trkpt>
      <trkpt lat="34.980897" lon="-107.156183"></trkpt>
      <trkpt lat="34.980307" lon="-107.152330"></trkpt>
      <trkpt lat="34.979954" lon="-107.150040"></trkpt>
      <trkpt lat="34.979669" lon="-107.148194"></trkpt>
      <trkpt lat="34.978440" lon="-107.140212"></trkpt>
      <trkpt lat="34.978197" lon="-107.138635"></trkpt>
      <trkpt lat="34.978047" lon="-107.137639"></trkpt>
      <trkpt lat="34.977952" lon="-107.136877"></trkpt>
      <trkpt lat="34.977887" lon="-107.136201"></trkpt>
      <trkpt lat="34.977837" lon="-107.135320"></trkpt>
      <trkpt lat="34.977811" lon="-107.134117"></trkpt>
      <trkpt lat="34.977837" lon="-107.133257"></trkpt>
      <trkpt lat="34.977855" lon="-107.132973"></trkpt>
      <trkpt lat="34.977883" lon="-107.132536"></trkpt>
      <trkpt lat="34.977932" lon="-107.131973"></trkpt>
      <trkpt lat="34.978074" lon="-107.130816"></trkpt>
      <trkpt lat="34.978239" lon="-107.129859"></trkpt>
      <trkpt lat="34.978424" lon="-107.129027"></trkpt>
      <trkpt lat="34.978716" lon="-107.127922"></trkpt>
      <trkpt lat="34.980797" lon="-107.121370"></trkpt>
      <trkpt lat="34.981819" lon="-107.118174"></trkpt>
      <trkpt lat="34.982593" lon="-107.115767"></trkpt>
      <trkpt lat="34.982854" lon="-107.114955"></trkpt>
      <trkpt lat="34.987599" lon="-107.100066"></trkpt>
      <trkpt lat="34.987613" lon="-107.100022"></trkpt>
      <trkpt lat="34.990392" lon="-107.091351"></trkpt>
      <trkpt lat="34.992727" lon="-107.084064"></trkpt>
      <trkpt lat="34.992830" lon="-107.083752"></trkpt>
      <trkpt lat="34.993342" lon="-107.082192"></trkpt>
      <trkpt lat="34.994539" lon="-107.078340"></trkpt>
      <trkpt lat="34.995622" lon="-107.074942"></trkpt>
      <trkpt lat="34.996684" lon="-107.071635"></trkpt>
      <trkpt lat="34.997682" lon="-107.068480"></trkpt>
      <trkpt lat="34.997977" lon="-107.067537"></trkpt>
      <trkpt lat="34.998716" lon="-107.065232"></trkpt>
      <trkpt lat="34.999784" lon="-107.061900"></trkpt>
      <trkpt lat="35.000754" lon="-107.058753"></trkpt>
      <trkpt lat="35.001766" lon="-107.055597"></trkpt>
      <trkpt lat="35.002290" lon="-107.054062"></trkpt>
      <trkpt lat="35.002557" lon="-107.053281"></trkpt>
      <trkpt lat="35.003266" lon="-107.050897"></trkpt>
      <trkpt lat="35.003719" lon="-107.049419"></trkpt>
      <trkpt lat="35.004532" lon="-107.046960"></trkpt>
      <trkpt lat="35.005182" lon="-107.044971"></trkpt>
      <trkpt lat="35.006445" lon="-107.040975"></trkpt>
      <trkpt lat="35.007099" lon="-107.038927"></trkpt>
      <trkpt lat="35.007634" lon="-107.037267"></trkpt>
      <trkpt lat="35.007758" lon="-107.036866"></trkpt>
      <trkpt lat="35.008244" lon="-107.035376"></trkpt>
      <trkpt lat="35.008512" lon="-107.034524"></trkpt>
      <trkpt lat="35.009284" lon="-107.032077"></trkpt>
      <trkpt lat="35.011744" lon="-107.024379"></trkpt>
      <trkpt lat="35.012466" lon="-107.022045"></trkpt>
      <trkpt lat="35.013010" lon="-107.020358"></trkpt>
      <trkpt lat="35.013722" lon="-107.018100"></trkpt>
      <trkpt lat="35.014537" lon="-107.015513"></trkpt>
      <trkpt lat="35.014996" lon="-107.014136"></trkpt>
      <trkpt lat="35.015667" lon="-107.012071"></trkpt>
      <trkpt lat="35.016268" lon="-107.010148"></trkpt>
      <trkpt lat="35.017915" lon="-107.004909"></trkpt>
      <trkpt lat="35.018316" lon="-107.003691"></trkpt>
      <trkpt lat="35.018500" lon="-107.003106"></trkpt>
      <trkpt lat="35.018876" lon="-107.001920"></trkpt>
      <trkpt lat="35.019169" lon="-107.000990"></trkpt>
      <trkpt lat="35.019619" lon="-106.999563"></trkpt>
      <trkpt lat="35.019794" lon="-106.999006"></trkpt>
      <trkpt lat="35.020233" lon="-106.997477"></trkpt>
      <trkpt lat="35.020461" lon="-106.996460"></trkpt>
      <trkpt lat="35.022212" lon="-106.988771"></trkpt>
      <trkpt lat="35.022775" lon="-106.986207"></trkpt>
      <trkpt lat="35.023121" lon="-106.984734"></trkpt>
      <trkpt lat="35.023422" lon="-106.983451"></trkpt>
      <trkpt lat="35.023781" lon="-106.981886"></trkpt>
      <trkpt lat="35.024084" lon="-106.980568"></trkpt>
      <trkpt lat="35.024817" lon="-106.977332"></trkpt>
      <trkpt lat="35.025508" lon="-106.974138"></trkpt>
      <trkpt lat="35.026361" lon="-106.970440"></trkpt>
      <trkpt lat="35.027010" lon="-106.967634"></trkpt>
      <trkpt lat="35.027109" lon="-106.967120"></trkpt>
      <trkpt lat="35.027798" lon="-106.964085"></trkpt>
      <trkpt lat="35.028310" lon="-106.961909"></trkpt>
      <trkpt lat="35.029245" lon="-106.957830"></trkpt>
      <trkpt lat="35.029869" lon="-106.955083"></trkpt>
      <trkpt lat="35.030089" lon="-106.954111"></trkpt>
      <trkpt lat="35.030571" lon="-106.951985"></trkpt>
      <trkpt lat="35.030855" lon="-106.950734"></trkpt>
      <trkpt lat="35.031138" lon="-106.949483"></trkpt>
      <trkpt lat="35.031865" lon="-106.946306"></trkpt>
      <trkpt lat="35.032739" lon="-106.942388"></trkpt>
      <trkpt lat="35.032968" lon="-106.941396"></trkpt>
      <trkpt lat="35.033867" lon="-106.937556"></trkpt>
      <trkpt lat="35.034766" lon="-106.933622"></trkpt>
      <trkpt lat="35.035192" lon="-106.931756"></trkpt>
      <trkpt lat="35.037608" lon="-106.921186"></trkpt>
      <trkpt lat="35.038632" lon="-106.916645"></trkpt>
      <trkpt lat="35.039558" lon="-106.912541"></trkpt>
      <trkpt lat="35.042502" lon="-106.899500"></trkpt>
      <trkpt lat="35.046327" lon="-106.882552"></trkpt>
      <trkpt lat="35.047734" lon="-106.876288"></trkpt>
      <trkpt lat="35.049829" lon="-106.866777"></trkpt>
      <trkpt lat="35.050136" lon="-106.865536"></trkpt>
      <trkpt lat="35.050338" lon="-106.864724"></trkpt>
      <trkpt lat="35.050581" lon="-106.863678"></trkpt>
      <trkpt lat="35.050659" lon="-106.863347"></trkpt>
      <trkpt lat="35.050808" lon="-106.862647"></trkpt>
      <trkpt lat="35.050881" lon="-106.862241"></trkpt>
      <trkpt lat="35.050921" lon="-106.861971"></trkpt>
      <trkpt lat="35.051621" lon="-106.857397"></trkpt>
      <trkpt lat="35.052259" lon="-106.853230"></trkpt>
      <trkpt lat="35.053016" lon="-106.848335"></trkpt>
      <trkpt lat="35.054798" lon="-106.836640"></trkpt>
      <trkpt lat="35.055686" lon="-106.830883"></trkpt>
      <trkpt lat="35.057746" lon="-106.817520"></trkpt>
      <trkpt lat="35.058328" lon="-106.813759"></trkpt>
      <trkpt lat="35.059512" lon="-106.806102"></trkpt>
      <trkpt lat="35.060067" lon="-106.802348"></trkpt>
      <trkpt lat="35.060378" lon="-106.800216"></trkpt>
      <trkpt lat="35.060701" lon="-106.798253"></trkpt>
      <trkpt lat="35.060815" lon="-106.797631"></trkpt>
      <trkpt lat="35.060941" lon="-106.797010"></trkpt>
      <trkpt lat="35.061095" lon="-106.796338"></trkpt>
      <trkpt lat="35.061109" lon="-106.796285"></trkpt>
      <trkpt lat="35.061277" lon="-106.795640"></trkpt>
      <trkpt lat="35.061491" lon="-106.794955"></trkpt>
      <trkpt lat="35.061589" lon="-106.794648"></trkpt>
      <trkpt lat="35.061731" lon="-106.794242"></trkpt>
      <trkpt lat="35.061897" lon="-106.793790"></trkpt>
      <trkpt lat="35.062006" lon="-106.793517"></trkpt>
      <trkpt lat="35.062128" lon="-106.793218"></trkpt>
      <trkpt lat="35.062267" lon="-106.792892"></trkpt>
      <trkpt lat="35.062394" lon="-106.792607"></trkpt>
      <trkpt lat="35.062515" lon="-106.792347"></trkpt>
      <trkpt lat="35.062732" lon="-106.791893"></trkpt>
      <trkpt lat="35.062960" lon="-106.791434"></trkpt>
      <trkpt lat="35.063337" lon="-106.790685"></trkpt>
      <trkpt lat="35.065048" lon="-106.787302"></trkpt>
      <trkpt lat="35.066645" lon="-106.784113"></trkpt>
      <trkpt lat="35.067615" lon="-106.782185"></trkpt>
      <trkpt lat="35.067979" lon="-106.781462"></trkpt>
      <trkpt lat="35.068145" lon="-106.781132"></trkpt>
      <trkpt lat="35.068435" lon="-106.780557"></trkpt>
      <trkpt lat="35.073410" lon="-106.770693"></trkpt>
      <trkpt lat="35.073874" lon="-106.769773"></trkpt>
      <trkpt lat="35.075494" lon="-106.766560"></trkpt>
      <trkpt lat="35.075890" lon="-106.765776"></trkpt>
      <trkpt lat="35.077043" lon="-106.763490"></trkpt>
      <trkpt lat="35.077169" lon="-106.763240"></trkpt>
      <trkpt lat="35.077786" lon="-106.762016"></trkpt>
      <trkpt lat="35.078812" lon="-106.759982"></trkpt>
      <trkpt lat="35.080492" lon="-106.756650"></trkpt>
      <trkpt lat="35.081459" lon="-106.754699"></trkpt>
      <trkpt lat="35.082147" lon="-106.753309"></trkpt>
      <trkpt lat="35.083320" lon="-106.750997"></trkpt>
      <trkpt lat="35.085216" lon="-106.747248"></trkpt>
      <trkpt lat="35.085417" lon="-106.746798"></trkpt>
      <trkpt lat="35.086628" lon="-106.744392"></trkpt>
      <trkpt lat="35.087733" lon="-106.742252"></trkpt>
      <trkpt lat="35.088088" lon="-106.741482"></trkpt>
      <trkpt lat="35.088438" lon="-106.740793"></trkpt>
      <trkpt lat="35.089884" lon="-106.737946"></trkpt>
      <trkpt lat="35.090172" lon="-106.737380"></trkpt>
      <trkpt lat="35.090247" lon="-106.737232"></trkpt>
      <trkpt lat="35.091169" lon="-106.735382"></trkpt>
      <trkpt lat="35.091273" lon="-106.735176"></trkpt>
      <trkpt lat="35.093462" lon="-106.730856"></trkpt>
      <trkpt lat="35.093908" lon="-106.729923"></trkpt>
      <trkpt lat="35.094882" lon="-106.728029"></trkpt>
      <trkpt lat="35.095771" lon="-106.726210"></trkpt>
      <trkpt lat="35.097585" lon="-106.722618"></trkpt>
      <trkpt lat="35.098347" lon="-106.721105"></trkpt>
      <trkpt lat="35.099691" lon="-106.718428"></trkpt>
      <trkpt lat="35.100648" lon="-106.716525"></trkpt>
      <trkpt lat="35.100788" lon="-106.716246"></trkpt>
      <trkpt lat="35.101436" lon="-106.714958"></trkpt>
      <trkpt lat="35.103290" lon="-106.711269"></trkpt>
      <trkpt lat="35.103382" lon="-106.711086"></trkpt>
      <trkpt lat="35.103588" lon="-106.710677"></trkpt>
      <trkpt lat="35.103995" lon="-106.709841"></trkpt>
      <trkpt lat="35.105247" lon="-106.707355"></trkpt>
      <trkpt lat="35.105717" lon="-106.706432"></trkpt>
      <trkpt lat="35.105912" lon="-106.706023"></trkpt>
      <trkpt lat="35.106134" lon="-106.705495"></trkpt>
      <trkpt lat="35.106374" lon="-106.704791"></trkpt>
      <trkpt lat="35.106537" lon="-106.704170"></trkpt>
      <trkpt lat="35.106662" lon="-106.703605"></trkpt>
      <trkpt lat="35.106775" lon="-106.702937"></trkpt>
      <trkpt lat="35.106849" lon="-106.702330"></trkpt>
      <trkpt lat="35.106903" lon="-106.701556"></trkpt>
      <trkpt lat="35.106921" lon="-106.700908"></trkpt>
      <trkpt lat="35.106925" lon="-106.700505"></trkpt>
      <trkpt lat="35.106913" lon="-106.699999"></trkpt>
      <trkpt lat="35.106712" lon="-106.697502"></trkpt>
      <trkpt lat="35.106621" lon="-106.696372"></trkpt>
      <trkpt lat="35.106435" lon="-106.694389"></trkpt>
      <trkpt lat="35.106119" lon="-106.690615"></trkpt>
      <trkpt lat="35.106079" lon="-106.690134"></trkpt>
      <trkpt lat="35.105650" lon="-106.684539"></trkpt>
      <trkpt lat="35.105616" lon="-106.684084"></trkpt>
      <trkpt lat="35.105422" lon="-106.681557"></trkpt>
      <trkpt lat="35.105140" lon="-106.678255"></trkpt>
      <trkpt lat="35.105071" lon="-106.677499"></trkpt>
      <trkpt lat="35.105054" lon="-106.677315"></trkpt>
      <trkpt lat="35.104889" lon="-106.675740"></trkpt>
      <trkpt lat="35.104828" lon="-106.674067"></trkpt>
      <trkpt lat="35.104812" lon="-106.673381"></trkpt>
      <trkpt lat="35.104819" lon="-106.673040"></trkpt>
      <trkpt lat="35.104823" lon="-106.672828"></trkpt>
      <trkpt lat="35.104907" lon="-106.671750"></trkpt>
      <trkpt lat="35.104978" lon="-106.671080"></trkpt>
      <trkpt lat="35.104980" lon="-106.671063"></trkpt>
      <trkpt lat="35.105102" lon="-106.670383"></trkpt>
      <trkpt lat="35.105768" lon="-106.666899"></trkpt>
      <trkpt lat="35.105832" lon="-106.666581"></trkpt>
      <trkpt lat="35.105923" lon="-106.666128"></trkpt>
      <trkpt lat="35.106013" lon="-106.665529"></trkpt>
      <trkpt lat="35.106071" lon="-106.665199"></trkpt>
      <trkpt lat="35.106131" lon="-106.664766"></trkpt>
      <trkpt lat="35.106164" lon="-106.664474"></trkpt>
      <trkpt lat="35.106212" lon="-106.664043"></trkpt>
      <trkpt lat="35.106221" lon="-106.663916"></trkpt>
      <trkpt lat="35.106243" lon="-106.663609"></trkpt>
      <trkpt lat="35.106253" lon="-106.663261"></trkpt>
      <trkpt lat="35.106244" lon="-106.662686"></trkpt>
      <trkpt lat="35.106247" lon="-106.662273"></trkpt>
      <trkpt lat="35.106219" lon="-106.661685"></trkpt>
      <trkpt lat="35.106154" lon="-106.660552"></trkpt>
      <trkpt lat="35.106129" lon="-106.659885"></trkpt>
      <trkpt lat="35.106125" lon="-106.659283"></trkpt>
      <trkpt lat="35.106134" lon="-106.658757"></trkpt>
      <trkpt lat="35.106151" lon="-106.658471"></trkpt>
      <trkpt lat="35.106170" lon="-106.658176"></trkpt>
      <trkpt lat="35.106200" lon="-106.657882"></trkpt>
      <trkpt lat="35.106242" lon="-106.657542"></trkpt>
      <trkpt lat="35.106474" lon="-106.656129"></trkpt>
      <trkpt lat="35.106633" lon="-106.655236"></trkpt>
      <trkpt lat="35.106732" lon="-106.654589"></trkpt>
      <trkpt lat="35.106834" lon="-106.653922"></trkpt>
      <trkpt lat="35.106907" lon="-106.653449"></trkpt>
      <trkpt lat="35.106921" lon="-106.653304"></trkpt>
      <trkpt lat="35.106970" lon="-106.652783"></trkpt>
      <trkpt lat="35.106977" lon="-106.652447"></trkpt>
      <trkpt lat="35.106923" lon="-106.651807"></trkpt>
      <trkpt lat="35.106680" lon="-106.650553"></trkpt>
      <trkpt lat="35.106553" lon="-106.649943"></trkpt>
      <trkpt lat="35.106470" lon="-106.649484"></trkpt>
      <trkpt lat="35.106419" lon="-106.649272"></trkpt>
      <trkpt lat="35.106280" lon="-106.648579"></trkpt>
      <trkpt lat="35.106112" lon="-106.647805"></trkpt>
      <trkpt lat="35.105954" lon="-106.647082"></trkpt>
      <trkpt lat="35.105919" lon="-106.646919"></trkpt>
      <trkpt lat="35.105806" lon="-106.646174"></trkpt>
      <trkpt lat="35.105719" lon="-106.645598"></trkpt>
      <trkpt lat="35.105276" lon="-106.641937"></trkpt>
      <trkpt lat="35.105187" lon="-106.640894"></trkpt>
      <trkpt lat="35.105175" lon="-106.640386"></trkpt>
      <trkpt lat="35.105083" lon="-106.638779"></trkpt>
      <trkpt lat="35.105027" lon="-106.637340"></trkpt>
      <trkpt lat="35.105007" lon="-106.636886"></trkpt>
      <trkpt lat="35.104956" lon="-106.634642"></trkpt>
      <trkpt lat="35.104962" lon="-106.633251"></trkpt>
      <trkpt lat="35.105002" lon="-106.631970"></trkpt>
      <trkpt lat="35.105021" lon="-106.631450"></trkpt>
      <trkpt lat="35.105187" lon="-106.629153"></trkpt>
      <trkpt lat="35.105334" lon="-106.627951"></trkpt>
      <trkpt lat="35.105411" lon="-106.627393"></trkpt>
      <trkpt lat="35.105813" lon="-106.624845"></trkpt>
      <trkpt lat="35.105935" lon="-106.624169"></trkpt>
      <trkpt lat="35.106077" lon="-106.623541"></trkpt>
      <trkpt lat="35.106640" lon="-106.621314"></trkpt>
      <trkpt lat="35.106704" lon="-106.621062"></trkpt>
      <trkpt lat="35.106750" lon="-106.620869"></trkpt>
      <trkpt lat="35.107008" lon="-106.619798"></trkpt>
      <trkpt lat="35.107128" lon="-106.619235"></trkpt>
      <trkpt lat="35.107221" lon="-106.618724"></trkpt>
      <trkpt lat="35.107284" lon="-106.618259"></trkpt>
      <trkpt lat="35.107332" lon="-106.617852"></trkpt>
      <trkpt lat="35.107368" lon="-106.617354"></trkpt>
      <trkpt lat="35.107385" lon="-106.616958"></trkpt>
      <trkpt lat="35.107387" lon="-106.616608"></trkpt>
      <trkpt lat="35.107381" lon="-106.616288"></trkpt>
      <trkpt lat="35.107314" lon="-106.615347"></trkpt>
      <trkpt lat="35.107175" lon="-106.614285"></trkpt>
      <trkpt lat="35.107014" lon="-106.613366"></trkpt>
      <trkpt lat="35.106953" lon="-106.613080"></trkpt>
      <trkpt lat="35.106771" lon="-106.612311"></trkpt>
      <trkpt lat="35.106506" lon="-106.611188"></trkpt>
      <trkpt lat="35.106144" lon="-106.609588"></trkpt>
      <trkpt lat="35.105878" lon="-106.608394"></trkpt>
      <trkpt lat="35.105833" lon="-106.608114"></trkpt>
      <trkpt lat="35.104936" lon="-106.604193"></trkpt>
      <trkpt lat="35.104606" lon="-106.602756"></trkpt>
      <trkpt lat="35.104512" lon="-106.602315"></trkpt>
      <trkpt lat="35.104441" lon="-106.601983"></trkpt>
      <trkpt lat="35.104312" lon="-106.601289"></trkpt>
      <trkpt lat="35.104224" lon="-106.600719"></trkpt>
      <trkpt lat="35.104031" lon="-106.599289"></trkpt>
      <trkpt lat="35.103996" lon="-106.598791"></trkpt>
      <trkpt lat="35.103965" lon="-106.598230"></trkpt>
      <trkpt lat="35.103886" lon="-106.595470"></trkpt>
      <trkpt lat="35.103773" lon="-106.593363"></trkpt>
      <trkpt lat="35.103704" lon="-106.591600"></trkpt>
      <trkpt lat="35.103622" lon="-106.587180"></trkpt>
      <trkpt lat="35.103608" lon="-106.586519"></trkpt>
      <trkpt lat="35.103584" lon="-106.585965"></trkpt>
      <trkpt lat="35.103552" lon="-106.585493"></trkpt>
      <trkpt lat="35.103548" lon="-106.585457"></trkpt>
      <trkpt lat="35.103501" lon="-106.585051"></trkpt>
      <trkpt lat="35.103446" lon="-106.584697"></trkpt>
      <trkpt lat="35.103360" lon="-106.584252"></trkpt>
      <trkpt lat="35.103289" lon="-106.583948"></trkpt>
      <trkpt lat="35.103177" lon="-106.583540"></trkpt>
      <trkpt lat="35.103019" lon="-106.583038"></trkpt>
      <trkpt lat="35.102796" lon="-106.582431"></trkpt>
      <trkpt lat="35.102331" lon="-106.581304"></trkpt>
      <trkpt lat="35.102155" lon="-106.580868"></trkpt>
      <trkpt lat="35.101707" lon="-106.579754"></trkpt>
      <trkpt lat="35.099137" lon="-106.573416"></trkpt>
      <trkpt lat="35.098960" lon="-106.573002"></trkpt>
      <trkpt lat="35.098024" lon="-106.570515"></trkpt>
      <trkpt lat="35.097345" lon="-106.568843"></trkpt>
      <trkpt lat="35.097280" lon="-106.568678"></trkpt>
      <trkpt lat="35.097228" lon="-106.568541"></trkpt>
      <trkpt lat="35.097046" lon="-106.568105"></trkpt>
      <trkpt lat="35.095391" lon="-106.564131"></trkpt>
      <trkpt lat="35.095185" lon="-106.563614"></trkpt>
      <trkpt lat="35.094630" lon="-106.562262"></trkpt>
      <trkpt lat="35.094018" lon="-106.560690"></trkpt>
      <trkpt lat="35.093289" lon="-106.558940"></trkpt>
      <trkpt lat="35.092285" lon="-106.556528"></trkpt>
      <trkpt lat="35.091342" lon="-106.554051"></trkpt>
      <trkpt lat="35.090518" lon="-106.552053"></trkpt>
      <trkpt lat="35.089930" lon="-106.550629"></trkpt>
      <trkpt lat="35.088413" lon="-106.546603"></trkpt>
      <trkpt lat="35.088182" lon="-106.545994"></trkpt>
      <trkpt lat="35.087426" lon="-106.544099"></trkpt>
      <trkpt lat="35.087240" lon="-106.543634"></trkpt>
      <trkpt lat="35.085895" lon="-106.540194"></trkpt>
      <trkpt lat="35.084815" lon="-106.537384"></trkpt>
      <trkpt lat="35.084463" lon="-106.536423"></trkpt>
      <trkpt lat="35.084011" lon="-106.535193"></trkpt>
      <trkpt lat="35.083025" lon="-106.532631"></trkpt>
      <trkpt lat="35.081463" lon="-106.528576"></trkpt>
      <trkpt lat="35.080934" lon="-106.527209"></trkpt>
      <trkpt lat="35.079945" lon="-106.524568"></trkpt>
      <trkpt lat="35.079649" lon="-106.523785"></trkpt>
      <trkpt lat="35.079212" lon="-106.522666"></trkpt>
      <trkpt lat="35.078572" lon="-106.520959"></trkpt>
      <trkpt lat="35.078398" lon="-106.520497"></trkpt>
      <trkpt lat="35.074746" lon="-106.510963"></trkpt>
      <trkpt lat="35.072647" lon="-106.505415"></trkpt>
      <trkpt lat="35.072390" lon="-106.504737"></trkpt>
      <trkpt lat="35.072255" lon="-106.504380"></trkpt>
      <trkpt lat="35.070436" lon="-106.499541"></trkpt>
      <trkpt lat="35.069597" lon="-106.497341"></trkpt>
      <trkpt lat="35.069291" lon="-106.496547"></trkpt>
      <trkpt lat="35.068434" lon="-106.494307"></trkpt>
      <trkpt lat="35.068137" lon="-106.493541"></trkpt>
      <trkpt lat="35.066346" lon="-106.488913"></trkpt>
      <trkpt lat="35.065675" lon="-106.487181"></trkpt>
      <trkpt lat="35.065470" lon="-106.486712"></trkpt>
      <trkpt lat="35.065124" lon="-106.485972"></trkpt>
      <trkpt lat="35.064708" lon="-106.485146"></trkpt>
      <trkpt lat="35.064544" lon="-106.484840"></trkpt>
      <trkpt lat="35.064221" lon="-106.484245"></trkpt>
      <trkpt lat="35.063920" lon="-106.483705"></trkpt>
      <trkpt lat="35.063624" lon="-106.483128"></trkpt>
      <trkpt lat="35.063391" lon="-106.482595"></trkpt>
      <trkpt lat="35.063238" lon="-106.482186"></trkpt>
      <trkpt lat="35.063109" lon="-106.481794"></trkpt>
      <trkpt lat="35.062950" lon="-106.481218"></trkpt>
      <trkpt lat="35.062825" lon="-106.480671"></trkpt>
      <trkpt lat="35.062736" lon="-106.480152"></trkpt>
      <trkpt lat="35.062655" lon="-106.479431"></trkpt>
      <trkpt lat="35.062615" lon="-106.478747"></trkpt>
      <trkpt lat="35.062623" lon="-106.478033"></trkpt>
      <trkpt lat="35.062654" lon="-106.477394"></trkpt>
      <trkpt lat="35.062755" lon="-106.476161"></trkpt>
      <trkpt lat="35.062809" lon="-106.475386"></trkpt>
      <trkpt lat="35.062815" lon="-106.475292"></trkpt>
      <trkpt lat="35.062960" lon="-106.473678"></trkpt>
      <trkpt lat="35.063052" lon="-106.472173"></trkpt>
      <trkpt lat="35.063062" lon="-106.472006"></trkpt>
      <trkpt lat="35.063086" lon="-106.471557"></trkpt>
      <trkpt lat="35.063104" lon="-106.471128"></trkpt>
      <trkpt lat="35.063099" lon="-106.470632"></trkpt>
      <trkpt lat="35.063088" lon="-106.470264"></trkpt>
      <trkpt lat="35.063075" lon="-106.469934"></trkpt>
      <trkpt lat="35.063014" lon="-106.469170"></trkpt>
      <trkpt lat="35.062984" lon="-106.468909"></trkpt>
      <trkpt lat="35.062965" lon="-106.468759"></trkpt>
      <trkpt lat="35.062914" lon="-106.468430"></trkpt>
      <trkpt lat="35.062878" lon="-106.468278"></trkpt>
      <trkpt lat="35.062818" lon="-106.467963"></trkpt>
      <trkpt lat="35.062680" lon="-106.467280"></trkpt>
      <trkpt lat="35.062571" lon="-106.466855"></trkpt>
      <trkpt lat="35.062374" lon="-106.466125"></trkpt>
      <trkpt lat="35.062278" lon="-106.465863"></trkpt>
      <trkpt lat="35.061990" lon="-106.465030"></trkpt>
      <trkpt lat="35.061733" lon="-106.464279"></trkpt>
      <trkpt lat="35.061589" lon="-106.463911"></trkpt>
      <trkpt lat="35.061419" lon="-106.463433"></trkpt>
      <trkpt lat="35.061275" lon="-106.462945"></trkpt>
      <trkpt lat="35.061123" lon="-106.462347"></trkpt>
      <trkpt lat="35.061056" lon="-106.462062"></trkpt>
      <trkpt lat="35.061003" lon="-106.461794"></trkpt>
      <trkpt lat="35.060914" lon="-106.461277"></trkpt>
      <trkpt lat="35.060887" lon="-106.460969"></trkpt>
      <trkpt lat="35.060856" lon="-106.460678"></trkpt>
      <trkpt lat="35.060834" lon="-106.460397"></trkpt>
      <trkpt lat="35.060830" lon="-106.460150"></trkpt>
      <trkpt lat="35.060821" lon="-106.459920"></trkpt>
      <trkpt lat="35.060836" lon="-106.459080"></trkpt>
      <trkpt lat="35.060850" lon="-106.458827"></trkpt>
      <trkpt lat="35.060883" lon="-106.458130"></trkpt>
      <trkpt lat="35.060967" lon="-106.456626"></trkpt>
      <trkpt lat="35.060985" lon="-106.456082"></trkpt>
      <trkpt lat="35.061058" lon="-106.455084"></trkpt>
      <trkpt lat="35.061105" lon="-106.454523"></trkpt>
      <trkpt lat="35.061107" lon="-106.454492"></trkpt>
      <trkpt lat="35.061138" lon="-106.453995"></trkpt>
      <trkpt lat="35.061154" lon="-106.453752"></trkpt>
      <trkpt lat="35.061158" lon="-106.453662"></trkpt>
      <trkpt lat="35.061185" lon="-106.452977"></trkpt>
      <trkpt lat="35.061227" lon="-106.451871"></trkpt>
      <trkpt lat="35.061315" lon="-106.450356"></trkpt>
      <trkpt lat="35.061322" lon="-106.450247"></trkpt>
      <trkpt lat="35.061395" lon="-106.448836"></trkpt>
      <trkpt lat="35.061446" lon="-106.447780"></trkpt>
      <trkpt lat="35.061488" lon="-106.446935"></trkpt>
      <trkpt lat="35.061532" lon="-106.446370"></trkpt>
      <trkpt lat="35.061552" lon="-106.446115"></trkpt>
      <trkpt lat="35.061593" lon="-106.445743"></trkpt>
      <trkpt lat="35.061662" lon="-106.445287"></trkpt>
      <trkpt lat="35.061739" lon="-106.444874"></trkpt>
      <trkpt lat="35.061780" lon="-106.444719"></trkpt>
      <trkpt lat="35.061866" lon="-106.444387"></trkpt>
      <trkpt lat="35.061997" lon="-106.443821"></trkpt>
      <trkpt lat="35.062079" lon="-106.443540"></trkpt>
      <trkpt lat="35.062106" lon="-106.443455"></trkpt>
      <trkpt lat="35.062511" lon="-106.442207"></trkpt>
      <trkpt lat="35.062741" lon="-106.441498"></trkpt>
      <trkpt lat="35.062917" lon="-106.440971"></trkpt>
      <trkpt lat="35.063088" lon="-106.440351"></trkpt>
      <trkpt lat="35.063252" lon="-106.439757"></trkpt>
      <trkpt lat="35.063434" lon="-106.439059"></trkpt>
      <trkpt lat="35.063624" lon="-106.438280"></trkpt>
      <trkpt lat="35.063669" lon="-106.438081"></trkpt>
      <trkpt lat="35.063753" lon="-106.437762"></trkpt>
      <trkpt lat="35.063798" lon="-106.437514"></trkpt>
      <trkpt lat="35.063894" lon="-106.437084"></trkpt>
      <trkpt lat="35.063929" lon="-106.436912"></trkpt>
      <trkpt lat="35.063955" lon="-106.436779"></trkpt>
      <trkpt lat="35.064015" lon="-106.436472"></trkpt>
      <trkpt lat="35.064017" lon="-106.436459"></trkpt>
      <trkpt lat="35.064206" lon="-106.435374"></trkpt>
      <trkpt lat="35.064365" lon="-106.434309"></trkpt>
      <trkpt lat="35.064484" lon="-106.433357"></trkpt>
      <trkpt lat="35.064585" lon="-106.432423"></trkpt>
      <trkpt lat="35.064763" lon="-106.430462"></trkpt>
      <trkpt lat="35.064804" lon="-106.429885"></trkpt>
      <trkpt lat="35.064869" lon="-106.428879"></trkpt>
      <trkpt lat="35.064952" lon="-106.427858"></trkpt>
      <trkpt lat="35.064988" lon="-106.427553"></trkpt>
      <trkpt lat="35.065047" lon="-106.427147"></trkpt>
      <trkpt lat="35.065081" lon="-106.426955"></trkpt>
      <trkpt lat="35.065111" lon="-106.426790"></trkpt>
      <trkpt lat="35.065134" lon="-106.426679"></trkpt>
      <trkpt lat="35.065188" lon="-106.426422"></trkpt>
      <trkpt lat="35.065229" lon="-106.426245"></trkpt>
      <trkpt lat="35.065265" lon="-106.426092"></trkpt>
      <trkpt lat="35.065360" lon="-106.425718"></trkpt>
      <trkpt lat="35.065451" lon="-106.425400"></trkpt>
      <trkpt lat="35.065564" lon="-106.425065"></trkpt>
      <trkpt lat="35.065598" lon="-106.424979"></trkpt>
      <trkpt lat="35.065675" lon="-106.424790"></trkpt>
      <trkpt lat="35.065824" lon="-106.424439"></trkpt>
      <trkpt lat="35.065967" lon="-106.424133"></trkpt>
      <trkpt lat="35.066157" lon="-106.423753"></trkpt>
      <trkpt lat="35.066346" lon="-106.423418"></trkpt>
      <trkpt lat="35.066599" lon="-106.423028"></trkpt>
      <trkpt lat="35.066857" lon="-106.422694"></trkpt>
      <trkpt lat="35.067087" lon="-106.422419"></trkpt>
      <trkpt lat="35.067376" lon="-106.422111"></trkpt>
      <trkpt lat="35.067611" lon="-106.421848"></trkpt>
      <trkpt lat="35.067772" lon="-106.421648"></trkpt>
      <trkpt lat="35.067972" lon="-106.421398"></trkpt>
      <trkpt lat="35.068311" lon="-106.421025"></trkpt>
      <trkpt lat="35.068960" lon="-106.420264"></trkpt>
      <trkpt lat="35.070695" lon="-106.418230"></trkpt>
      <trkpt lat="35.071354" lon="-106.417471"></trkpt>
      <trkpt lat="35.071796" lon="-106.416978"></trkpt>
      <trkpt lat="35.072939" lon="-106.415633"></trkpt>
      <trkpt lat="35.073561" lon="-106.414926"></trkpt>
      <trkpt lat="35.074808" lon="-106.413461"></trkpt>
      <trkpt lat="35.075701" lon="-106.412417"></trkpt>
      <trkpt lat="35.076613" lon="-106.411352"></trkpt>
      <trkpt lat="35.077660" lon="-106.410117"></trkpt>
      <trkpt lat="35.078184" lon="-106.409537"></trkpt>
      <trkpt lat="35.078486" lon="-106.409193"></trkpt>
      <trkpt lat="35.078860" lon="-106.408775"></trkpt>
      <trkpt lat="35.079164" lon="-106.408430"></trkpt>
      <trkpt lat="35.079316" lon="-106.408240"></trkpt>
      <trkpt lat="35.079379" lon="-106.408160"></trkpt>
      <trkpt lat="35.079620" lon="-106.407817"></trkpt>
      <trkpt lat="35.079852" lon="-106.407458"></trkpt>
      <trkpt lat="35.080006" lon="-106.407173"></trkpt>
      <trkpt lat="35.080150" lon="-106.406881"></trkpt>
      <trkpt lat="35.080278" lon="-106.406591"></trkpt>
      <trkpt lat="35.080377" lon="-106.406333"></trkpt>
      <trkpt lat="35.080492" lon="-106.406033"></trkpt>
      <trkpt lat="35.080575" lon="-106.405739"></trkpt>
      <trkpt lat="35.080672" lon="-106.405342"></trkpt>
      <trkpt lat="35.080766" lon="-106.404878"></trkpt>
      <trkpt lat="35.080839" lon="-106.404386"></trkpt>
      <trkpt lat="35.080875" lon="-106.403955"></trkpt>
      <trkpt lat="35.080884" lon="-106.403657"></trkpt>
      <trkpt lat="35.080883" lon="-106.403314"></trkpt>
      <trkpt lat="35.080874" lon="-106.403087"></trkpt>
      <trkpt lat="35.080863" lon="-106.402836"></trkpt>
      <trkpt lat="35.080805" lon="-106.402350"></trkpt>
      <trkpt lat="35.080721" lon="-106.401818"></trkpt>
      <trkpt lat="35.080627" lon="-106.401126"></trkpt>
      <trkpt lat="35.080559" lon="-106.400535"></trkpt>
      <trkpt lat="35.080522" lon="-106.400091"></trkpt>
      <trkpt lat="35.080493" lon="-106.399600"></trkpt>
      <trkpt lat="35.080468" lon="-106.399144"></trkpt>
      <trkpt lat="35.080460" lon="-106.398301"></trkpt>
      <trkpt lat="35.080479" lon="-106.396817"></trkpt>
      <trkpt lat="35.080486" lon="-106.396245"></trkpt>
      <trkpt lat="35.080488" lon="-106.396131"></trkpt>
      <trkpt lat="35.080544" lon="-106.393487"></trkpt>
      <trkpt lat="35.080554" lon="-106.392070"></trkpt>
      <trkpt lat="35.080561" lon="-106.391578"></trkpt>
      <trkpt lat="35.080568" lon="-106.391149"></trkpt>
      <trkpt lat="35.080601" lon="-106.390549"></trkpt>
      <trkpt lat="35.080675" lon="-106.389908"></trkpt>
      <trkpt lat="35.080769" lon="-106.389287"></trkpt>
      <trkpt lat="35.080914" lon="-106.388578"></trkpt>
      <trkpt lat="35.081036" lon="-106.388079"></trkpt>
      <trkpt lat="35.081089" lon="-106.387894"></trkpt>
      <trkpt lat="35.081319" lon="-106.387197"></trkpt>
      <trkpt lat="35.081466" lon="-106.386826"></trkpt>
      <trkpt lat="35.081711" lon="-106.386266"></trkpt>
      <trkpt lat="35.081850" lon="-106.385965"></trkpt>
      <trkpt lat="35.082032" lon="-106.385613"></trkpt>
      <trkpt lat="35.082244" lon="-106.385223"></trkpt>
      <trkpt lat="35.082370" lon="-106.385014"></trkpt>
      <trkpt lat="35.082614" lon="-106.384641"></trkpt>
      <trkpt lat="35.082921" lon="-106.384191"></trkpt>
      <trkpt lat="35.083056" lon="-106.384004"></trkpt>
      <trkpt lat="35.083151" lon="-106.383872"></trkpt>
      <trkpt lat="35.083278" lon="-106.383691"></trkpt>
      <trkpt lat="35.083569" lon="-106.383278"></trkpt>
      <trkpt lat="35.083806" lon="-106.382940"></trkpt>
      <trkpt lat="35.083981" lon="-106.382714"></trkpt>
      <trkpt lat="35.084374" lon="-106.382154"></trkpt>
      <trkpt lat="35.084569" lon="-106.381867"></trkpt>
      <trkpt lat="35.084907" lon="-106.381400"></trkpt>
      <trkpt lat="35.085456" lon="-106.380629"></trkpt>
      <trkpt lat="35.085836" lon="-106.380097"></trkpt>
      <trkpt lat="35.085940" lon="-106.379950"></trkpt>
      <trkpt lat="35.086293" lon="-106.379455"></trkpt>
      <trkpt lat="35.086568" lon="-106.379061"></trkpt>
      <trkpt lat="35.087056" lon="-106.378398"></trkpt>
      <trkpt lat="35.087332" lon="-106.378033"></trkpt>
      <trkpt lat="35.087412" lon="-106.377927"></trkpt>
      <trkpt lat="35.087607" lon="-106.377714"></trkpt>
      <trkpt lat="35.087781" lon="-106.377567"></trkpt>
      <trkpt lat="35.088058" lon="-106.377318"></trkpt>
      <trkpt lat="35.088235" lon="-106.377170"></trkpt>
      <trkpt lat="35.088787" lon="-106.376700"></trkpt>
      <trkpt lat="35.088810" lon="-106.376679"></trkpt>
      <trkpt lat="35.088941" lon="-106.376583"></trkpt>
      <trkpt lat="35.089235" lon="-106.376340"></trkpt>
      <trkpt lat="35.089452" lon="-106.376148"></trkpt>
      <trkpt lat="35.089636" lon="-106.375995"></trkpt>
      <trkpt lat="35.089808" lon="-106.375831"></trkpt>
      <trkpt lat="35.089966" lon="-106.375672"></trkpt>
      <trkpt lat="35.090295" lon="-106.375266"></trkpt>
      <trkpt lat="35.090516" lon="-106.374954"></trkpt>
      <trkpt lat="35.090683" lon="-106.374703"></trkpt>
      <trkpt lat="35.091000" lon="-106.374182"></trkpt>
      <trkpt lat="35.091135" lon="-106.373935"></trkpt>
      <trkpt lat="35.091320" lon="-106.373623"></trkpt>
      <trkpt lat="35.091514" lon="-106.373310"></trkpt>
      <trkpt lat="35.091704" lon="-106.373026"></trkpt>
      <trkpt lat="35.091966" lon="-106.372691"></trkpt>
      <trkpt lat="35.092142" lon="-106.372523"></trkpt>
      <trkpt lat="35.092336" lon="-106.372329"></trkpt>
      <trkpt lat="35.092517" lon="-106.372141"></trkpt>
      <trkpt lat="35.092742" lon="-106.371938"></trkpt>
      <trkpt lat="35.093028" lon="-106.371724"></trkpt>
      <trkpt lat="35.093304" lon="-106.371530"></trkpt>
      <trkpt lat="35.093620" lon="-106.371356"></trkpt>
      <trkpt lat="35.093944" lon="-106.371212"></trkpt>
      <trkpt lat="35.094384" lon="-106.371029"></trkpt>
      <trkpt lat="35.094794" lon="-106.370861"></trkpt>
      <trkpt lat="35.095488" lon="-106.370566"></trkpt>
      <trkpt lat="35.096051" lon="-106.370320"></trkpt>
      <trkpt lat="35.096336" lon="-106.370181"></trkpt>
      <trkpt lat="35.096566" lon="-106.370033"></trkpt>
      <trkpt lat="35.096800" lon="-106.369875"></trkpt>
      <trkpt lat="35.096943" lon="-106.369765"></trkpt>
      <trkpt lat="35.097274" lon="-106.369486"></trkpt>
      <trkpt lat="35.097459" lon="-106.369321"></trkpt>
      <trkpt lat="35.097630" lon="-106.369152"></trkpt>
      <trkpt lat="35.097883" lon="-106.368878"></trkpt>
      <trkpt lat="35.098185" lon="-106.368491"></trkpt>
      <trkpt lat="35.098474" lon="-106.368029"></trkpt>
      <trkpt lat="35.098583" lon="-106.367825"></trkpt>
      <trkpt lat="35.098822" lon="-106.367330"></trkpt>
      <trkpt lat="35.098912" lon="-106.367106"></trkpt>
      <trkpt lat="35.098985" lon="-106.366907"></trkpt>
      <trkpt lat="35.099131" lon="-106.366444"></trkpt>
      <trkpt lat="35.099139" lon="-106.366418"></trkpt>
      <trkpt lat="35.099216" lon="-106.366068"></trkpt>
      <trkpt lat="35.099233" lon="-106.365988"></trkpt>
      <trkpt lat="35.099327" lon="-106.365490"></trkpt>
      <trkpt lat="35.099378" lon="-106.365220"></trkpt>
      <trkpt lat="35.099515" lon="-106.364335"></trkpt>
      <trkpt lat="35.099569" lon="-106.364010"></trkpt>
      <trkpt lat="35.099580" lon="-106.363938"></trkpt>
      <trkpt lat="35.099682" lon="-106.363273"></trkpt>
      <trkpt lat="35.099701" lon="-106.363155"></trkpt>
      <trkpt lat="35.100217" lon="-106.359987"></trkpt>
      <trkpt lat="35.100317" lon="-106.359398"></trkpt>
      <trkpt lat="35.100443" lon="-106.358592"></trkpt>
      <trkpt lat="35.100684" lon="-106.357049"></trkpt>
      <trkpt lat="35.100870" lon="-106.355897"></trkpt>
      <trkpt lat="35.100933" lon="-106.355504"></trkpt>
      <trkpt lat="35.101096" lon="-106.354564"></trkpt>
      <trkpt lat="35.101168" lon="-106.354096"></trkpt>
      <trkpt lat="35.101187" lon="-106.353975"></trkpt>
      <trkpt lat="35.101282" lon="-106.353431"></trkpt>
      <trkpt lat="35.101359" lon="-106.352909"></trkpt>
      <trkpt lat="35.101509" lon="-106.352051"></trkpt>
      <trkpt lat="35.101654" lon="-106.351380"></trkpt>
      <trkpt lat="35.101755" lon="-106.350988"></trkpt>
      <trkpt lat="35.101830" lon="-106.350700"></trkpt>
      <trkpt lat="35.101979" lon="-106.350221"></trkpt>
      <trkpt lat="35.102097" lon="-106.349825"></trkpt>
      <trkpt lat="35.102168" lon="-106.349624"></trkpt>
      <trkpt lat="35.102205" lon="-106.349518"></trkpt>
      <trkpt lat="35.102282" lon="-106.349260"></trkpt>
      <trkpt lat="35.102508" lon="-106.348684"></trkpt>
      <trkpt lat="35.102837" lon="-106.347944"></trkpt>
      <trkpt lat="35.103163" lon="-106.347253"></trkpt>
      <trkpt lat="35.103402" lon="-106.346776"></trkpt>
      <trkpt lat="35.103891" lon="-106.345790"></trkpt>
      <trkpt lat="35.104183" lon="-106.345116"></trkpt>
      <trkpt lat="35.104571" lon="-106.344304"></trkpt>
      <trkpt lat="35.104792" lon="-106.343888"></trkpt>
      <trkpt lat="35.105027" lon="-106.343422"></trkpt>
      <trkpt lat="35.105438" lon="-106.342654"></trkpt>
      <trkpt lat="35.105934" lon="-106.341777"></trkpt>
      <trkpt lat="35.106372" lon="-106.341032"></trkpt>
      <trkpt lat="35.106796" lon="-106.340374"></trkpt>
      <trkpt lat="35.107392" lon="-106.339486"></trkpt>
      <trkpt lat="35.107726" lon="-106.338998"></trkpt>
      <trkpt lat="35.108127" lon="-106.338434"></trkpt>
      <trkpt lat="35.108858" lon="-106.337486"></trkpt>
      <trkpt lat="35.109354" lon="-106.336861"></trkpt>
      <trkpt lat="35.109941" lon="-106.336148"></trkpt>
      <trkpt lat="35.110478" lon="-106.335441"></trkpt>
      <trkpt lat="35.110568" lon="-106.335320"></trkpt>
      <trkpt lat="35.110952" lon="-106.334805"></trkpt>
      <trkpt lat="35.111958" lon="-106.333375"></trkpt>
      <trkpt lat="35.112526" lon="-106.332492"></trkpt>
      <trkpt lat="35.112991" lon="-106.331818"></trkpt>
      <trkpt lat="35.113368" lon="-106.331256"></trkpt>
      <trkpt lat="35.113689" lon="-106.330770"></trkpt>
      <trkpt lat="35.113928" lon="-106.330408"></trkpt>
      <trkpt lat="35.114124" lon="-106.330090"></trkpt>
      <trkpt lat="35.114347" lon="-106.329705"></trkpt>
      <trkpt lat="35.114480" lon="-106.329448"></trkpt>
      <trkpt lat="35.114648" lon="-106.329085"></trkpt>
      <trkpt lat="35.114765" lon="-106.328815"></trkpt>
      <trkpt lat="35.114859" lon="-106.328551"></trkpt>
      <trkpt lat="35.114954" lon="-106.328265"></trkpt>
      <trkpt lat="35.115045" lon="-106.327925"></trkpt>
      <trkpt lat="35.115132" lon="-106.327537"></trkpt>
      <trkpt lat="35.115208" lon="-106.327130"></trkpt>
      <trkpt lat="35.115217" lon="-106.327014"></trkpt>
      <trkpt lat="35.115253" lon="-106.326564"></trkpt>
      <trkpt lat="35.115261" lon="-106.326294"></trkpt>
      <trkpt lat="35.115261" lon="-106.325947"></trkpt>
      <trkpt lat="35.115245" lon="-106.325555"></trkpt>
      <trkpt lat="35.115163" lon="-106.324487"></trkpt>
      <trkpt lat="35.115128" lon="-106.323970"></trkpt>
      <trkpt lat="35.115074" lon="-106.323268"></trkpt>
      <trkpt lat="35.114985" lon="-106.322286"></trkpt>
      <trkpt lat="35.114926" lon="-106.321541"></trkpt>
      <trkpt lat="35.114874" lon="-106.320913"></trkpt>
      <trkpt lat="35.114824" lon="-106.320535"></trkpt>
      <trkpt lat="35.114755" lon="-106.320085"></trkpt>
      <trkpt lat="35.114690" lon="-106.319811"></trkpt>
      <trkpt lat="35.114683" lon="-106.319784"></trkpt>
      <trkpt lat="35.114619" lon="-106.319544"></trkpt>
      <trkpt lat="35.114523" lon="-106.319239"></trkpt>
      <trkpt lat="35.114400" lon="-106.318905"></trkpt>
      <trkpt lat="35.114272" lon="-106.318596"></trkpt>
      <trkpt lat="35.114123" lon="-106.318290"></trkpt>
      <trkpt lat="35.113964" lon="-106.318004"></trkpt>
      <trkpt lat="35.113793" lon="-106.317710"></trkpt>
      <trkpt lat="35.113461" lon="-106.317243"></trkpt>
      <trkpt lat="35.113142" lon="-106.316759"></trkpt>
      <trkpt lat="35.112987" lon="-106.316491"></trkpt>
      <trkpt lat="35.112755" lon="-106.316027"></trkpt>
      <trkpt lat="35.112648" lon="-106.315783"></trkpt>
      <trkpt lat="35.112495" lon="-106.315386"></trkpt>
      <trkpt lat="35.112330" lon="-106.314905"></trkpt>
      <trkpt lat="35.111568" lon="-106.312596"></trkpt>
      <trkpt lat="35.111228" lon="-106.311565"></trkpt>
      <trkpt lat="35.111177" lon="-106.311412"></trkpt>
      <trkpt lat="35.111101" lon="-106.311196"></trkpt>
      <trkpt lat="35.111038" lon="-106.310993"></trkpt>
      <trkpt lat="35.110950" lon="-106.310760"></trkpt>
      <trkpt lat="35.110845" lon="-106.310418"></trkpt>
      <trkpt lat="35.110714" lon="-106.310039"></trkpt>
      <trkpt lat="35.110467" lon="-106.309293"></trkpt>
      <trkpt lat="35.110384" lon="-106.309081"></trkpt>
      <trkpt lat="35.110336" lon="-106.308958"></trkpt>
      <trkpt lat="35.110192" lon="-106.308530"></trkpt>
      <trkpt lat="35.110125" lon="-106.308294"></trkpt>
      <trkpt lat="35.109985" lon="-106.307866"></trkpt>
      <trkpt lat="35.109877" lon="-106.307587"></trkpt>
      <trkpt lat="35.109634" lon="-106.307048"></trkpt>
      <trkpt lat="35.109418" lon="-106.306618"></trkpt>
      <trkpt lat="35.109298" lon="-106.306392"></trkpt>
      <trkpt lat="35.108956" lon="-106.305842"></trkpt>
      <trkpt lat="35.108768" lon="-106.305575"></trkpt>
      <trkpt lat="35.108556" lon="-106.305292"></trkpt>
      <trkpt lat="35.108298" lon="-106.304973"></trkpt>
      <trkpt lat="35.108035" lon="-106.304683"></trkpt>
      <trkpt lat="35.108013" lon="-106.304656"></trkpt>
      <trkpt lat="35.107661" lon="-106.304233"></trkpt>
      <trkpt lat="35.107454" lon="-106.304009"></trkpt>
      <trkpt lat="35.107134" lon="-106.303646"></trkpt>
      <trkpt lat="35.106906" lon="-106.303354"></trkpt>
      <trkpt lat="35.106710" lon="-106.303118"></trkpt>
      <trkpt lat="35.106310" lon="-106.302650"></trkpt>
      <trkpt lat="35.106169" lon="-106.302498"></trkpt>
      <trkpt lat="35.105741" lon="-106.301973"></trkpt>
      <trkpt lat="35.105449" lon="-106.301583"></trkpt>
      <trkpt lat="35.105102" lon="-106.301050"></trkpt>
      <trkpt lat="35.104697" lon="-106.300277"></trkpt>
      <trkpt lat="35.104594" lon="-106.300096"></trkpt>
      <trkpt lat="35.104505" lon="-106.299862"></trkpt>
      <trkpt lat="35.104339" lon="-106.299464"></trkpt>
      <trkpt lat="35.104266" lon="-106.299248"></trkpt>
      <trkpt lat="35.104170" lon="-106.298982"></trkpt>
      <trkpt lat="35.104043" lon="-106.298563"></trkpt>
      <trkpt lat="35.103955" lon="-106.298256"></trkpt>
      <trkpt lat="35.103935" lon="-106.298184"></trkpt>
      <trkpt lat="35.103851" lon="-106.297808"></trkpt>
      <trkpt lat="35.103734" lon="-106.297413"></trkpt>
      <trkpt lat="35.103675" lon="-106.297172"></trkpt>
      <trkpt lat="35.103264" lon="-106.295584"></trkpt>
      <trkpt lat="35.103031" lon="-106.294630"></trkpt>
      <trkpt lat="35.102962" lon="-106.294368"></trkpt>
      <trkpt lat="35.102761" lon="-106.293518"></trkpt>
      <trkpt lat="35.102605" lon="-106.292942"></trkpt>
      <trkpt lat="35.102469" lon="-106.292383"></trkpt>
      <trkpt lat="35.102356" lon="-106.291840"></trkpt>
      <trkpt lat="35.102289" lon="-106.291538"></trkpt>
      <trkpt lat="35.102204" lon="-106.290988"></trkpt>
      <trkpt lat="35.102166" lon="-106.290692"></trkpt>
      <trkpt lat="35.102131" lon="-106.290289"></trkpt>
      <trkpt lat="35.102109" lon="-106.289975"></trkpt>
      <trkpt lat="35.102080" lon="-106.289720"></trkpt>
      <trkpt lat="35.102019" lon="-106.288872"></trkpt>
      <trkpt lat="35.101988" lon="-106.288390"></trkpt>
      <trkpt lat="35.101943" lon="-106.287929"></trkpt>
      <trkpt lat="35.101897" lon="-106.287620"></trkpt>
      <trkpt lat="35.101853" lon="-106.287325"></trkpt>
      <trkpt lat="35.101786" lon="-106.286953"></trkpt>
      <trkpt lat="35.101683" lon="-106.286446"></trkpt>
      <trkpt lat="35.101565" lon="-106.285943"></trkpt>
      <trkpt lat="35.101298" lon="-106.285030"></trkpt>
      <trkpt lat="35.101180" lon="-106.284667"></trkpt>
      <trkpt lat="35.100909" lon="-106.283916"></trkpt>
      <trkpt lat="35.100853" lon="-106.283773"></trkpt>
      <trkpt lat="35.100683" lon="-106.283370"></trkpt>
      <trkpt lat="35.100209" lon="-106.282312"></trkpt>
      <trkpt lat="35.099444" lon="-106.280705"></trkpt>
      <trkpt lat="35.098935" lon="-106.279706"></trkpt>
      <trkpt lat="35.098543" lon="-106.278911"></trkpt>
      <trkpt lat="35.098493" lon="-106.278818"></trkpt>
      <trkpt lat="35.097984" lon="-106.277839"></trkpt>
      <trkpt lat="35.097745" lon="-106.277380"></trkpt>
      <trkpt lat="35.097570" lon="-106.277035"></trkpt>
      <trkpt lat="35.097349" lon="-106.276634"></trkpt>
      <trkpt lat="35.097029" lon="-106.276014"></trkpt>
      <trkpt lat="35.096853" lon="-106.275652"></trkpt>
      <trkpt lat="35.096376" lon="-106.274638"></trkpt>
      <trkpt lat="35.096024" lon="-106.273842"></trkpt>
      <trkpt lat="35.095911" lon="-106.273557"></trkpt>
      <trkpt lat="35.095200" lon="-106.271769"></trkpt>
      <trkpt lat="35.094983" lon="-106.271143"></trkpt>
      <trkpt lat="35.094610" lon="-106.270233"></trkpt>
      <trkpt lat="35.094056" lon="-106.268927"></trkpt>
      <trkpt lat="35.093560" lon="-106.267639"></trkpt>
      <trkpt lat="35.092947" lon="-106.266136"></trkpt>
      <trkpt lat="35.092077" lon="-106.263981"></trkpt>
      <trkpt lat="35.091325" lon="-106.262152"></trkpt>
      <trkpt lat="35.090523" lon="-106.260175"></trkpt>
      <trkpt lat="35.090167" lon="-106.259286"></trkpt>
      <trkpt lat="35.089775" lon="-106.258293"></trkpt>
      <trkpt lat="35.089567" lon="-106.257756"></trkpt>
      <trkpt lat="35.089544" lon="-106.257699"></trkpt>
      <trkpt lat="35.089347" lon="-106.257202"></trkpt>
      <trkpt lat="35.089022" lon="-106.256439"></trkpt>
      <trkpt lat="35.087747" lon="-106.253270"></trkpt>
      <trkpt lat="35.087580" lon="-106.252837"></trkpt>
      <trkpt lat="35.087332" lon="-106.252228"></trkpt>
      <trkpt lat="35.087066" lon="-106.251537"></trkpt>
      <trkpt lat="35.086760" lon="-106.250819"></trkpt>
      <trkpt lat="35.086430" lon="-106.250024"></trkpt>
      <trkpt lat="35.085606" lon="-106.247945"></trkpt>
      <trkpt lat="35.084993" lon="-106.246415"></trkpt>
      <trkpt lat="35.084603" lon="-106.245499"></trkpt>
      <trkpt lat="35.084118" lon="-106.244281"></trkpt>
      <trkpt lat="35.084088" lon="-106.244211"></trkpt>
      <trkpt lat="35.082988" lon="-106.241695"></trkpt>
      <trkpt lat="35.082812" lon="-106.241292"></trkpt>
      <trkpt lat="35.079204" lon="-106.232396"></trkpt>
      <trkpt lat="35.077812" lon="-106.228766"></trkpt>
      <trkpt lat="35.077614" lon="-106.228305"></trkpt>
      <trkpt lat="35.076596" lon="-106.225832"></trkpt>
      <trkpt lat="35.072620" lon="-106.215982"></trkpt>
      <trkpt lat="35.070471" lon="-106.210136"></trkpt>
      <trkpt lat="35.068653" lon="-106.205191"></trkpt>
      <trkpt lat="35.065883" lon="-106.197624"></trkpt>
      <trkpt lat="35.065401" lon="-106.196309"></trkpt>
      <trkpt lat="35.064489" lon="-106.193785"></trkpt>
      <trkpt lat="35.063757" lon="-106.191761"></trkpt>
      <trkpt lat="35.063509" lon="-106.191108"></trkpt>
      <trkpt lat="35.062846" lon="-106.189280"></trkpt>
      <trkpt lat="35.062818" lon="-106.189209"></trkpt>
      <trkpt lat="35.062341" lon="-106.187907"></trkpt>
      <trkpt lat="35.061592" lon="-106.185948"></trkpt>
      <trkpt lat="35.058158" lon="-106.176567"></trkpt>
      <trkpt lat="35.056586" lon="-106.172411"></trkpt>
      <trkpt lat="35.054897" lon="-106.168112"></trkpt>
      <trkpt lat="35.052196" lon="-106.161401"></trkpt>
      <trkpt lat="35.049200" lon="-106.154034"></trkpt>
      <trkpt lat="35.043283" lon="-106.139483"></trkpt>
      <trkpt lat="35.038540" lon="-106.127847"></trkpt>
      <trkpt lat="35.036202" lon="-106.122448"></trkpt>
      <trkpt lat="35.031550" lon="-106.112037"></trkpt>
      <trkpt lat="35.025252" lon="-106.097858"></trkpt>
      <trkpt lat="35.021351" lon="-106.089163"></trkpt>
      <trkpt lat="35.019981" lon="-106.086022"></trkpt>
      <trkpt lat="35.019215" lon="-106.084039"></trkpt>
      <trkpt lat="35.015748" lon="-106.074229"></trkpt>
      <trkpt lat="35.014546" lon="-106.070784"></trkpt>
      <trkpt lat="35.013834" lon="-106.068738"></trkpt>
      <trkpt lat="35.012447" lon="-106.064768"></trkpt>
      <trkpt lat="35.011124" lon="-106.060950"></trkpt>
      <trkpt lat="35.010378" lon="-106.058848"></trkpt>
      <trkpt lat="35.009823" lon="-106.057019"></trkpt>
      <trkpt lat="35.009324" lon="-106.055054"></trkpt>
      <trkpt lat="35.008867" lon="-106.052960"></trkpt>
      <trkpt lat="35.008515" lon="-106.050668"></trkpt>
      <trkpt lat="35.008420" lon="-106.049742"></trkpt>
      <trkpt lat="35.008325" lon="-106.048816"></trkpt>
      <trkpt lat="35.008245" lon="-106.047863"></trkpt>
      <trkpt lat="35.007821" lon="-106.040415"></trkpt>
      <trkpt lat="35.007783" lon="-106.039834"></trkpt>
      <trkpt lat="35.007623" lon="-106.037192"></trkpt>
      <trkpt lat="35.007168" lon="-106.028781"></trkpt>
      <trkpt lat="35.007088" lon="-106.027289"></trkpt>
      <trkpt lat="35.007067" lon="-106.026862"></trkpt>
      <trkpt lat="35.007039" lon="-106.026441"></trkpt>
      <trkpt lat="35.007002" lon="-106.026020"></trkpt>
      <trkpt lat="35.006958" lon="-106.025601"></trkpt>
      <trkpt lat="35.006907" lon="-106.025183"></trkpt>
      <trkpt lat="35.006852" lon="-106.024793"></trkpt>
      <trkpt lat="35.006790" lon="-106.024405"></trkpt>
      <trkpt lat="35.006722" lon="-106.024019"></trkpt>
      <trkpt lat="35.006648" lon="-106.023634"></trkpt>
      <trkpt lat="35.006567" lon="-106.023253"></trkpt>
      <trkpt lat="35.005210" lon="-106.017571"></trkpt>
      <trkpt lat="35.005104" lon="-106.017130"></trkpt>
      <trkpt lat="35.005006" lon="-106.016681"></trkpt>
      <trkpt lat="35.004916" lon="-106.016229"></trkpt>
      <trkpt lat="35.004836" lon="-106.015775"></trkpt>
      <trkpt lat="35.004764" lon="-106.015319"></trkpt>
      <trkpt lat="35.004701" lon="-106.014861"></trkpt>
      <trkpt lat="35.004647" lon="-106.014402"></trkpt>
      <trkpt lat="35.004602" lon="-106.013941"></trkpt>
      <trkpt lat="35.004566" lon="-106.013479"></trkpt>
      <trkpt lat="35.004539" lon="-106.013016"></trkpt>
      <trkpt lat="35.004522" lon="-106.012553"></trkpt>
      <trkpt lat="35.004513" lon="-106.012093"></trkpt>
      <trkpt lat="35.004499" lon="-106.004006"></trkpt>
      <trkpt lat="35.004498" lon="-106.002828"></trkpt>
      <trkpt lat="35.004515" lon="-105.987908"></trkpt>
      <trkpt lat="35.004565" lon="-105.979399"></trkpt>
      <trkpt lat="35.004578" lon="-105.973291"></trkpt>
      <trkpt lat="35.004593" lon="-105.958863"></trkpt>
      <trkpt lat="35.004642" lon="-105.944607"></trkpt>
      <trkpt lat="35.004684" lon="-105.940444"></trkpt>
      <trkpt lat="35.004796" lon="-105.938247"></trkpt>
      <trkpt lat="35.005078" lon="-105.935689"></trkpt>
      <trkpt lat="35.005408" lon="-105.933595"></trkpt>
      <trkpt lat="35.005830" lon="-105.931183"></trkpt>
      <trkpt lat="35.006217" lon="-105.929011"></trkpt>
      <trkpt lat="35.006399" lon="-105.927475"></trkpt>
      <trkpt lat="35.006603" lon="-105.925115"></trkpt>
      <trkpt lat="35.006615" lon="-105.924740"></trkpt>
      <trkpt lat="35.006660" lon="-105.923287"></trkpt>
      <trkpt lat="35.006524" lon="-105.917570"></trkpt>
      <trkpt lat="35.006371" lon="-105.911124"></trkpt>
      <trkpt lat="35.006335" lon="-105.909648"></trkpt>
      <trkpt lat="35.006090" lon="-105.899769"></trkpt>
      <trkpt lat="35.005717" lon="-105.886328"></trkpt>
      <trkpt lat="35.005359" lon="-105.872775"></trkpt>
      <trkpt lat="35.005162" lon="-105.864947"></trkpt>
      <trkpt lat="35.005099" lon="-105.861549"></trkpt>
      <trkpt lat="35.005134" lon="-105.858802"></trkpt>
      <trkpt lat="35.005134" lon="-105.854339"></trkpt>
      <trkpt lat="35.005142" lon="-105.847597"></trkpt>
      <trkpt lat="35.005134" lon="-105.844691"></trkpt>
      <trkpt lat="35.005042" lon="-105.831302"></trkpt>
      <trkpt lat="35.005023" lon="-105.829001"></trkpt>
      <trkpt lat="35.004957" lon="-105.820473"></trkpt>
      <trkpt lat="35.004937" lon="-105.818676"></trkpt>
      <trkpt lat="35.004874" lon="-105.812187"></trkpt>
      <trkpt lat="35.004754" lon="-105.798386"></trkpt>
      <trkpt lat="35.004628" lon="-105.784636"></trkpt>
      <trkpt lat="35.004494" lon="-105.770877"></trkpt>
      <trkpt lat="35.004375" lon="-105.757144"></trkpt>
      <trkpt lat="35.004241" lon="-105.743428"></trkpt>
      <trkpt lat="35.004122" lon="-105.730519"></trkpt>
      <trkpt lat="35.004051" lon="-105.723404"></trkpt>
      <trkpt lat="35.004199" lon="-105.721919"></trkpt>
      <trkpt lat="35.004593" lon="-105.720340"></trkpt>
      <trkpt lat="35.006322" lon="-105.716804"></trkpt>
      <trkpt lat="35.008489" lon="-105.712803"></trkpt>
      <trkpt lat="35.009136" lon="-105.711550"></trkpt>
      <trkpt lat="35.009670" lon="-105.710228"></trkpt>
      <trkpt lat="35.010106" lon="-105.708700"></trkpt>
      <trkpt lat="35.010338" lon="-105.707748"></trkpt>
      <trkpt lat="35.010528" lon="-105.706074"></trkpt>
      <trkpt lat="35.010499" lon="-105.703791"></trkpt>
      <trkpt lat="35.010268" lon="-105.699963"></trkpt>
      <trkpt lat="35.009980" lon="-105.694586"></trkpt>
      <trkpt lat="35.009669" lon="-105.689180"></trkpt>
      <trkpt lat="35.008891" lon="-105.675793"></trkpt>
      <trkpt lat="35.008831" lon="-105.674597"></trkpt>
      <trkpt lat="35.008786" lon="-105.673318"></trkpt>
      <trkpt lat="35.008685" lon="-105.671250"></trkpt>
      <trkpt lat="35.008561" lon="-105.669215"></trkpt>
      <trkpt lat="35.008370" lon="-105.665841"></trkpt>
      <trkpt lat="35.008194" lon="-105.662858"></trkpt>
      <trkpt lat="35.008077" lon="-105.660782"></trkpt>
      <trkpt lat="35.007957" lon="-105.658726"></trkpt>
      <trkpt lat="35.007448" lon="-105.650559"></trkpt>
      <trkpt lat="35.006696" lon="-105.637804"></trkpt>
      <trkpt lat="35.006035" lon="-105.626200"></trkpt>
      <trkpt lat="35.005803" lon="-105.622205"></trkpt>
      <trkpt lat="35.005377" lon="-105.615385"></trkpt>
      <trkpt lat="35.004573" lon="-105.601232"></trkpt>
      <trkpt lat="35.003743" lon="-105.587619"></trkpt>
      <trkpt lat="35.002970" lon="-105.573740"></trkpt>
      <trkpt lat="35.002133" lon="-105.559664"></trkpt>
      <trkpt lat="35.001894" lon="-105.555879"></trkpt>
      <trkpt lat="35.001831" lon="-105.555003"></trkpt>
      <trkpt lat="35.001810" lon="-105.554180"></trkpt>
      <trkpt lat="35.001852" lon="-105.553381"></trkpt>
      <trkpt lat="35.001944" lon="-105.552334"></trkpt>
      <trkpt lat="35.002014" lon="-105.551605"></trkpt>
      <trkpt lat="35.002176" lon="-105.550678"></trkpt>
      <trkpt lat="35.002337" lon="-105.549974"></trkpt>
      <trkpt lat="35.002555" lon="-105.549176"></trkpt>
      <trkpt lat="35.002956" lon="-105.547974"></trkpt>
      <trkpt lat="35.003497" lon="-105.546755"></trkpt>
      <trkpt lat="35.004018" lon="-105.545794"></trkpt>
      <trkpt lat="35.004566" lon="-105.544669"></trkpt>
      <trkpt lat="35.005002" lon="-105.543708"></trkpt>
      <trkpt lat="35.005410" lon="-105.542635"></trkpt>
      <trkpt lat="35.005607" lon="-105.541725"></trkpt>
      <trkpt lat="35.005789" lon="-105.540095"></trkpt>
      <trkpt lat="35.006190" lon="-105.533074"></trkpt>
      <trkpt lat="35.006211" lon="-105.531803"></trkpt>
      <trkpt lat="35.006218" lon="-105.530241"></trkpt>
      <trkpt lat="35.006155" lon="-105.528439"></trkpt>
      <trkpt lat="35.005956" lon="-105.524247"></trkpt>
      <trkpt lat="35.005561" lon="-105.516247"></trkpt>
      <trkpt lat="35.004840" lon="-105.502346"></trkpt>
      <trkpt lat="35.004538" lon="-105.496072"></trkpt>
      <trkpt lat="35.004411" lon="-105.494218"></trkpt>
      <trkpt lat="35.004200" lon="-105.492484"></trkpt>
      <trkpt lat="35.003736" lon="-105.489592"></trkpt>
      <trkpt lat="35.001543" lon="-105.475636"></trkpt>
      <trkpt lat="35.000895" lon="-105.471493"></trkpt>
      <trkpt lat="34.999743" lon="-105.464126"></trkpt>
      <trkpt lat="34.999539" lon="-105.462365"></trkpt>
      <trkpt lat="34.999491" lon="-105.461886"></trkpt>
      <trkpt lat="34.999447" lon="-105.461357"></trkpt>
      <trkpt lat="34.999376" lon="-105.460361"></trkpt>
      <trkpt lat="34.999296" lon="-105.458615"></trkpt>
      <trkpt lat="34.999209" lon="-105.456813"></trkpt>
      <trkpt lat="34.999014" lon="-105.452376"></trkpt>
      <trkpt lat="34.998802" lon="-105.447974"></trkpt>
      <trkpt lat="34.998619" lon="-105.444140"></trkpt>
      <trkpt lat="34.998550" lon="-105.442774"></trkpt>
      <trkpt lat="34.998496" lon="-105.441628"></trkpt>
      <trkpt lat="34.998440" lon="-105.440445"></trkpt>
      <trkpt lat="34.998346" lon="-105.438402"></trkpt>
      <trkpt lat="34.998248" lon="-105.436390"></trkpt>
      <trkpt lat="34.997939" lon="-105.429887"></trkpt>
      <trkpt lat="34.997782" lon="-105.426641"></trkpt>
      <trkpt lat="34.997626" lon="-105.423427"></trkpt>
      <trkpt lat="34.997479" lon="-105.420365"></trkpt>
      <trkpt lat="34.997330" lon="-105.417243"></trkpt>
      <trkpt lat="34.997047" lon="-105.411099"></trkpt>
      <trkpt lat="34.996963" lon="-105.409361"></trkpt>
      <trkpt lat="34.996627" lon="-105.402401"></trkpt>
      <trkpt lat="34.996296" lon="-105.395503"></trkpt>
      <trkpt lat="34.995836" lon="-105.385997"></trkpt>
      <trkpt lat="34.995701" lon="-105.383123"></trkpt>
      <trkpt lat="34.995632" lon="-105.381637"></trkpt>
      <trkpt lat="34.995556" lon="-105.380122"></trkpt>
      <trkpt lat="34.995404" lon="-105.377070"></trkpt>
      <trkpt lat="34.995138" lon="-105.371428"></trkpt>
      <trkpt lat="34.994463" lon="-105.357541"></trkpt>
      <trkpt lat="34.993781" lon="-105.343311"></trkpt>
      <trkpt lat="34.993204" lon="-105.331123"></trkpt>
      <trkpt lat="34.992508" lon="-105.317355"></trkpt>
      <trkpt lat="34.991882" lon="-105.303992"></trkpt>
      <trkpt lat="34.991591" lon="-105.298022"></trkpt>
      <trkpt lat="34.991312" lon="-105.291950"></trkpt>
      <trkpt lat="34.991164" lon="-105.289332"></trkpt>
      <trkpt lat="34.991025" lon="-105.287093"></trkpt>
      <trkpt lat="34.989795" lon="-105.261945"></trkpt>
      <trkpt lat="34.988409" lon="-105.233620"></trkpt>
      <trkpt lat="34.987998" lon="-105.224415"></trkpt>
      <trkpt lat="34.987720" lon="-105.218652"></trkpt>
      <trkpt lat="34.987630" lon="-105.217288"></trkpt>
      <trkpt lat="34.987088" lon="-105.205923"></trkpt>
      <trkpt lat="34.985681" lon="-105.178200"></trkpt>
      <trkpt lat="34.985216" lon="-105.167633"></trkpt>
      <trkpt lat="34.984394" lon="-105.150880"></trkpt>
      <trkpt lat="34.982988" lon="-105.123139"></trkpt>
      <trkpt lat="34.981581" lon="-105.095545"></trkpt>
      <trkpt lat="34.981365" lon="-105.090061"></trkpt>
      <trkpt lat="34.981316" lon="-105.088895"></trkpt>
      <trkpt lat="34.981234" lon="-105.087188"></trkpt>
      <trkpt lat="34.981076" lon="-105.084061"></trkpt>
      <trkpt lat="34.980832" lon="-105.079377"></trkpt>
      <trkpt lat="34.980794" lon="-105.078733"></trkpt>
      <trkpt lat="34.980339" lon="-105.069936"></trkpt>
      <trkpt lat="34.979980" lon="-105.062606"></trkpt>
      <trkpt lat="34.979682" lon="-105.058140"></trkpt>
      <trkpt lat="34.978262" lon="-105.030605"></trkpt>
      <trkpt lat="34.977137" lon="-105.007371"></trkpt>
      <trkpt lat="34.976804" lon="-105.000420"></trkpt>
      <trkpt lat="34.976571" lon="-104.995964"></trkpt>
      <trkpt lat="34.976522" lon="-104.994906"></trkpt>
      <trkpt lat="34.976081" lon="-104.986375"></trkpt>
      <trkpt lat="34.975934" lon="-104.983511"></trkpt>
      <trkpt lat="34.975745" lon="-104.979819"></trkpt>
      <trkpt lat="34.974470" lon="-104.954903"></trkpt>
      <trkpt lat="34.974325" lon="-104.952074"></trkpt>
      <trkpt lat="34.973621" lon="-104.938346"></trkpt>
      <trkpt lat="34.973079" lon="-104.927792"></trkpt>
      <trkpt lat="34.972821" lon="-104.922679"></trkpt>
      <trkpt lat="34.972325" lon="-104.913147"></trkpt>
      <trkpt lat="34.971619" lon="-104.899481"></trkpt>
      <trkpt lat="34.970944" lon="-104.886365"></trkpt>
      <trkpt lat="34.970540" lon="-104.878621"></trkpt>
      <trkpt lat="34.970278" lon="-104.873705"></trkpt>
      <trkpt lat="34.970172" lon="-104.871383"></trkpt>
      <trkpt lat="34.969838" lon="-104.864968"></trkpt>
      <trkpt lat="34.969520" lon="-104.858934"></trkpt>
      <trkpt lat="34.969467" lon="-104.857256"></trkpt>
      <trkpt lat="34.969290" lon="-104.839903"></trkpt>
      <trkpt lat="34.968978" lon="-104.811934"></trkpt>
      <trkpt lat="34.968819" lon="-104.795132"></trkpt>
      <trkpt lat="34.968757" lon="-104.789030"></trkpt>
      <trkpt lat="34.968746" lon="-104.788403"></trkpt>
      <trkpt lat="34.968726" lon="-104.787779"></trkpt>
      <trkpt lat="34.968700" lon="-104.787424"></trkpt>
      <trkpt lat="34.968672" lon="-104.787021"></trkpt>
      <trkpt lat="34.968603" lon="-104.786316"></trkpt>
      <trkpt lat="34.968471" lon="-104.785390"></trkpt>
      <trkpt lat="34.968363" lon="-104.784751"></trkpt>
      <trkpt lat="34.968275" lon="-104.784314"></trkpt>
      <trkpt lat="34.968183" lon="-104.783898"></trkpt>
      <trkpt lat="34.967266" lon="-104.779893"></trkpt>
      <trkpt lat="34.967095" lon="-104.779145"></trkpt>
      <trkpt lat="34.967002" lon="-104.778684"></trkpt>
      <trkpt lat="34.966857" lon="-104.777823"></trkpt>
      <trkpt lat="34.966755" lon="-104.777076"></trkpt>
      <trkpt lat="34.966692" lon="-104.776408"></trkpt>
      <trkpt lat="34.966655" lon="-104.775871"></trkpt>
      <trkpt lat="34.966617" lon="-104.775067"></trkpt>
      <trkpt lat="34.966580" lon="-104.771054"></trkpt>
      <trkpt lat="34.966569" lon="-104.769905"></trkpt>
      <trkpt lat="34.966549" lon="-104.769043"></trkpt>
      <trkpt lat="34.966522" lon="-104.768357"></trkpt>
      <trkpt lat="34.966493" lon="-104.767797"></trkpt>
      <trkpt lat="34.966454" lon="-104.767211"></trkpt>
      <trkpt lat="34.966369" lon="-104.766226"></trkpt>
      <trkpt lat="34.965721" lon="-104.759438"></trkpt>
      <trkpt lat="34.965222" lon="-104.754261"></trkpt>
      <trkpt lat="34.964552" lon="-104.747274"></trkpt>
      <trkpt lat="34.964416" lon="-104.746086"></trkpt>
      <trkpt lat="34.964299" lon="-104.745273"></trkpt>
      <trkpt lat="34.964143" lon="-104.744302"></trkpt>
      <trkpt lat="34.963859" lon="-104.742867"></trkpt>
      <trkpt lat="34.963600" lon="-104.741786"></trkpt>
      <trkpt lat="34.963444" lon="-104.741180"></trkpt>
      <trkpt lat="34.963092" lon="-104.739949"></trkpt>
      <trkpt lat="34.962666" lon="-104.738632"></trkpt>
      <trkpt lat="34.962217" lon="-104.737444"></trkpt>
      <trkpt lat="34.961756" lon="-104.736280"></trkpt>
      <trkpt lat="34.961235" lon="-104.735118"></trkpt>
      <trkpt lat="34.960786" lon="-104.734193"></trkpt>
      <trkpt lat="34.960186" lon="-104.733048"></trkpt>
      <trkpt lat="34.958144" lon="-104.729531"></trkpt>
      <trkpt lat="34.955142" lon="-104.724335"></trkpt>
      <trkpt lat="34.951288" lon="-104.717763"></trkpt>
      <trkpt lat="34.951093" lon="-104.717430"></trkpt>
      <trkpt lat="34.948491" lon="-104.712970"></trkpt>
      <trkpt lat="34.947688" lon="-104.711553"></trkpt>
      <trkpt lat="34.947101" lon="-104.710312"></trkpt>
      <trkpt lat="34.946952" lon="-104.709949"></trkpt>
      <trkpt lat="34.946554" lon="-104.708916"></trkpt>
      <trkpt lat="34.946204" lon="-104.707868"></trkpt>
      <trkpt lat="34.945881" lon="-104.706647"></trkpt>
      <trkpt lat="34.945771" lon="-104.706161"></trkpt>
      <trkpt lat="34.945657" lon="-104.705618"></trkpt>
      <trkpt lat="34.945555" lon="-104.705001"></trkpt>
      <trkpt lat="34.945420" lon="-104.704046"></trkpt>
      <trkpt lat="34.945369" lon="-104.703644"></trkpt>
      <trkpt lat="34.945342" lon="-104.703395"></trkpt>
      <trkpt lat="34.945312" lon="-104.703084"></trkpt>
      <trkpt lat="34.945294" lon="-104.702732"></trkpt>
      <trkpt lat="34.945274" lon="-104.702230"></trkpt>
      <trkpt lat="34.945266" lon="-104.702088"></trkpt>
      <trkpt lat="34.945255" lon="-104.700728"></trkpt>
      <trkpt lat="34.945323" lon="-104.699291"></trkpt>
      <trkpt lat="34.945432" lon="-104.698287"></trkpt>
      <trkpt lat="34.945572" lon="-104.697316"></trkpt>
      <trkpt lat="34.945989" lon="-104.695247"></trkpt>
      <trkpt lat="34.947722" lon="-104.687128"></trkpt>
      <trkpt lat="34.947809" lon="-104.686717"></trkpt>
      <trkpt lat="34.948328" lon="-104.684104"></trkpt>
      <trkpt lat="34.948434" lon="-104.683496"></trkpt>
      <trkpt lat="34.948475" lon="-104.683119"></trkpt>
      <trkpt lat="34.948487" lon="-104.682515"></trkpt>
      <trkpt lat="34.948441" lon="-104.681825"></trkpt>
      <trkpt lat="34.948394" lon="-104.681463"></trkpt>
      <trkpt lat="34.948317" lon="-104.681113"></trkpt>
      <trkpt lat="34.948091" lon="-104.680316"></trkpt>
      <trkpt lat="34.947827" lon="-104.679672"></trkpt>
      <trkpt lat="34.947517" lon="-104.678968"></trkpt>
      <trkpt lat="34.947169" lon="-104.678243"></trkpt>
      <trkpt lat="34.944921" lon="-104.673514"></trkpt>
      <trkpt lat="34.944492" lon="-104.672612"></trkpt>
      <trkpt lat="34.944171" lon="-104.671897"></trkpt>
      <trkpt lat="34.943906" lon="-104.671246"></trkpt>
      <trkpt lat="34.943719" lon="-104.670686"></trkpt>
      <trkpt lat="34.943528" lon="-104.669982"></trkpt>
      <trkpt lat="34.943390" lon="-104.669404"></trkpt>
      <trkpt lat="34.943327" lon="-104.668918"></trkpt>
      <trkpt lat="34.943289" lon="-104.668632"></trkpt>
      <trkpt lat="34.943236" lon="-104.667999"></trkpt>
      <trkpt lat="34.943239" lon="-104.667397"></trkpt>
      <trkpt lat="34.943248" lon="-104.666823"></trkpt>
      <trkpt lat="34.943305" lon="-104.666201"></trkpt>
      <trkpt lat="34.943362" lon="-104.665740"></trkpt>
      <trkpt lat="34.943543" lon="-104.664653"></trkpt>
      <trkpt lat="34.945552" lon="-104.652916"></trkpt>
      <trkpt lat="34.946320" lon="-104.648463"></trkpt>
      <trkpt lat="34.946896" lon="-104.645097"></trkpt>
      <trkpt lat="34.947179" lon="-104.643601"></trkpt>
      <trkpt lat="34.947544" lon="-104.641996"></trkpt>
      <trkpt lat="34.947711" lon="-104.641319"></trkpt>
      <trkpt lat="34.947954" lon="-104.640319"></trkpt>
      <trkpt lat="34.948416" lon="-104.638752"></trkpt>
      <trkpt lat="34.948751" lon="-104.637818"></trkpt>
      <trkpt lat="34.949155" lon="-104.636692"></trkpt>
      <trkpt lat="34.949867" lon="-104.634997"></trkpt>
      <trkpt lat="34.952919" lon="-104.628495"></trkpt>
      <trkpt lat="34.955961" lon="-104.622144"></trkpt>
      <trkpt lat="34.960606" lon="-104.612364"></trkpt>
      <trkpt lat="34.965326" lon="-104.602609"></trkpt>
      <trkpt lat="34.966757" lon="-104.599619"></trkpt>
      <trkpt lat="34.970396" lon="-104.592025"></trkpt>
      <trkpt lat="34.972634" lon="-104.587355"></trkpt>
      <trkpt lat="34.976930" lon="-104.578378"></trkpt>
      <trkpt lat="34.981185" lon="-104.569474"></trkpt>
      <trkpt lat="34.988193" lon="-104.554857"></trkpt>
      <trkpt lat="34.993611" lon="-104.543504"></trkpt>
      <trkpt lat="34.995049" lon="-104.540485"></trkpt>
      <trkpt lat="34.998776" lon="-104.532843"></trkpt>
      <trkpt lat="35.003484" lon="-104.522997"></trkpt>
      <trkpt lat="35.003627" lon="-104.522692"></trkpt>
      <trkpt lat="35.005611" lon="-104.518502"></trkpt>
      <trkpt lat="35.005999" lon="-104.517615"></trkpt>
      <trkpt lat="35.006649" lon="-104.515954"></trkpt>
      <trkpt lat="35.007054" lon="-104.514602"></trkpt>
      <trkpt lat="35.009004" lon="-104.506706"></trkpt>
      <trkpt lat="35.010171" lon="-104.502211"></trkpt>
      <trkpt lat="35.011062" lon="-104.498597"></trkpt>
      <trkpt lat="35.011272" lon="-104.497452"></trkpt>
      <trkpt lat="35.011411" lon="-104.496312"></trkpt>
      <trkpt lat="35.011495" lon="-104.495145"></trkpt>
      <trkpt lat="35.011525" lon="-104.494162"></trkpt>
      <trkpt lat="35.011503" lon="-104.492401"></trkpt>
      <trkpt lat="35.011289" lon="-104.478103"></trkpt>
      <trkpt lat="35.011155" lon="-104.467257"></trkpt>
      <trkpt lat="35.011173" lon="-104.466395"></trkpt>
      <trkpt lat="35.011213" lon="-104.465797"></trkpt>
      <trkpt lat="35.011276" lon="-104.465217"></trkpt>
      <trkpt lat="35.011393" lon="-104.464549"></trkpt>
      <trkpt lat="35.011808" lon="-104.462554"></trkpt>
      <trkpt lat="35.012905" lon="-104.457194"></trkpt>
      <trkpt lat="35.015015" lon="-104.446946"></trkpt>
      <trkpt lat="35.015648" lon="-104.444758"></trkpt>
      <trkpt lat="35.016140" lon="-104.443565"></trkpt>
      <trkpt lat="35.016588" lon="-104.442312"></trkpt>
      <trkpt lat="35.017153" lon="-104.440931"></trkpt>
      <trkpt lat="35.017792" lon="-104.439436"></trkpt>
      <trkpt lat="35.020965" lon="-104.432420"></trkpt>
      <trkpt lat="35.024079" lon="-104.425464"></trkpt>
      <trkpt lat="35.027667" lon="-104.417313"></trkpt>
      <trkpt lat="35.028573" lon="-104.415386"></trkpt>
      <trkpt lat="35.029914" lon="-104.412298"></trkpt>
      <trkpt lat="35.030037" lon="-104.412017"></trkpt>
      <trkpt lat="35.033074" lon="-104.404970"></trkpt>
      <trkpt lat="35.033720" lon="-104.403479"></trkpt>
      <trkpt lat="35.034370" lon="-104.401988"></trkpt>
      <trkpt lat="35.035554" lon="-104.399218"></trkpt>
      <trkpt lat="35.036246" lon="-104.397732"></trkpt>
      <trkpt lat="35.036703" lon="-104.396845"></trkpt>
      <trkpt lat="35.037323" lon="-104.395637"></trkpt>
      <trkpt lat="35.037959" lon="-104.394437"></trkpt>
      <trkpt lat="35.040857" lon="-104.388997"></trkpt>
      <trkpt lat="35.043897" lon="-104.383312"></trkpt>
      <trkpt lat="35.046117" lon="-104.379148"></trkpt>
      <trkpt lat="35.046426" lon="-104.378574"></trkpt>
      <trkpt lat="35.046711" lon="-104.378000"></trkpt>
      <trkpt lat="35.047001" lon="-104.377266"></trkpt>
      <trkpt lat="35.047228" lon="-104.376580"></trkpt>
      <trkpt lat="35.047345" lon="-104.376154"></trkpt>
      <trkpt lat="35.047426" lon="-104.375735"></trkpt>
      <trkpt lat="35.047498" lon="-104.375360"></trkpt>
      <trkpt lat="35.047551" lon="-104.374981"></trkpt>
      <trkpt lat="35.047650" lon="-104.374177"></trkpt>
      <trkpt lat="35.047749" lon="-104.373363"></trkpt>
      <trkpt lat="35.047928" lon="-104.371816"></trkpt>
      <trkpt lat="35.048737" lon="-104.364841"></trkpt>
      <trkpt lat="35.049204" lon="-104.360829"></trkpt>
      <trkpt lat="35.049658" lon="-104.356835"></trkpt>
      <trkpt lat="35.050577" lon="-104.348890"></trkpt>
      <trkpt lat="35.051163" lon="-104.343877"></trkpt>
      <trkpt lat="35.051743" lon="-104.338870"></trkpt>
      <trkpt lat="35.051892" lon="-104.337799"></trkpt>
      <trkpt lat="35.052092" lon="-104.336721"></trkpt>
      <trkpt lat="35.052291" lon="-104.335809"></trkpt>
      <trkpt lat="35.052531" lon="-104.334911"></trkpt>
      <trkpt lat="35.054351" lon="-104.328331"></trkpt>
      <trkpt lat="35.055638" lon="-104.323606"></trkpt>
      <trkpt lat="35.056702" lon="-104.319765"></trkpt>
      <trkpt lat="35.057497" lon="-104.316784"></trkpt>
      <trkpt lat="35.058713" lon="-104.312434"></trkpt>
      <trkpt lat="35.061124" lon="-104.303621"></trkpt>
      <trkpt lat="35.061401" lon="-104.302540"></trkpt>
      <trkpt lat="35.061611" lon="-104.301601"></trkpt>
      <trkpt lat="35.061802" lon="-104.300668"></trkpt>
      <trkpt lat="35.061967" lon="-104.299725"></trkpt>
      <trkpt lat="35.062121" lon="-104.298758"></trkpt>
      <trkpt lat="35.062257" lon="-104.297773"></trkpt>
      <trkpt lat="35.062463" lon="-104.295974"></trkpt>
      <trkpt lat="35.062644" lon="-104.294189"></trkpt>
      <trkpt lat="35.063434" lon="-104.286379"></trkpt>
      <trkpt lat="35.064453" lon="-104.277002"></trkpt>
      <trkpt lat="35.064533" lon="-104.276299"></trkpt>
      <trkpt lat="35.064962" lon="-104.272517"></trkpt>
      <trkpt lat="35.065127" lon="-104.270909"></trkpt>
      <trkpt lat="35.065484" lon="-104.267716"></trkpt>
      <trkpt lat="35.065961" lon="-104.263210"></trkpt>
      <trkpt lat="35.066320" lon="-104.259851"></trkpt>
      <trkpt lat="35.066375" lon="-104.259304"></trkpt>
      <trkpt lat="35.067127" lon="-104.252216"></trkpt>
      <trkpt lat="35.068199" lon="-104.242096"></trkpt>
      <trkpt lat="35.069015" lon="-104.234456"></trkpt>
      <trkpt lat="35.069675" lon="-104.228006"></trkpt>
      <trkpt lat="35.069833" lon="-104.226118"></trkpt>
      <trkpt lat="35.069974" lon="-104.223715"></trkpt>
      <trkpt lat="35.070027" lon="-104.221183"></trkpt>
      <trkpt lat="35.069974" lon="-104.219530"></trkpt>
      <trkpt lat="35.069851" lon="-104.217428"></trkpt>
      <trkpt lat="35.069241" lon="-104.212301"></trkpt>
      <trkpt lat="35.069198" lon="-104.211930"></trkpt>
      <trkpt lat="35.066437" lon="-104.189988"></trkpt>
      <trkpt lat="35.066272" lon="-104.187919"></trkpt>
      <trkpt lat="35.066227" lon="-104.186590"></trkpt>
      <trkpt lat="35.066191" lon="-104.185342"></trkpt>
      <trkpt lat="35.066204" lon="-104.183732"></trkpt>
      <trkpt lat="35.066300" lon="-104.182198"></trkpt>
      <trkpt lat="35.066480" lon="-104.180181"></trkpt>
      <trkpt lat="35.066687" lon="-104.178448"></trkpt>
      <trkpt lat="35.066950" lon="-104.176866"></trkpt>
      <trkpt lat="35.067244" lon="-104.175482"></trkpt>
      <trkpt lat="35.070168" lon="-104.163728"></trkpt>
      <trkpt lat="35.071279" lon="-104.159260"></trkpt>
      <trkpt lat="35.074067" lon="-104.148064"></trkpt>
      <trkpt lat="35.076436" lon="-104.138367"></trkpt>
      <trkpt lat="35.079059" lon="-104.127905"></trkpt>
      <trkpt lat="35.079179" lon="-104.127422"></trkpt>
      <trkpt lat="35.081179" lon="-104.119365"></trkpt>
      <trkpt lat="35.084091" lon="-104.107694"></trkpt>
      <trkpt lat="35.085191" lon="-104.103246"></trkpt>
      <trkpt lat="35.086700" lon="-104.097129"></trkpt>
      <trkpt lat="35.087609" lon="-104.093469"></trkpt>
      <trkpt lat="35.088956" lon="-104.087978"></trkpt>
      <trkpt lat="35.089875" lon="-104.084263"></trkpt>
      <trkpt lat="35.091638" lon="-104.077129"></trkpt>
      <trkpt lat="35.091801" lon="-104.076491"></trkpt>
      <trkpt lat="35.091960" lon="-104.075840"></trkpt>
      <trkpt lat="35.092286" lon="-104.074550"></trkpt>
      <trkpt lat="35.092652" lon="-104.072942"></trkpt>
      <trkpt lat="35.092819" lon="-104.072213"></trkpt>
      <trkpt lat="35.093138" lon="-104.070521"></trkpt>
      <trkpt lat="35.093247" lon="-104.069293"></trkpt>
      <trkpt lat="35.093539" lon="-104.064628"></trkpt>
      <trkpt lat="35.093767" lon="-104.063126"></trkpt>
      <trkpt lat="35.094188" lon="-104.061495"></trkpt>
      <trkpt lat="35.094484" lon="-104.060629"></trkpt>
      <trkpt lat="35.094803" lon="-104.059821"></trkpt>
      <trkpt lat="35.095242" lon="-104.058898"></trkpt>
      <trkpt lat="35.098700" lon="-104.051689"></trkpt>
      <trkpt lat="35.099280" lon="-104.050272"></trkpt>
      <trkpt lat="35.099701" lon="-104.049092"></trkpt>
      <trkpt lat="35.100140" lon="-104.047461"></trkpt>
      <trkpt lat="35.100238" lon="-104.047093"></trkpt>
      <trkpt lat="35.102756" lon="-104.037677"></trkpt>
      <trkpt lat="35.105431" lon="-104.027701"></trkpt>
      <trkpt lat="35.106769" lon="-104.022710"></trkpt>
      <trkpt lat="35.109153" lon="-104.013820"></trkpt>
      <trkpt lat="35.111498" lon="-104.004911"></trkpt>
      <trkpt lat="35.112376" lon="-104.001739"></trkpt>
      <trkpt lat="35.113211" lon="-103.998540"></trkpt>
      <trkpt lat="35.115184" lon="-103.991208"></trkpt>
      <trkpt lat="35.116513" lon="-103.986229"></trkpt>
      <trkpt lat="35.121323" lon="-103.968156"></trkpt>
      <trkpt lat="35.121730" lon="-103.966630"></trkpt>
      <trkpt lat="35.122833" lon="-103.962603"></trkpt>
      <trkpt lat="35.123240" lon="-103.961199"></trkpt>
      <trkpt lat="35.123600" lon="-103.960060"></trkpt>
      <trkpt lat="35.123929" lon="-103.958928"></trkpt>
      <trkpt lat="35.124407" lon="-103.957171"></trkpt>
      <trkpt lat="35.124673" lon="-103.956104"></trkpt>
      <trkpt lat="35.124845" lon="-103.955344"></trkpt>
      <trkpt lat="35.125081" lon="-103.954130"></trkpt>
      <trkpt lat="35.125245" lon="-103.953195"></trkpt>
      <trkpt lat="35.125412" lon="-103.952089"></trkpt>
      <trkpt lat="35.125556" lon="-103.950966"></trkpt>
      <trkpt lat="35.125645" lon="-103.950075"></trkpt>
      <trkpt lat="35.125720" lon="-103.949197"></trkpt>
      <trkpt lat="35.125772" lon="-103.948409"></trkpt>
      <trkpt lat="35.125809" lon="-103.947655"></trkpt>
      <trkpt lat="35.125822" lon="-103.947308"></trkpt>
      <trkpt lat="35.125851" lon="-103.945976"></trkpt>
      <trkpt lat="35.125837" lon="-103.944658"></trkpt>
      <trkpt lat="35.125782" lon="-103.943174"></trkpt>
      <trkpt lat="35.125713" lon="-103.942108"></trkpt>
      <trkpt lat="35.125613" lon="-103.941039"></trkpt>
      <trkpt lat="35.125471" lon="-103.939780"></trkpt>
      <trkpt lat="35.125289" lon="-103.938529"></trkpt>
      <trkpt lat="35.123658" lon="-103.927232"></trkpt>
      <trkpt lat="35.121918" lon="-103.915186"></trkpt>
      <trkpt lat="35.120350" lon="-103.904234"></trkpt>
      <trkpt lat="35.119552" lon="-103.898977"></trkpt>
      <trkpt lat="35.119313" lon="-103.897276"></trkpt>
      <trkpt lat="35.118292" lon="-103.890251"></trkpt>
      <trkpt lat="35.118113" lon="-103.888860"></trkpt>
      <trkpt lat="35.117086" lon="-103.881779"></trkpt>
      <trkpt lat="35.116598" lon="-103.878383"></trkpt>
      <trkpt lat="35.116179" lon="-103.875510"></trkpt>
      <trkpt lat="35.116083" lon="-103.874552"></trkpt>
      <trkpt lat="35.116048" lon="-103.873884"></trkpt>
      <trkpt lat="35.116043" lon="-103.873254"></trkpt>
      <trkpt lat="35.116052" lon="-103.872686"></trkpt>
      <trkpt lat="35.116107" lon="-103.871854"></trkpt>
      <trkpt lat="35.116221" lon="-103.870974"></trkpt>
      <trkpt lat="35.116386" lon="-103.870068"></trkpt>
      <trkpt lat="35.116554" lon="-103.869367"></trkpt>
      <trkpt lat="35.116661" lon="-103.868998"></trkpt>
      <trkpt lat="35.116789" lon="-103.868582"></trkpt>
      <trkpt lat="35.116924" lon="-103.868180"></trkpt>
      <trkpt lat="35.117089" lon="-103.867759"></trkpt>
      <trkpt lat="35.117214" lon="-103.867452"></trkpt>
      <trkpt lat="35.117352" lon="-103.867143"></trkpt>
      <trkpt lat="35.117523" lon="-103.866777"></trkpt>
      <trkpt lat="35.117759" lon="-103.866316"></trkpt>
      <trkpt lat="35.118131" lon="-103.865637"></trkpt>
      <trkpt lat="35.118416" lon="-103.865118"></trkpt>
      <trkpt lat="35.120773" lon="-103.860818"></trkpt>
      <trkpt lat="35.121746" lon="-103.859093"></trkpt>
      <trkpt lat="35.127265" lon="-103.848979"></trkpt>
      <trkpt lat="35.136627" lon="-103.831890"></trkpt>
      <trkpt lat="35.138538" lon="-103.828418"></trkpt>
      <trkpt lat="35.138987" lon="-103.827592"></trkpt>
      <trkpt lat="35.139156" lon="-103.827271"></trkpt>
      <trkpt lat="35.139319" lon="-103.826954"></trkpt>
      <trkpt lat="35.139495" lon="-103.826597"></trkpt>
      <trkpt lat="35.139661" lon="-103.826235"></trkpt>
      <trkpt lat="35.139829" lon="-103.825863"></trkpt>
      <trkpt lat="35.139985" lon="-103.825487"></trkpt>
      <trkpt lat="35.140140" lon="-103.825103"></trkpt>
      <trkpt lat="35.140300" lon="-103.824676"></trkpt>
      <trkpt lat="35.140425" lon="-103.824311"></trkpt>
      <trkpt lat="35.140563" lon="-103.823876"></trkpt>
      <trkpt lat="35.140701" lon="-103.823428"></trkpt>
      <trkpt lat="35.140859" lon="-103.822869"></trkpt>
      <trkpt lat="35.141590" lon="-103.820070"></trkpt>
      <trkpt lat="35.142396" lon="-103.816962"></trkpt>
      <trkpt lat="35.143825" lon="-103.811495"></trkpt>
      <trkpt lat="35.144670" lon="-103.808214"></trkpt>
      <trkpt lat="35.145284" lon="-103.805850"></trkpt>
      <trkpt lat="35.146041" lon="-103.802976"></trkpt>
      <trkpt lat="35.146486" lon="-103.801238"></trkpt>
      <trkpt lat="35.146587" lon="-103.800803"></trkpt>
      <trkpt lat="35.146677" lon="-103.800385"></trkpt>
      <trkpt lat="35.146766" lon="-103.799931"></trkpt>
      <trkpt lat="35.146867" lon="-103.799343"></trkpt>
      <trkpt lat="35.146913" lon="-103.799025"></trkpt>
      <trkpt lat="35.147006" lon="-103.798362"></trkpt>
      <trkpt lat="35.147434" lon="-103.794837"></trkpt>
      <trkpt lat="35.147495" lon="-103.794341"></trkpt>
      <trkpt lat="35.147794" lon="-103.791959"></trkpt>
      <trkpt lat="35.147943" lon="-103.790789"></trkpt>
      <trkpt lat="35.148013" lon="-103.790239"></trkpt>
      <trkpt lat="35.148653" lon="-103.785218"></trkpt>
      <trkpt lat="35.148820" lon="-103.783887"></trkpt>
      <trkpt lat="35.148869" lon="-103.783510"></trkpt>
      <trkpt lat="35.148919" lon="-103.783173"></trkpt>
      <trkpt lat="35.148968" lon="-103.782871"></trkpt>
      <trkpt lat="35.149000" lon="-103.782695"></trkpt>
      <trkpt lat="35.149054" lon="-103.782405"></trkpt>
      <trkpt lat="35.149096" lon="-103.782183"></trkpt>
      <trkpt lat="35.149146" lon="-103.781933"></trkpt>
      <trkpt lat="35.149201" lon="-103.781691"></trkpt>
      <trkpt lat="35.149255" lon="-103.781458"></trkpt>
      <trkpt lat="35.149314" lon="-103.781218"></trkpt>
      <trkpt lat="35.149380" lon="-103.780962"></trkpt>
      <trkpt lat="35.149463" lon="-103.780661"></trkpt>
      <trkpt lat="35.149531" lon="-103.780416"></trkpt>
      <trkpt lat="35.149606" lon="-103.780158"></trkpt>
      <trkpt lat="35.149682" lon="-103.779911"></trkpt>
      <trkpt lat="35.149750" lon="-103.779690"></trkpt>
      <trkpt lat="35.149827" lon="-103.779456"></trkpt>
      <trkpt lat="35.149897" lon="-103.779253"></trkpt>
      <trkpt lat="35.149984" lon="-103.779002"></trkpt>
      <trkpt lat="35.150080" lon="-103.778744"></trkpt>
      <trkpt lat="35.150185" lon="-103.778475"></trkpt>
      <trkpt lat="35.150326" lon="-103.778128"></trkpt>
      <trkpt lat="35.150476" lon="-103.777770"></trkpt>
      <trkpt lat="35.150680" lon="-103.777318"></trkpt>
      <trkpt lat="35.150900" lon="-103.776854"></trkpt>
      <trkpt lat="35.151091" lon="-103.776484"></trkpt>
      <trkpt lat="35.151321" lon="-103.776037"></trkpt>
      <trkpt lat="35.151712" lon="-103.775284"></trkpt>
      <trkpt lat="35.153594" lon="-103.771614"></trkpt>
      <trkpt lat="35.154905" lon="-103.769071"></trkpt>
      <trkpt lat="35.155244" lon="-103.768422"></trkpt>
      <trkpt lat="35.155376" lon="-103.768163"></trkpt>
      <trkpt lat="35.155497" lon="-103.767921"></trkpt>
      <trkpt lat="35.155612" lon="-103.767682"></trkpt>
      <trkpt lat="35.155705" lon="-103.767474"></trkpt>
      <trkpt lat="35.155808" lon="-103.767232"></trkpt>
      <trkpt lat="35.155907" lon="-103.766993"></trkpt>
      <trkpt lat="35.155994" lon="-103.766764"></trkpt>
      <trkpt lat="35.156073" lon="-103.766527"></trkpt>
      <trkpt lat="35.156151" lon="-103.766282"></trkpt>
      <trkpt lat="35.156231" lon="-103.766010"></trkpt>
      <trkpt lat="35.156306" lon="-103.765731"></trkpt>
      <trkpt lat="35.156363" lon="-103.765485"></trkpt>
      <trkpt lat="35.156421" lon="-103.765223"></trkpt>
      <trkpt lat="35.156465" lon="-103.765000"></trkpt>
      <trkpt lat="35.156501" lon="-103.764786"></trkpt>
      <trkpt lat="35.156538" lon="-103.764560"></trkpt>
      <trkpt lat="35.156569" lon="-103.764340"></trkpt>
      <trkpt lat="35.156596" lon="-103.764142"></trkpt>
      <trkpt lat="35.156619" lon="-103.763929"></trkpt>
      <trkpt lat="35.156633" lon="-103.763737"></trkpt>
      <trkpt lat="35.156642" lon="-103.763536"></trkpt>
      <trkpt lat="35.156646" lon="-103.763348"></trkpt>
      <trkpt lat="35.156651" lon="-103.763058"></trkpt>
      <trkpt lat="35.156645" lon="-103.762789"></trkpt>
      <trkpt lat="35.156638" lon="-103.762572"></trkpt>
      <trkpt lat="35.156626" lon="-103.762353"></trkpt>
      <trkpt lat="35.156609" lon="-103.762109"></trkpt>
      <trkpt lat="35.156587" lon="-103.761870"></trkpt>
      <trkpt lat="35.156569" lon="-103.761677"></trkpt>
      <trkpt lat="35.156555" lon="-103.761554"></trkpt>
      <trkpt lat="35.156533" lon="-103.761385"></trkpt>
      <trkpt lat="35.156511" lon="-103.761237"></trkpt>
      <trkpt lat="35.156479" lon="-103.761031"></trkpt>
      <trkpt lat="35.156442" lon="-103.760816"></trkpt>
      <trkpt lat="35.156388" lon="-103.760551"></trkpt>
      <trkpt lat="35.156343" lon="-103.760349"></trkpt>
      <trkpt lat="35.156295" lon="-103.760145"></trkpt>
      <trkpt lat="35.156246" lon="-103.759946"></trkpt>
      <trkpt lat="35.156189" lon="-103.759742"></trkpt>
      <trkpt lat="35.156147" lon="-103.759599"></trkpt>
      <trkpt lat="35.154609" lon="-103.754712"></trkpt>
      <trkpt lat="35.154155" lon="-103.753273"></trkpt>
      <trkpt lat="35.153587" lon="-103.751461"></trkpt>
      <trkpt lat="35.152845" lon="-103.749060"></trkpt>
      <trkpt lat="35.152503" lon="-103.747945"></trkpt>
      <trkpt lat="35.152308" lon="-103.747259"></trkpt>
      <trkpt lat="35.152184" lon="-103.746799"></trkpt>
      <trkpt lat="35.152068" lon="-103.746322"></trkpt>
      <trkpt lat="35.151999" lon="-103.745977"></trkpt>
      <trkpt lat="35.151890" lon="-103.745409"></trkpt>
      <trkpt lat="35.151789" lon="-103.744783"></trkpt>
      <trkpt lat="35.151733" lon="-103.744421"></trkpt>
      <trkpt lat="35.151676" lon="-103.744009"></trkpt>
      <trkpt lat="35.151630" lon="-103.743627"></trkpt>
      <trkpt lat="35.151590" lon="-103.743231"></trkpt>
      <trkpt lat="35.151557" lon="-103.742778"></trkpt>
      <trkpt lat="35.151532" lon="-103.742314"></trkpt>
      <trkpt lat="35.151518" lon="-103.741877"></trkpt>
      <trkpt lat="35.151511" lon="-103.741454"></trkpt>
      <trkpt lat="35.151491" lon="-103.739095"></trkpt>
      <trkpt lat="35.151438" lon="-103.731105"></trkpt>
      <trkpt lat="35.151403" lon="-103.725336"></trkpt>
      <trkpt lat="35.151401" lon="-103.724662"></trkpt>
      <trkpt lat="35.151362" lon="-103.718730"></trkpt>
      <trkpt lat="35.151356" lon="-103.717669"></trkpt>
      <trkpt lat="35.151361" lon="-103.717197"></trkpt>
      <trkpt lat="35.151376" lon="-103.716661"></trkpt>
      <trkpt lat="35.151397" lon="-103.716190"></trkpt>
      <trkpt lat="35.151426" lon="-103.715764"></trkpt>
      <trkpt lat="35.151458" lon="-103.715390"></trkpt>
      <trkpt lat="35.151490" lon="-103.715051"></trkpt>
      <trkpt lat="35.151527" lon="-103.714748"></trkpt>
      <trkpt lat="35.151577" lon="-103.714368"></trkpt>
      <trkpt lat="35.151625" lon="-103.714031"></trkpt>
      <trkpt lat="35.151685" lon="-103.713651"></trkpt>
      <trkpt lat="35.151756" lon="-103.713238"></trkpt>
      <trkpt lat="35.151845" lon="-103.712792"></trkpt>
      <trkpt lat="35.151923" lon="-103.712422"></trkpt>
      <trkpt lat="35.152033" lon="-103.711951"></trkpt>
      <trkpt lat="35.152131" lon="-103.711574"></trkpt>
      <trkpt lat="35.152239" lon="-103.711183"></trkpt>
      <trkpt lat="35.152368" lon="-103.710762"></trkpt>
      <trkpt lat="35.152560" lon="-103.710157"></trkpt>
      <trkpt lat="35.152752" lon="-103.709615"></trkpt>
      <trkpt lat="35.152889" lon="-103.709260"></trkpt>
      <trkpt lat="35.152986" lon="-103.709018"></trkpt>
      <trkpt lat="35.153094" lon="-103.708756"></trkpt>
      <trkpt lat="35.153218" lon="-103.708467"></trkpt>
      <trkpt lat="35.153544" lon="-103.707736"></trkpt>
      <trkpt lat="35.154053" lon="-103.706620"></trkpt>
      <trkpt lat="35.154193" lon="-103.706322"></trkpt>
      <trkpt lat="35.158241" lon="-103.697646"></trkpt>
      <trkpt lat="35.158865" lon="-103.696317"></trkpt>
      <trkpt lat="35.159664" lon="-103.694600"></trkpt>
      <trkpt lat="35.162630" lon="-103.688204"></trkpt>
      <trkpt lat="35.163400" lon="-103.686570"></trkpt>
      <trkpt lat="35.163640" lon="-103.686089"></trkpt>
      <trkpt lat="35.163851" lon="-103.685679"></trkpt>
      <trkpt lat="35.163988" lon="-103.685428"></trkpt>
      <trkpt lat="35.164136" lon="-103.685164"></trkpt>
      <trkpt lat="35.164330" lon="-103.684835"></trkpt>
      <trkpt lat="35.164586" lon="-103.684432"></trkpt>
      <trkpt lat="35.164811" lon="-103.684091"></trkpt>
      <trkpt lat="35.165923" lon="-103.682422"></trkpt>
      <trkpt lat="35.166501" lon="-103.681571"></trkpt>
      <trkpt lat="35.167154" lon="-103.680598"></trkpt>
      <trkpt lat="35.168258" lon="-103.678949"></trkpt>
      <trkpt lat="35.168527" lon="-103.678540"></trkpt>
      <trkpt lat="35.168753" lon="-103.678194"></trkpt>
      <trkpt lat="35.168947" lon="-103.677898"></trkpt>
      <trkpt lat="35.169108" lon="-103.677635"></trkpt>
      <trkpt lat="35.169241" lon="-103.677411"></trkpt>
      <trkpt lat="35.169460" lon="-103.677046"></trkpt>
      <trkpt lat="35.169698" lon="-103.676610"></trkpt>
      <trkpt lat="35.169854" lon="-103.676305"></trkpt>
      <trkpt lat="35.169972" lon="-103.676073"></trkpt>
      <trkpt lat="35.170093" lon="-103.675821"></trkpt>
      <trkpt lat="35.170261" lon="-103.675449"></trkpt>
      <trkpt lat="35.170468" lon="-103.674973"></trkpt>
      <trkpt lat="35.170701" lon="-103.674405"></trkpt>
      <trkpt lat="35.170836" lon="-103.674049"></trkpt>
      <trkpt lat="35.170958" lon="-103.673697"></trkpt>
      <trkpt lat="35.171113" lon="-103.673226"></trkpt>
      <trkpt lat="35.171246" lon="-103.672801"></trkpt>
      <trkpt lat="35.171338" lon="-103.672485"></trkpt>
      <trkpt lat="35.171421" lon="-103.672173"></trkpt>
      <trkpt lat="35.171507" lon="-103.671833"></trkpt>
      <trkpt lat="35.171644" lon="-103.671240"></trkpt>
      <trkpt lat="35.171731" lon="-103.670805"></trkpt>
      <trkpt lat="35.171774" lon="-103.670573"></trkpt>
      <trkpt lat="35.171874" lon="-103.670014"></trkpt>
      <trkpt lat="35.171927" lon="-103.669665"></trkpt>
      <trkpt lat="35.171966" lon="-103.669390"></trkpt>
      <trkpt lat="35.172030" lon="-103.668859"></trkpt>
      <trkpt lat="35.172072" lon="-103.668408"></trkpt>
      <trkpt lat="35.172104" lon="-103.668018"></trkpt>
      <trkpt lat="35.172131" lon="-103.667594"></trkpt>
      <trkpt lat="35.172151" lon="-103.667079"></trkpt>
      <trkpt lat="35.172161" lon="-103.666652"></trkpt>
      <trkpt lat="35.172166" lon="-103.666244"></trkpt>
      <trkpt lat="35.172181" lon="-103.663816"></trkpt>
      <trkpt lat="35.172244" lon="-103.648962"></trkpt>
      <trkpt lat="35.172296" lon="-103.636828"></trkpt>
      <trkpt lat="35.172325" lon="-103.628237"></trkpt>
      <trkpt lat="35.172339" lon="-103.624641"></trkpt>
      <trkpt lat="35.172366" lon="-103.619265"></trkpt>
      <trkpt lat="35.172367" lon="-103.618810"></trkpt>
      <trkpt lat="35.172386" lon="-103.613776"></trkpt>
      <trkpt lat="35.172387" lon="-103.613626"></trkpt>
      <trkpt lat="35.172492" lon="-103.590362"></trkpt>
      <trkpt lat="35.172574" lon="-103.578287"></trkpt>
      <trkpt lat="35.172585" lon="-103.577917"></trkpt>
      <trkpt lat="35.172856" lon="-103.571510"></trkpt>
      <trkpt lat="35.172961" lon="-103.569456"></trkpt>
      <trkpt lat="35.173241" lon="-103.563496"></trkpt>
      <trkpt lat="35.173294" lon="-103.561919"></trkpt>
      <trkpt lat="35.173347" lon="-103.560197"></trkpt>
      <trkpt lat="35.173373" lon="-103.557482"></trkpt>
      <trkpt lat="35.173146" lon="-103.545851"></trkpt>
      <trkpt lat="35.173147" lon="-103.545497"></trkpt>
      <trkpt lat="35.173143" lon="-103.529746"></trkpt>
      <trkpt lat="35.173177" lon="-103.519769"></trkpt>
      <trkpt lat="35.173239" lon="-103.500536"></trkpt>
      <trkpt lat="35.173244" lon="-103.497110"></trkpt>
      <trkpt lat="35.173274" lon="-103.490879"></trkpt>
      <trkpt lat="35.173227" lon="-103.489836"></trkpt>
      <trkpt lat="35.173171" lon="-103.489146"></trkpt>
      <trkpt lat="35.173042" lon="-103.488118"></trkpt>
      <trkpt lat="35.172912" lon="-103.487279"></trkpt>
      <trkpt lat="35.172701" lon="-103.486281"></trkpt>
      <trkpt lat="35.172522" lon="-103.485546"></trkpt>
      <trkpt lat="35.172259" lon="-103.484586"></trkpt>
      <trkpt lat="35.171876" lon="-103.483480"></trkpt>
      <trkpt lat="35.171859" lon="-103.483435"></trkpt>
      <trkpt lat="35.171419" lon="-103.482318"></trkpt>
      <trkpt lat="35.171167" lon="-103.481759"></trkpt>
      <trkpt lat="35.170737" lon="-103.480901"></trkpt>
      <trkpt lat="35.170176" lon="-103.479957"></trkpt>
      <trkpt lat="35.169469" lon="-103.478857"></trkpt>
      <trkpt lat="35.168009" lon="-103.476479"></trkpt>
      <trkpt lat="35.166727" lon="-103.474475"></trkpt>
      <trkpt lat="35.162824" lon="-103.468340"></trkpt>
      <trkpt lat="35.159193" lon="-103.462654"></trkpt>
      <trkpt lat="35.156776" lon="-103.458784"></trkpt>
      <trkpt lat="35.154597" lon="-103.455294"></trkpt>
      <trkpt lat="35.153832" lon="-103.454268"></trkpt>
      <trkpt lat="35.152546" lon="-103.452543"></trkpt>
      <trkpt lat="35.150103" lon="-103.448313"></trkpt>
      <trkpt lat="35.148193" lon="-103.445300"></trkpt>
      <trkpt lat="35.147348" lon="-103.443862"></trkpt>
      <trkpt lat="35.146661" lon="-103.442530"></trkpt>
      <trkpt lat="35.145822" lon="-103.440475"></trkpt>
      <trkpt lat="35.144653" lon="-103.437629"></trkpt>
      <trkpt lat="35.144486" lon="-103.437222"></trkpt>
      <trkpt lat="35.141762" lon="-103.430547"></trkpt>
      <trkpt lat="35.141556" lon="-103.430041"></trkpt>
      <trkpt lat="35.139564" lon="-103.425154"></trkpt>
      <trkpt lat="35.139064" lon="-103.423931"></trkpt>
      <trkpt lat="35.137494" lon="-103.420095"></trkpt>
      <trkpt lat="35.137340" lon="-103.419709"></trkpt>
      <trkpt lat="35.133975" lon="-103.411458"></trkpt>
      <trkpt lat="35.131740" lon="-103.406009"></trkpt>
      <trkpt lat="35.130562" lon="-103.403147"></trkpt>
      <trkpt lat="35.129493" lon="-103.400529"></trkpt>
      <trkpt lat="35.128556" lon="-103.398237"></trkpt>
      <trkpt lat="35.127436" lon="-103.395501"></trkpt>
      <trkpt lat="35.125996" lon="-103.392024"></trkpt>
      <trkpt lat="35.125057" lon="-103.389668"></trkpt>
      <trkpt lat="35.122392" lon="-103.383180"></trkpt>
      <trkpt lat="35.119241" lon="-103.375511"></trkpt>
      <trkpt lat="35.114409" lon="-103.363671"></trkpt>
      <trkpt lat="35.113443" lon="-103.361320"></trkpt>
      <trkpt lat="35.113326" lon="-103.361015"></trkpt>
      <trkpt lat="35.113216" lon="-103.360753"></trkpt>
      <trkpt lat="35.113080" lon="-103.360404"></trkpt>
      <trkpt lat="35.112971" lon="-103.360100"></trkpt>
      <trkpt lat="35.112868" lon="-103.359813"></trkpt>
      <trkpt lat="35.112766" lon="-103.359506"></trkpt>
      <trkpt lat="35.112666" lon="-103.359199"></trkpt>
      <trkpt lat="35.112578" lon="-103.358912"></trkpt>
      <trkpt lat="35.112493" lon="-103.358612"></trkpt>
      <trkpt lat="35.112399" lon="-103.358269"></trkpt>
      <trkpt lat="35.112304" lon="-103.357898"></trkpt>
      <trkpt lat="35.112227" lon="-103.357579"></trkpt>
      <trkpt lat="35.112142" lon="-103.357188"></trkpt>
      <trkpt lat="35.112058" lon="-103.356770"></trkpt>
      <trkpt lat="35.111980" lon="-103.356351"></trkpt>
      <trkpt lat="35.111918" lon="-103.355972"></trkpt>
      <trkpt lat="35.111856" lon="-103.355569"></trkpt>
      <trkpt lat="35.111791" lon="-103.355045"></trkpt>
      <trkpt lat="35.111742" lon="-103.354569"></trkpt>
      <trkpt lat="35.111701" lon="-103.354105"></trkpt>
      <trkpt lat="35.111671" lon="-103.353667"></trkpt>
      <trkpt lat="35.111650" lon="-103.353249"></trkpt>
      <trkpt lat="35.111637" lon="-103.352819"></trkpt>
      <trkpt lat="35.111633" lon="-103.352294"></trkpt>
      <trkpt lat="35.111637" lon="-103.351726"></trkpt>
      <trkpt lat="35.111738" lon="-103.345115"></trkpt>
      <trkpt lat="35.111876" lon="-103.336473"></trkpt>
      <trkpt lat="35.111904" lon="-103.334681"></trkpt>
      <trkpt lat="35.111955" lon="-103.331414"></trkpt>
      <trkpt lat="35.111967" lon="-103.330821"></trkpt>
      <trkpt lat="35.112031" lon="-103.326576"></trkpt>
      <trkpt lat="35.112046" lon="-103.325534"></trkpt>
      <trkpt lat="35.112112" lon="-103.321544"></trkpt>
      <trkpt lat="35.112191" lon="-103.316309"></trkpt>
      <trkpt lat="35.112230" lon="-103.313539"></trkpt>
      <trkpt lat="35.112279" lon="-103.310518"></trkpt>
      <trkpt lat="35.112339" lon="-103.306526"></trkpt>
      <trkpt lat="35.112345" lon="-103.306124"></trkpt>
      <trkpt lat="35.112489" lon="-103.296173"></trkpt>
      <trkpt lat="35.112580" lon="-103.291117"></trkpt>
      <trkpt lat="35.112608" lon="-103.289130"></trkpt>
      <trkpt lat="35.112629" lon="-103.287624"></trkpt>
      <trkpt lat="35.112758" lon="-103.285462"></trkpt>
      <trkpt lat="35.112970" lon="-103.283387"></trkpt>
      <trkpt lat="35.113209" lon="-103.281676"></trkpt>
      <trkpt lat="35.113645" lon="-103.279390"></trkpt>
      <trkpt lat="35.114081" lon="-103.277532"></trkpt>
      <trkpt lat="35.114762" lon="-103.275164"></trkpt>
      <trkpt lat="35.116006" lon="-103.270808"></trkpt>
      <trkpt lat="35.116230" lon="-103.270011"></trkpt>
      <trkpt lat="35.116956" lon="-103.267495"></trkpt>
      <trkpt lat="35.117551" lon="-103.265425"></trkpt>
      <trkpt lat="35.121114" lon="-103.253049"></trkpt>
      <trkpt lat="35.121825" lon="-103.250552"></trkpt>
      <trkpt lat="35.122199" lon="-103.249252"></trkpt>
      <trkpt lat="35.122695" lon="-103.247606"></trkpt>
      <trkpt lat="35.123103" lon="-103.246347"></trkpt>
      <trkpt lat="35.123536" lon="-103.245087"></trkpt>
      <trkpt lat="35.124200" lon="-103.243216"></trkpt>
      <trkpt lat="35.124771" lon="-103.241730"></trkpt>
      <trkpt lat="35.125462" lon="-103.240031"></trkpt>
      <trkpt lat="35.126033" lon="-103.238696"></trkpt>
      <trkpt lat="35.126653" lon="-103.237317"></trkpt>
      <trkpt lat="35.127153" lon="-103.236233"></trkpt>
      <trkpt lat="35.128980" lon="-103.232244"></trkpt>
      <trkpt lat="35.129407" lon="-103.231309"></trkpt>
      <trkpt lat="35.129895" lon="-103.230195"></trkpt>
      <trkpt lat="35.130774" lon="-103.228069"></trkpt>
      <trkpt lat="35.131355" lon="-103.226587"></trkpt>
      <trkpt lat="35.132213" lon="-103.224200"></trkpt>
      <trkpt lat="35.134744" lon="-103.216832"></trkpt>
      <trkpt lat="35.137325" lon="-103.209286"></trkpt>
      <trkpt lat="35.138079" lon="-103.207115"></trkpt>
      <trkpt lat="35.141147" lon="-103.198148"></trkpt>
      <trkpt lat="35.145344" lon="-103.185904"></trkpt>
      <trkpt lat="35.145821" lon="-103.184508"></trkpt>
      <trkpt lat="35.147500" lon="-103.179639"></trkpt>
      <trkpt lat="35.149361" lon="-103.174196"></trkpt>
      <trkpt lat="35.150178" lon="-103.171811"></trkpt>
      <trkpt lat="35.151473" lon="-103.168033"></trkpt>
      <trkpt lat="35.153062" lon="-103.163403"></trkpt>
      <trkpt lat="35.155186" lon="-103.157203"></trkpt>
      <trkpt lat="35.156848" lon="-103.152349"></trkpt>
      <trkpt lat="35.158624" lon="-103.147171"></trkpt>
      <trkpt lat="35.161644" lon="-103.138337"></trkpt>
      <trkpt lat="35.162136" lon="-103.136910"></trkpt>
      <trkpt lat="35.164342" lon="-103.130478"></trkpt>
      <trkpt lat="35.165773" lon="-103.126297"></trkpt>
      <trkpt lat="35.166180" lon="-103.125105"></trkpt>
      <trkpt lat="35.166506" lon="-103.124161"></trkpt>
      <trkpt lat="35.167463" lon="-103.121270"></trkpt>
      <trkpt lat="35.167952" lon="-103.119665"></trkpt>
      <trkpt lat="35.168285" lon="-103.118502"></trkpt>
      <trkpt lat="35.168495" lon="-103.117722"></trkpt>
      <trkpt lat="35.169088" lon="-103.115476"></trkpt>
      <trkpt lat="35.170811" lon="-103.108917"></trkpt>
      <trkpt lat="35.170899" lon="-103.108586"></trkpt>
      <trkpt lat="35.171201" lon="-103.107426"></trkpt>
      <trkpt lat="35.171823" lon="-103.105061"></trkpt>
      <trkpt lat="35.172310" lon="-103.103220"></trkpt>
      <trkpt lat="35.172754" lon="-103.101662"></trkpt>
      <trkpt lat="35.173042" lon="-103.100706"></trkpt>
      <trkpt lat="35.173754" lon="-103.098487"></trkpt>
      <trkpt lat="35.174433" lon="-103.096383"></trkpt>
      <trkpt lat="35.175090" lon="-103.094173"></trkpt>
      <trkpt lat="35.179327" lon="-103.081118"></trkpt>
      <trkpt lat="35.181171" lon="-103.075562"></trkpt>
      <trkpt lat="35.181502" lon="-103.074420"></trkpt>
      <trkpt lat="35.181825" lon="-103.073170"></trkpt>
      <trkpt lat="35.182140" lon="-103.071802"></trkpt>
      <trkpt lat="35.182384" lon="-103.070608"></trkpt>
      <trkpt lat="35.182677" lon="-103.068843"></trkpt>
      <trkpt lat="35.182889" lon="-103.067159"></trkpt>
      <trkpt lat="35.183009" lon="-103.065880"></trkpt>
      <trkpt lat="35.183085" lon="-103.064694"></trkpt>
      <trkpt lat="35.183127" lon="-103.063789"></trkpt>
      <trkpt lat="35.183156" lon="-103.061549"></trkpt>
      <trkpt lat="35.183016" lon="-103.057751"></trkpt>
      <trkpt lat="35.182981" lon="-103.056895"></trkpt>
      <trkpt lat="35.182859" lon="-103.054315"></trkpt>
      <trkpt lat="35.182406" lon="-103.042491"></trkpt>
      <trkpt lat="35.182296" lon="-103.039704"></trkpt>
      <trkpt lat="35.182271" lon="-103.038983"></trkpt>
      <trkpt lat="35.182258" lon="-103.038679"></trkpt>
      <trkpt lat="35.182242" lon="-103.038298"></trkpt>
      <trkpt lat="35.182223" lon="-103.037945"></trkpt>
      <trkpt lat="35.182203" lon="-103.037629"></trkpt>
      <trkpt lat="35.182184" lon="-103.037344"></trkpt>
      <trkpt lat="35.182161" lon="-103.037088"></trkpt>
      <trkpt lat="35.182140" lon="-103.036859"></trkpt>
      <trkpt lat="35.182116" lon="-103.036640"></trkpt>
      <trkpt lat="35.182092" lon="-103.036426"></trkpt>
      <trkpt lat="35.182061" lon="-103.036183"></trkpt>
      <trkpt lat="35.182028" lon="-103.035948"></trkpt>
      <trkpt lat="35.181992" lon="-103.035685"></trkpt>
      <trkpt lat="35.181165" lon="-103.029621"></trkpt>
      <trkpt lat="35.181107" lon="-103.029205"></trkpt>
      <trkpt lat="35.181057" lon="-103.028829"></trkpt>
      <trkpt lat="35.181015" lon="-103.028505"></trkpt>
      <trkpt lat="35.180981" lon="-103.028193"></trkpt>
      <trkpt lat="35.180953" lon="-103.027907"></trkpt>
      <trkpt lat="35.180906" lon="-103.027288"></trkpt>
      <trkpt lat="35.180890" lon="-103.027007"></trkpt>
      <trkpt lat="35.180877" lon="-103.026756"></trkpt>
      <trkpt lat="35.180866" lon="-103.026458"></trkpt>
      <trkpt lat="35.180859" lon="-103.026194"></trkpt>
      <trkpt lat="35.180859" lon="-103.025927"></trkpt>
      <trkpt lat="35.180861" lon="-103.025650"></trkpt>
      <trkpt lat="35.180866" lon="-103.025358"></trkpt>
      <trkpt lat="35.180873" lon="-103.025044"></trkpt>
      <trkpt lat="35.180888" lon="-103.024703"></trkpt>
      <trkpt lat="35.180904" lon="-103.024377"></trkpt>
      <trkpt lat="35.180923" lon="-103.024069"></trkpt>
      <trkpt lat="35.180955" lon="-103.023707"></trkpt>
      <trkpt lat="35.180982" lon="-103.023409"></trkpt>
      <trkpt lat="35.181461" lon="-103.019284"></trkpt>
      <trkpt lat="35.182342" lon="-103.011697"></trkpt>
      <trkpt lat="35.183216" lon="-103.004211"></trkpt>
      <trkpt lat="35.184193" lon="-102.995782"></trkpt>
      <trkpt lat="35.184875" lon="-102.989914"></trkpt>
      <trkpt lat="35.185031" lon="-102.988605"></trkpt>
      <trkpt lat="35.185080" lon="-102.988176"></trkpt>
      <trkpt lat="35.185121" lon="-102.987862"></trkpt>
      <trkpt lat="35.185165" lon="-102.987545"></trkpt>
      <trkpt lat="35.185208" lon="-102.987262"></trkpt>
      <trkpt lat="35.185249" lon="-102.986992"></trkpt>
      <trkpt lat="35.185297" lon="-102.986717"></trkpt>
      <trkpt lat="35.185352" lon="-102.986415"></trkpt>
      <trkpt lat="35.185409" lon="-102.986116"></trkpt>
      <trkpt lat="35.185471" lon="-102.985821"></trkpt>
      <trkpt lat="35.185544" lon="-102.985474"></trkpt>
      <trkpt lat="35.185618" lon="-102.985136"></trkpt>
      <trkpt lat="35.185699" lon="-102.984795"></trkpt>
      <trkpt lat="35.185780" lon="-102.984477"></trkpt>
      <trkpt lat="35.185858" lon="-102.984173"></trkpt>
      <trkpt lat="35.185955" lon="-102.983801"></trkpt>
      <trkpt lat="35.186059" lon="-102.983438"></trkpt>
      <trkpt lat="35.186166" lon="-102.983088"></trkpt>
      <trkpt lat="35.186319" lon="-102.982606"></trkpt>
      <trkpt lat="35.186445" lon="-102.982229"></trkpt>
      <trkpt lat="35.187517" lon="-102.979187"></trkpt>
      <trkpt lat="35.191505" lon="-102.967901"></trkpt>
      <trkpt lat="35.193240" lon="-102.962987"></trkpt>
      <trkpt lat="35.194268" lon="-102.960180"></trkpt>
      <trkpt lat="35.195193" lon="-102.957543"></trkpt>
      <trkpt lat="35.195884" lon="-102.955471"></trkpt>
      <trkpt lat="35.196721" lon="-102.953143"></trkpt>
      <trkpt lat="35.197594" lon="-102.950745"></trkpt>
      <trkpt lat="35.198484" lon="-102.948209"></trkpt>
      <trkpt lat="35.199553" lon="-102.945128"></trkpt>
      <trkpt lat="35.200327" lon="-102.942984"></trkpt>
      <trkpt lat="35.200601" lon="-102.942226"></trkpt>
      <trkpt lat="35.200909" lon="-102.941467"></trkpt>
      <trkpt lat="35.201177" lon="-102.940886"></trkpt>
      <trkpt lat="35.202026" lon="-102.938999"></trkpt>
      <trkpt lat="35.204069" lon="-102.934493"></trkpt>
      <trkpt lat="35.205796" lon="-102.930672"></trkpt>
      <trkpt lat="35.208064" lon="-102.925667"></trkpt>
      <trkpt lat="35.208737" lon="-102.924185"></trkpt>
      <trkpt lat="35.209037" lon="-102.923525"></trkpt>
      <trkpt lat="35.210052" lon="-102.921288"></trkpt>
      <trkpt lat="35.210925" lon="-102.919352"></trkpt>
      <trkpt lat="35.211082" lon="-102.919002"></trkpt>
      <trkpt lat="35.211620" lon="-102.917801"></trkpt>
      <trkpt lat="35.212267" lon="-102.916376"></trkpt>
      <trkpt lat="35.215071" lon="-102.910173"></trkpt>
      <trkpt lat="35.215761" lon="-102.908617"></trkpt>
      <trkpt lat="35.216048" lon="-102.907783"></trkpt>
      <trkpt lat="35.216323" lon="-102.906788"></trkpt>
      <trkpt lat="35.217027" lon="-102.903957"></trkpt>
      <trkpt lat="35.218240" lon="-102.899078"></trkpt>
      <trkpt lat="35.220611" lon="-102.889501"></trkpt>
      <trkpt lat="35.221372" lon="-102.886428"></trkpt>
      <trkpt lat="35.223075" lon="-102.879551"></trkpt>
      <trkpt lat="35.224108" lon="-102.875336"></trkpt>
      <trkpt lat="35.224823" lon="-102.872457"></trkpt>
      <trkpt lat="35.225710" lon="-102.868834"></trkpt>
      <trkpt lat="35.225947" lon="-102.867950"></trkpt>
      <trkpt lat="35.226130" lon="-102.867344"></trkpt>
      <trkpt lat="35.226394" lon="-102.866580"></trkpt>
      <trkpt lat="35.227854" lon="-102.862574"></trkpt>
      <trkpt lat="35.229217" lon="-102.858708"></trkpt>
      <trkpt lat="35.231381" lon="-102.852764"></trkpt>
      <trkpt lat="35.231590" lon="-102.852189"></trkpt>
      <trkpt lat="35.233275" lon="-102.847536"></trkpt>
      <trkpt lat="35.235490" lon="-102.841366"></trkpt>
      <trkpt lat="35.236862" lon="-102.837506"></trkpt>
      <trkpt lat="35.237773" lon="-102.834964"></trkpt>
      <trkpt lat="35.238850" lon="-102.832005"></trkpt>
      <trkpt lat="35.241653" lon="-102.824204"></trkpt>
      <trkpt lat="35.241792" lon="-102.823801"></trkpt>
      <trkpt lat="35.243832" lon="-102.818178"></trkpt>
      <trkpt lat="35.243935" lon="-102.817881"></trkpt>
      <trkpt lat="35.244001" lon="-102.817673"></trkpt>
      <trkpt lat="35.244066" lon="-102.817458"></trkpt>
      <trkpt lat="35.244128" lon="-102.817242"></trkpt>
      <trkpt lat="35.244181" lon="-102.817044"></trkpt>
      <trkpt lat="35.244242" lon="-102.816816"></trkpt>
      <trkpt lat="35.244295" lon="-102.816605"></trkpt>
      <trkpt lat="35.244348" lon="-102.816383"></trkpt>
      <trkpt lat="35.244396" lon="-102.816156"></trkpt>
      <trkpt lat="35.244442" lon="-102.815933"></trkpt>
      <trkpt lat="35.244488" lon="-102.815705"></trkpt>
      <trkpt lat="35.244527" lon="-102.815486"></trkpt>
      <trkpt lat="35.244570" lon="-102.815212"></trkpt>
      <trkpt lat="35.244604" lon="-102.814969"></trkpt>
      <trkpt lat="35.244639" lon="-102.814709"></trkpt>
      <trkpt lat="35.244667" lon="-102.814460"></trkpt>
      <trkpt lat="35.244696" lon="-102.814192"></trkpt>
      <trkpt lat="35.244718" lon="-102.813948"></trkpt>
      <trkpt lat="35.244740" lon="-102.813699"></trkpt>
      <trkpt lat="35.244948" lon="-102.811316"></trkpt>
      <trkpt lat="35.245791" lon="-102.801519"></trkpt>
      <trkpt lat="35.245816" lon="-102.801265"></trkpt>
      <trkpt lat="35.245846" lon="-102.801026"></trkpt>
      <trkpt lat="35.245881" lon="-102.800788"></trkpt>
      <trkpt lat="35.245920" lon="-102.800551"></trkpt>
      <trkpt lat="35.245966" lon="-102.800300"></trkpt>
      <trkpt lat="35.246018" lon="-102.800030"></trkpt>
      <trkpt lat="35.246078" lon="-102.799772"></trkpt>
      <trkpt lat="35.246144" lon="-102.799520"></trkpt>
      <trkpt lat="35.247223" lon="-102.795731"></trkpt>
      <trkpt lat="35.248431" lon="-102.791457"></trkpt>
      <trkpt lat="35.248897" lon="-102.789847"></trkpt>
      <trkpt lat="35.249100" lon="-102.789113"></trkpt>
      <trkpt lat="35.249197" lon="-102.788745"></trkpt>
      <trkpt lat="35.249292" lon="-102.788363"></trkpt>
      <trkpt lat="35.249387" lon="-102.787976"></trkpt>
      <trkpt lat="35.249460" lon="-102.787655"></trkpt>
      <trkpt lat="35.249508" lon="-102.787426"></trkpt>
      <trkpt lat="35.249536" lon="-102.787275"></trkpt>
      <trkpt lat="35.249561" lon="-102.787126"></trkpt>
      <trkpt lat="35.249604" lon="-102.786847"></trkpt>
      <trkpt lat="35.250347" lon="-102.781725"></trkpt>
      <trkpt lat="35.250883" lon="-102.778042"></trkpt>
      <trkpt lat="35.250934" lon="-102.777700"></trkpt>
      <trkpt lat="35.250985" lon="-102.777375"></trkpt>
      <trkpt lat="35.251043" lon="-102.777059"></trkpt>
      <trkpt lat="35.251105" lon="-102.776756"></trkpt>
      <trkpt lat="35.251188" lon="-102.776370"></trkpt>
      <trkpt lat="35.251266" lon="-102.776046"></trkpt>
      <trkpt lat="35.251348" lon="-102.775717"></trkpt>
      <trkpt lat="35.251429" lon="-102.775407"></trkpt>
      <trkpt lat="35.251517" lon="-102.775096"></trkpt>
      <trkpt lat="35.251618" lon="-102.774754"></trkpt>
      <trkpt lat="35.251721" lon="-102.774423"></trkpt>
      <trkpt lat="35.251826" lon="-102.774111"></trkpt>
      <trkpt lat="35.251940" lon="-102.773782"></trkpt>
      <trkpt lat="35.252060" lon="-102.773458"></trkpt>
      <trkpt lat="35.252174" lon="-102.773155"></trkpt>
      <trkpt lat="35.252298" lon="-102.772851"></trkpt>
      <trkpt lat="35.252405" lon="-102.772601"></trkpt>
      <trkpt lat="35.252544" lon="-102.772280"></trkpt>
      <trkpt lat="35.253070" lon="-102.771125"></trkpt>
      <trkpt lat="35.255477" lon="-102.765815"></trkpt>
      <trkpt lat="35.255528" lon="-102.765704"></trkpt>
      <trkpt lat="35.257475" lon="-102.761414"></trkpt>
      <trkpt lat="35.257641" lon="-102.761034"></trkpt>
      <trkpt lat="35.257783" lon="-102.760698"></trkpt>
      <trkpt lat="35.257889" lon="-102.760431"></trkpt>
      <trkpt lat="35.257976" lon="-102.760210"></trkpt>
      <trkpt lat="35.258070" lon="-102.759960"></trkpt>
      <trkpt lat="35.258154" lon="-102.759721"></trkpt>
      <trkpt lat="35.258241" lon="-102.759474"></trkpt>
      <trkpt lat="35.259593" lon="-102.755665"></trkpt>
      <trkpt lat="35.261060" lon="-102.751508"></trkpt>
      <trkpt lat="35.261841" lon="-102.749313"></trkpt>
      <trkpt lat="35.263696" lon="-102.744041"></trkpt>
      <trkpt lat="35.264587" lon="-102.741541"></trkpt>
      <trkpt lat="35.265252" lon="-102.739640"></trkpt>
      <trkpt lat="35.267215" lon="-102.734067"></trkpt>
      <trkpt lat="35.267353" lon="-102.733663"></trkpt>
      <trkpt lat="35.267476" lon="-102.733294"></trkpt>
      <trkpt lat="35.267596" lon="-102.732914"></trkpt>
      <trkpt lat="35.267718" lon="-102.732517"></trkpt>
      <trkpt lat="35.267835" lon="-102.732119"></trkpt>
      <trkpt lat="35.267941" lon="-102.731758"></trkpt>
      <trkpt lat="35.268027" lon="-102.731444"></trkpt>
      <trkpt lat="35.268101" lon="-102.731162"></trkpt>
      <trkpt lat="35.268195" lon="-102.730818"></trkpt>
      <trkpt lat="35.268275" lon="-102.730508"></trkpt>
      <trkpt lat="35.268366" lon="-102.730146"></trkpt>
      <trkpt lat="35.268461" lon="-102.729754"></trkpt>
      <trkpt lat="35.268568" lon="-102.729277"></trkpt>
      <trkpt lat="35.268662" lon="-102.728854"></trkpt>
      <trkpt lat="35.268743" lon="-102.728465"></trkpt>
      <trkpt lat="35.268832" lon="-102.728015"></trkpt>
      <trkpt lat="35.268909" lon="-102.727608"></trkpt>
      <trkpt lat="35.268986" lon="-102.727166"></trkpt>
      <trkpt lat="35.269060" lon="-102.726738"></trkpt>
      <trkpt lat="35.269129" lon="-102.726305"></trkpt>
      <trkpt lat="35.269185" lon="-102.725921"></trkpt>
      <trkpt lat="35.269242" lon="-102.725514"></trkpt>
      <trkpt lat="35.269296" lon="-102.725102"></trkpt>
      <trkpt lat="35.269346" lon="-102.724698"></trkpt>
      <trkpt lat="35.269394" lon="-102.724273"></trkpt>
      <trkpt lat="35.269440" lon="-102.723845"></trkpt>
      <trkpt lat="35.269477" lon="-102.723455"></trkpt>
      <trkpt lat="35.269514" lon="-102.723015"></trkpt>
      <trkpt lat="35.269543" lon="-102.722631"></trkpt>
      <trkpt lat="35.269575" lon="-102.722142"></trkpt>
      <trkpt lat="35.269600" lon="-102.721730"></trkpt>
      <trkpt lat="35.269618" lon="-102.721360"></trkpt>
      <trkpt lat="35.269634" lon="-102.720970"></trkpt>
      <trkpt lat="35.269647" lon="-102.720581"></trkpt>
      <trkpt lat="35.270022" lon="-102.707580"></trkpt>
      <trkpt lat="35.270640" lon="-102.686054"></trkpt>
      <trkpt lat="35.270649" lon="-102.685728"></trkpt>
      <trkpt lat="35.270654" lon="-102.685444"></trkpt>
      <trkpt lat="35.270654" lon="-102.685174"></trkpt>
      <trkpt lat="35.270651" lon="-102.684917"></trkpt>
      <trkpt lat="35.270644" lon="-102.684612"></trkpt>
      <trkpt lat="35.270635" lon="-102.684297"></trkpt>
      <trkpt lat="35.270617" lon="-102.683952"></trkpt>
      <trkpt lat="35.270595" lon="-102.683608"></trkpt>
      <trkpt lat="35.270563" lon="-102.683221"></trkpt>
      <trkpt lat="35.270529" lon="-102.682850"></trkpt>
      <trkpt lat="35.270496" lon="-102.682557"></trkpt>
      <trkpt lat="35.270459" lon="-102.682254"></trkpt>
      <trkpt lat="35.270415" lon="-102.681922"></trkpt>
      <trkpt lat="35.270360" lon="-102.681574"></trkpt>
      <trkpt lat="35.270297" lon="-102.681189"></trkpt>
      <trkpt lat="35.270244" lon="-102.680900"></trkpt>
      <trkpt lat="35.270044" lon="-102.679920"></trkpt>
      <trkpt lat="35.269789" lon="-102.678657"></trkpt>
      <trkpt lat="35.269741" lon="-102.678365"></trkpt>
      <trkpt lat="35.269696" lon="-102.678075"></trkpt>
      <trkpt lat="35.269653" lon="-102.677781"></trkpt>
      <trkpt lat="35.269615" lon="-102.677512"></trkpt>
      <trkpt lat="35.269575" lon="-102.677187"></trkpt>
      <trkpt lat="35.269541" lon="-102.676851"></trkpt>
      <trkpt lat="35.269510" lon="-102.676543"></trkpt>
      <trkpt lat="35.269484" lon="-102.676203"></trkpt>
      <trkpt lat="35.269465" lon="-102.675892"></trkpt>
      <trkpt lat="35.269446" lon="-102.675578"></trkpt>
      <trkpt lat="35.269436" lon="-102.675318"></trkpt>
      <trkpt lat="35.269427" lon="-102.674959"></trkpt>
      <trkpt lat="35.269423" lon="-102.674573"></trkpt>
      <trkpt lat="35.269423" lon="-102.674259"></trkpt>
      <trkpt lat="35.269429" lon="-102.673963"></trkpt>
      <trkpt lat="35.269627" lon="-102.667001"></trkpt>
      <trkpt lat="35.269710" lon="-102.664111"></trkpt>
      <trkpt lat="35.269753" lon="-102.662446"></trkpt>
      <trkpt lat="35.269956" lon="-102.655709"></trkpt>
      <trkpt lat="35.269966" lon="-102.655418"></trkpt>
      <trkpt lat="35.269978" lon="-102.655158"></trkpt>
      <trkpt lat="35.269995" lon="-102.654899"></trkpt>
      <trkpt lat="35.270014" lon="-102.654637"></trkpt>
      <trkpt lat="35.270034" lon="-102.654363"></trkpt>
      <trkpt lat="35.270058" lon="-102.654118"></trkpt>
      <trkpt lat="35.270089" lon="-102.653829"></trkpt>
      <trkpt lat="35.270119" lon="-102.653570"></trkpt>
      <trkpt lat="35.270157" lon="-102.653294"></trkpt>
      <trkpt lat="35.270194" lon="-102.653019"></trkpt>
      <trkpt lat="35.270235" lon="-102.652754"></trkpt>
      <trkpt lat="35.270277" lon="-102.652498"></trkpt>
      <trkpt lat="35.270328" lon="-102.652212"></trkpt>
      <trkpt lat="35.270379" lon="-102.651947"></trkpt>
      <trkpt lat="35.270433" lon="-102.651688"></trkpt>
      <trkpt lat="35.270496" lon="-102.651404"></trkpt>
      <trkpt lat="35.270563" lon="-102.651113"></trkpt>
      <trkpt lat="35.270638" lon="-102.650805"></trkpt>
      <trkpt lat="35.270713" lon="-102.650517"></trkpt>
      <trkpt lat="35.270966" lon="-102.649560"></trkpt>
      <trkpt lat="35.271137" lon="-102.648910"></trkpt>
      <trkpt lat="35.271229" lon="-102.648531"></trkpt>
      <trkpt lat="35.271288" lon="-102.648277"></trkpt>
      <trkpt lat="35.271346" lon="-102.648004"></trkpt>
      <trkpt lat="35.271419" lon="-102.647645"></trkpt>
      <trkpt lat="35.271476" lon="-102.647340"></trkpt>
      <trkpt lat="35.271530" lon="-102.647017"></trkpt>
      <trkpt lat="35.271584" lon="-102.646678"></trkpt>
      <trkpt lat="35.271625" lon="-102.646387"></trkpt>
      <trkpt lat="35.271667" lon="-102.646071"></trkpt>
      <trkpt lat="35.271703" lon="-102.645784"></trkpt>
      <trkpt lat="35.271737" lon="-102.645445"></trkpt>
      <trkpt lat="35.271768" lon="-102.645115"></trkpt>
      <trkpt lat="35.271792" lon="-102.644814"></trkpt>
      <trkpt lat="35.271807" lon="-102.644496"></trkpt>
      <trkpt lat="35.271823" lon="-102.644186"></trkpt>
      <trkpt lat="35.271835" lon="-102.643892"></trkpt>
      <trkpt lat="35.272029" lon="-102.637252"></trkpt>
      <trkpt lat="35.272299" lon="-102.627970"></trkpt>
      <trkpt lat="35.272498" lon="-102.621283"></trkpt>
      <trkpt lat="35.272892" lon="-102.607670"></trkpt>
      <trkpt lat="35.273219" lon="-102.596341"></trkpt>
      <trkpt lat="35.273459" lon="-102.587805"></trkpt>
      <trkpt lat="35.273466" lon="-102.587493"></trkpt>
      <trkpt lat="35.273470" lon="-102.587217"></trkpt>
      <trkpt lat="35.273471" lon="-102.586969"></trkpt>
      <trkpt lat="35.273471" lon="-102.586678"></trkpt>
      <trkpt lat="35.273470" lon="-102.586389"></trkpt>
      <trkpt lat="35.273466" lon="-102.586093"></trkpt>
      <trkpt lat="35.273459" lon="-102.585805"></trkpt>
      <trkpt lat="35.273453" lon="-102.585528"></trkpt>
      <trkpt lat="35.273443" lon="-102.585181"></trkpt>
      <trkpt lat="35.273432" lon="-102.584887"></trkpt>
      <trkpt lat="35.273420" lon="-102.584590"></trkpt>
      <trkpt lat="35.273401" lon="-102.584223"></trkpt>
      <trkpt lat="35.273380" lon="-102.583890"></trkpt>
      <trkpt lat="35.273349" lon="-102.583408"></trkpt>
      <trkpt lat="35.273329" lon="-102.583148"></trkpt>
      <trkpt lat="35.273307" lon="-102.582852"></trkpt>
      <trkpt lat="35.273271" lon="-102.582474"></trkpt>
      <trkpt lat="35.273243" lon="-102.582159"></trkpt>
      <trkpt lat="35.273206" lon="-102.581814"></trkpt>
      <trkpt lat="35.273167" lon="-102.581457"></trkpt>
      <trkpt lat="35.273126" lon="-102.581112"></trkpt>
      <trkpt lat="35.273088" lon="-102.580822"></trkpt>
      <trkpt lat="35.273046" lon="-102.580523"></trkpt>
      <trkpt lat="35.273002" lon="-102.580215"></trkpt>
      <trkpt lat="35.272947" lon="-102.579861"></trkpt>
      <trkpt lat="35.272884" lon="-102.579452"></trkpt>
      <trkpt lat="35.272817" lon="-102.579049"></trkpt>
      <trkpt lat="35.272762" lon="-102.578732"></trkpt>
      <trkpt lat="35.272704" lon="-102.578401"></trkpt>
      <trkpt lat="35.270282" lon="-102.565582"></trkpt>
      <trkpt lat="35.270168" lon="-102.564951"></trkpt>
      <trkpt lat="35.270133" lon="-102.564773"></trkpt>
      <trkpt lat="35.270096" lon="-102.564586"></trkpt>
      <trkpt lat="35.270054" lon="-102.564380"></trkpt>
      <trkpt lat="35.270007" lon="-102.564173"></trkpt>
      <trkpt lat="35.269961" lon="-102.563984"></trkpt>
      <trkpt lat="35.269910" lon="-102.563778"></trkpt>
      <trkpt lat="35.269856" lon="-102.563559"></trkpt>
      <trkpt lat="35.269783" lon="-102.563298"></trkpt>
      <trkpt lat="35.269720" lon="-102.563069"></trkpt>
      <trkpt lat="35.269653" lon="-102.562835"></trkpt>
      <trkpt lat="35.269561" lon="-102.562531"></trkpt>
      <trkpt lat="35.269468" lon="-102.562246"></trkpt>
      <trkpt lat="35.269258" lon="-102.561593"></trkpt>
      <trkpt lat="35.269165" lon="-102.561295"></trkpt>
      <trkpt lat="35.269084" lon="-102.561018"></trkpt>
      <trkpt lat="35.269010" lon="-102.560750"></trkpt>
      <trkpt lat="35.268942" lon="-102.560492"></trkpt>
      <trkpt lat="35.268874" lon="-102.560221"></trkpt>
      <trkpt lat="35.268809" lon="-102.559950"></trkpt>
      <trkpt lat="35.268738" lon="-102.559647"></trkpt>
      <trkpt lat="35.268674" lon="-102.559363"></trkpt>
      <trkpt lat="35.268618" lon="-102.559108"></trkpt>
      <trkpt lat="35.268566" lon="-102.558857"></trkpt>
      <trkpt lat="35.268523" lon="-102.558634"></trkpt>
      <trkpt lat="35.268491" lon="-102.558449"></trkpt>
      <trkpt lat="35.268400" lon="-102.557838"></trkpt>
      <trkpt lat="35.268226" lon="-102.556348"></trkpt>
      <trkpt lat="35.268125" lon="-102.554924"></trkpt>
      <trkpt lat="35.268015" lon="-102.553845"></trkpt>
      <trkpt lat="35.267928" lon="-102.553178"></trkpt>
      <trkpt lat="35.267808" lon="-102.552514"></trkpt>
      <trkpt lat="35.267749" lon="-102.552197"></trkpt>
      <trkpt lat="35.267577" lon="-102.551327"></trkpt>
      <trkpt lat="35.267367" lon="-102.550279"></trkpt>
      <trkpt lat="35.266667" lon="-102.546675"></trkpt>
      <trkpt lat="35.266261" lon="-102.544411"></trkpt>
      <trkpt lat="35.264706" lon="-102.536174"></trkpt>
      <trkpt lat="35.263904" lon="-102.531805"></trkpt>
      <trkpt lat="35.262067" lon="-102.522150"></trkpt>
      <trkpt lat="35.261522" lon="-102.519236"></trkpt>
      <trkpt lat="35.260162" lon="-102.512036"></trkpt>
      <trkpt lat="35.259928" lon="-102.510796"></trkpt>
      <trkpt lat="35.259107" lon="-102.506446"></trkpt>
      <trkpt lat="35.258813" lon="-102.504923"></trkpt>
      <trkpt lat="35.258654" lon="-102.504153"></trkpt>
      <trkpt lat="35.258622" lon="-102.503997"></trkpt>
      <trkpt lat="35.258286" lon="-102.502731"></trkpt>
      <trkpt lat="35.257975" lon="-102.501671"></trkpt>
      <trkpt lat="35.257790" lon="-102.501018"></trkpt>
      <trkpt lat="35.257628" lon="-102.500334"></trkpt>
      <trkpt lat="35.257573" lon="-102.500070"></trkpt>
      <trkpt lat="35.257456" lon="-102.499506"></trkpt>
      <trkpt lat="35.257319" lon="-102.498735"></trkpt>
      <trkpt lat="35.256793" lon="-102.495124"></trkpt>
      <trkpt lat="35.256337" lon="-102.491911"></trkpt>
      <trkpt lat="35.256136" lon="-102.490687"></trkpt>
      <trkpt lat="35.255705" lon="-102.488418"></trkpt>
      <trkpt lat="35.255687" lon="-102.488319"></trkpt>
      <trkpt lat="35.255300" lon="-102.486240"></trkpt>
      <trkpt lat="35.255267" lon="-102.486061"></trkpt>
      <trkpt lat="35.253915" lon="-102.478943"></trkpt>
      <trkpt lat="35.253450" lon="-102.476465"></trkpt>
      <trkpt lat="35.252992" lon="-102.473993"></trkpt>
      <trkpt lat="35.252515" lon="-102.471530"></trkpt>
      <trkpt lat="35.252059" lon="-102.469040"></trkpt>
      <trkpt lat="35.250874" lon="-102.462738"></trkpt>
      <trkpt lat="35.249934" lon="-102.457759"></trkpt>
      <trkpt lat="35.249422" lon="-102.455044"></trkpt>
      <trkpt lat="35.249354" lon="-102.454743"></trkpt>
      <trkpt lat="35.249263" lon="-102.454379"></trkpt>
      <trkpt lat="35.249191" lon="-102.454118"></trkpt>
      <trkpt lat="35.249107" lon="-102.453817"></trkpt>
      <trkpt lat="35.249024" lon="-102.453521"></trkpt>
      <trkpt lat="35.248916" lon="-102.453188"></trkpt>
      <trkpt lat="35.248797" lon="-102.452812"></trkpt>
      <trkpt lat="35.248693" lon="-102.452485"></trkpt>
      <trkpt lat="35.248580" lon="-102.452164"></trkpt>
      <trkpt lat="35.248468" lon="-102.451871"></trkpt>
      <trkpt lat="35.248338" lon="-102.451537"></trkpt>
      <trkpt lat="35.248212" lon="-102.451225"></trkpt>
      <trkpt lat="35.248107" lon="-102.450980"></trkpt>
      <trkpt lat="35.247977" lon="-102.450674"></trkpt>
      <trkpt lat="35.247861" lon="-102.450420"></trkpt>
      <trkpt lat="35.247724" lon="-102.450131"></trkpt>
      <trkpt lat="35.247605" lon="-102.449895"></trkpt>
      <trkpt lat="35.247436" lon="-102.449568"></trkpt>
      <trkpt lat="35.246829" lon="-102.448464"></trkpt>
      <trkpt lat="35.245913" lon="-102.446748"></trkpt>
      <trkpt lat="35.244369" lon="-102.443880"></trkpt>
      <trkpt lat="35.243648" lon="-102.442589"></trkpt>
      <trkpt lat="35.242934" lon="-102.441272"></trkpt>
      <trkpt lat="35.242221" lon="-102.439924"></trkpt>
      <trkpt lat="35.241512" lon="-102.438618"></trkpt>
      <trkpt lat="35.240791" lon="-102.437260"></trkpt>
      <trkpt lat="35.240421" lon="-102.436579"></trkpt>
      <trkpt lat="35.240053" lon="-102.435902"></trkpt>
      <trkpt lat="35.239301" lon="-102.434503"></trkpt>
      <trkpt lat="35.239290" lon="-102.434483"></trkpt>
      <trkpt lat="35.238817" lon="-102.433562"></trkpt>
      <trkpt lat="35.238618" lon="-102.433175"></trkpt>
      <trkpt lat="35.238103" lon="-102.432071"></trkpt>
      <trkpt lat="35.237612" lon="-102.430806"></trkpt>
      <trkpt lat="35.237337" lon="-102.430074"></trkpt>
      <trkpt lat="35.237199" lon="-102.429594"></trkpt>
      <trkpt lat="35.236919" lon="-102.428498"></trkpt>
      <trkpt lat="35.236767" lon="-102.427782"></trkpt>
      <trkpt lat="35.236638" lon="-102.427180"></trkpt>
      <trkpt lat="35.236517" lon="-102.426560"></trkpt>
      <trkpt lat="35.236373" lon="-102.425526"></trkpt>
      <trkpt lat="35.236281" lon="-102.424487"></trkpt>
      <trkpt lat="35.236231" lon="-102.423290"></trkpt>
      <trkpt lat="35.236224" lon="-102.422115"></trkpt>
      <trkpt lat="35.236248" lon="-102.420927"></trkpt>
      <trkpt lat="35.236256" lon="-102.420850"></trkpt>
      <trkpt lat="35.236391" lon="-102.419601"></trkpt>
      <trkpt lat="35.236810" lon="-102.416998"></trkpt>
      <trkpt lat="35.236817" lon="-102.416952"></trkpt>
      <trkpt lat="35.237047" lon="-102.415579"></trkpt>
      <trkpt lat="35.237489" lon="-102.412826"></trkpt>
      <trkpt lat="35.237706" lon="-102.411442"></trkpt>
      <trkpt lat="35.237915" lon="-102.410055"></trkpt>
      <trkpt lat="35.238141" lon="-102.408652"></trkpt>
      <trkpt lat="35.238527" lon="-102.406256"></trkpt>
      <trkpt lat="35.238678" lon="-102.405339"></trkpt>
      <trkpt lat="35.238726" lon="-102.405008"></trkpt>
      <trkpt lat="35.238771" lon="-102.404655"></trkpt>
      <trkpt lat="35.238811" lon="-102.404275"></trkpt>
      <trkpt lat="35.238843" lon="-102.403905"></trkpt>
      <trkpt lat="35.238865" lon="-102.403575"></trkpt>
      <trkpt lat="35.238890" lon="-102.403133"></trkpt>
      <trkpt lat="35.238906" lon="-102.402693"></trkpt>
      <trkpt lat="35.238916" lon="-102.402350"></trkpt>
      <trkpt lat="35.238916" lon="-102.402005"></trkpt>
      <trkpt lat="35.238915" lon="-102.401631"></trkpt>
      <trkpt lat="35.238907" lon="-102.401235"></trkpt>
      <trkpt lat="35.238898" lon="-102.400888"></trkpt>
      <trkpt lat="35.238881" lon="-102.400500"></trkpt>
      <trkpt lat="35.238859" lon="-102.400152"></trkpt>
      <trkpt lat="35.238829" lon="-102.399766"></trkpt>
      <trkpt lat="35.238800" lon="-102.399466"></trkpt>
      <trkpt lat="35.238751" lon="-102.399062"></trkpt>
      <trkpt lat="35.238680" lon="-102.398555"></trkpt>
      <trkpt lat="35.238615" lon="-102.398110"></trkpt>
      <trkpt lat="35.238378" lon="-102.396786"></trkpt>
      <trkpt lat="35.237821" lon="-102.393883"></trkpt>
      <trkpt lat="35.237555" lon="-102.392466"></trkpt>
      <trkpt lat="35.237278" lon="-102.391057"></trkpt>
      <trkpt lat="35.237006" lon="-102.389629"></trkpt>
      <trkpt lat="35.236724" lon="-102.388183"></trkpt>
      <trkpt lat="35.236193" lon="-102.385256"></trkpt>
      <trkpt lat="35.235917" lon="-102.383783"></trkpt>
      <trkpt lat="35.235650" lon="-102.382311"></trkpt>
      <trkpt lat="35.235368" lon="-102.380827"></trkpt>
      <trkpt lat="35.235079" lon="-102.379352"></trkpt>
      <trkpt lat="35.234800" lon="-102.377872"></trkpt>
      <trkpt lat="35.234515" lon="-102.376393"></trkpt>
      <trkpt lat="35.234330" lon="-102.375334"></trkpt>
      <trkpt lat="35.233964" lon="-102.373364"></trkpt>
      <trkpt lat="35.233567" lon="-102.371253"></trkpt>
      <trkpt lat="35.233160" lon="-102.369154"></trkpt>
      <trkpt lat="35.232781" lon="-102.367053"></trkpt>
      <trkpt lat="35.232384" lon="-102.364981"></trkpt>
      <trkpt lat="35.232250" lon="-102.364251"></trkpt>
      <trkpt lat="35.232173" lon="-102.363892"></trkpt>
      <trkpt lat="35.232033" lon="-102.363092"></trkpt>
      <trkpt lat="35.231646" lon="-102.361059"></trkpt>
      <trkpt lat="35.231268" lon="-102.359036"></trkpt>
      <trkpt lat="35.230504" lon="-102.355014"></trkpt>
      <trkpt lat="35.229386" lon="-102.348997"></trkpt>
      <trkpt lat="35.229004" lon="-102.346997"></trkpt>
      <trkpt lat="35.227872" lon="-102.340980"></trkpt>
      <trkpt lat="35.227490" lon="-102.338975"></trkpt>
      <trkpt lat="35.226328" lon="-102.332758"></trkpt>
      <trkpt lat="35.225269" lon="-102.327114"></trkpt>
      <trkpt lat="35.224852" lon="-102.324976"></trkpt>
      <trkpt lat="35.224675" lon="-102.324012"></trkpt>
      <trkpt lat="35.224462" lon="-102.322849"></trkpt>
      <trkpt lat="35.224059" lon="-102.320722"></trkpt>
      <trkpt lat="35.223669" lon="-102.318594"></trkpt>
      <trkpt lat="35.222862" lon="-102.314341"></trkpt>
      <trkpt lat="35.221665" lon="-102.307960"></trkpt>
      <trkpt lat="35.220455" lon="-102.301596"></trkpt>
      <trkpt lat="35.219271" lon="-102.295238"></trkpt>
      <trkpt lat="35.218872" lon="-102.293122"></trkpt>
      <trkpt lat="35.218083" lon="-102.288891"></trkpt>
      <trkpt lat="35.217934" lon="-102.288121"></trkpt>
      <trkpt lat="35.217675" lon="-102.286775"></trkpt>
      <trkpt lat="35.216477" lon="-102.280429"></trkpt>
      <trkpt lat="35.214109" lon="-102.267735"></trkpt>
      <trkpt lat="35.213709" lon="-102.265620"></trkpt>
      <trkpt lat="35.213319" lon="-102.263504"></trkpt>
      <trkpt lat="35.212915" lon="-102.261389"></trkpt>
      <trkpt lat="35.212524" lon="-102.259274"></trkpt>
      <trkpt lat="35.212122" lon="-102.257236"></trkpt>
      <trkpt lat="35.211771" lon="-102.255242"></trkpt>
      <trkpt lat="35.211388" lon="-102.253277"></trkpt>
      <trkpt lat="35.210574" lon="-102.248974"></trkpt>
      <trkpt lat="35.210478" lon="-102.248269"></trkpt>
      <trkpt lat="35.210433" lon="-102.247846"></trkpt>
      <trkpt lat="35.210393" lon="-102.247365"></trkpt>
      <trkpt lat="35.210336" lon="-102.246299"></trkpt>
      <trkpt lat="35.210266" lon="-102.243606"></trkpt>
      <trkpt lat="35.210214" lon="-102.240935"></trkpt>
      <trkpt lat="35.210163" lon="-102.238742"></trkpt>
      <trkpt lat="35.210123" lon="-102.236692"></trkpt>
      <trkpt lat="35.210107" lon="-102.235744"></trkpt>
      <trkpt lat="35.209967" lon="-102.230367"></trkpt>
      <trkpt lat="35.209922" lon="-102.227760"></trkpt>
      <trkpt lat="35.209866" lon="-102.225197"></trkpt>
      <trkpt lat="35.209806" lon="-102.222721"></trkpt>
      <trkpt lat="35.209744" lon="-102.220402"></trkpt>
      <trkpt lat="35.209736" lon="-102.219844"></trkpt>
      <trkpt lat="35.209710" lon="-102.218040"></trkpt>
      <trkpt lat="35.209662" lon="-102.216578"></trkpt>
      <trkpt lat="35.209650" lon="-102.216333"></trkpt>
      <trkpt lat="35.209586" lon="-102.215566"></trkpt>
      <trkpt lat="35.209434" lon="-102.214258"></trkpt>
      <trkpt lat="35.209410" lon="-102.213933"></trkpt>
      <trkpt lat="35.209362" lon="-102.213145"></trkpt>
      <trkpt lat="35.209362" lon="-102.212261"></trkpt>
      <trkpt lat="35.209308" lon="-102.209881"></trkpt>
      <trkpt lat="35.209251" lon="-102.207603"></trkpt>
      <trkpt lat="35.209200" lon="-102.205335"></trkpt>
      <trkpt lat="35.209134" lon="-102.202214"></trkpt>
      <trkpt lat="35.209125" lon="-102.201667"></trkpt>
      <trkpt lat="35.209043" lon="-102.198742"></trkpt>
      <trkpt lat="35.209008" lon="-102.196734"></trkpt>
      <trkpt lat="35.209001" lon="-102.196007"></trkpt>
      <trkpt lat="35.208991" lon="-102.195574"></trkpt>
      <trkpt lat="35.209080" lon="-102.193955"></trkpt>
      <trkpt lat="35.209163" lon="-102.192805"></trkpt>
      <trkpt lat="35.209196" lon="-102.192214"></trkpt>
      <trkpt lat="35.209203" lon="-102.191487"></trkpt>
      <trkpt lat="35.209191" lon="-102.190152"></trkpt>
      <trkpt lat="35.209086" lon="-102.185789"></trkpt>
      <trkpt lat="35.209064" lon="-102.184911"></trkpt>
      <trkpt lat="35.208918" lon="-102.178964"></trkpt>
      <trkpt lat="35.208856" lon="-102.176696"></trkpt>
      <trkpt lat="35.208824" lon="-102.174441"></trkpt>
      <trkpt lat="35.208763" lon="-102.172217"></trkpt>
      <trkpt lat="35.208718" lon="-102.169639"></trkpt>
      <trkpt lat="35.208646" lon="-102.168584"></trkpt>
      <trkpt lat="35.208581" lon="-102.167949"></trkpt>
      <trkpt lat="35.208504" lon="-102.167463"></trkpt>
      <trkpt lat="35.208454" lon="-102.167125"></trkpt>
      <trkpt lat="35.208366" lon="-102.166626"></trkpt>
      <trkpt lat="35.208229" lon="-102.165922"></trkpt>
      <trkpt lat="35.207681" lon="-102.163570"></trkpt>
      <trkpt lat="35.207128" lon="-102.161276"></trkpt>
      <trkpt lat="35.206588" lon="-102.159011"></trkpt>
      <trkpt lat="35.206037" lon="-102.156789"></trkpt>
      <trkpt lat="35.205516" lon="-102.154602"></trkpt>
      <trkpt lat="35.204557" lon="-102.150629"></trkpt>
      <trkpt lat="35.204469" lon="-102.150265"></trkpt>
      <trkpt lat="35.204063" lon="-102.148625"></trkpt>
      <trkpt lat="35.203392" lon="-102.145907"></trkpt>
      <trkpt lat="35.201000" lon="-102.135897"></trkpt>
      <trkpt lat="35.200427" lon="-102.133533"></trkpt>
      <trkpt lat="35.199869" lon="-102.131254"></trkpt>
      <trkpt lat="35.199400" lon="-102.129288"></trkpt>
      <trkpt lat="35.198435" lon="-102.125326"></trkpt>
      <trkpt lat="35.198083" lon="-102.123830"></trkpt>
      <trkpt lat="35.197680" lon="-102.122102"></trkpt>
      <trkpt lat="35.196976" lon="-102.119205"></trkpt>
      <trkpt lat="35.196601" lon="-102.117659"></trkpt>
      <trkpt lat="35.196002" lon="-102.115216"></trkpt>
      <trkpt lat="35.195567" lon="-102.113430"></trkpt>
      <trkpt lat="35.195120" lon="-102.111591"></trkpt>
      <trkpt lat="35.194446" lon="-102.108712"></trkpt>
      <trkpt lat="35.194146" lon="-102.107518"></trkpt>
      <trkpt lat="35.193722" lon="-102.105792"></trkpt>
      <trkpt lat="35.193324" lon="-102.104484"></trkpt>
      <trkpt lat="35.192884" lon="-102.103119"></trkpt>
      <trkpt lat="35.192533" lon="-102.101909"></trkpt>
      <trkpt lat="35.192279" lon="-102.100759"></trkpt>
      <trkpt lat="35.192166" lon="-102.100020"></trkpt>
      <trkpt lat="35.192066" lon="-102.099139"></trkpt>
      <trkpt lat="35.191999" lon="-102.098349"></trkpt>
      <trkpt lat="35.191926" lon="-102.095290"></trkpt>
      <trkpt lat="35.191866" lon="-102.092222"></trkpt>
      <trkpt lat="35.191647" lon="-102.083153"></trkpt>
      <trkpt lat="35.191450" lon="-102.074142"></trkpt>
      <trkpt lat="35.191372" lon="-102.071166"></trkpt>
      <trkpt lat="35.191362" lon="-102.070635"></trkpt>
      <trkpt lat="35.191322" lon="-102.068257"></trkpt>
      <trkpt lat="35.191224" lon="-102.064302"></trkpt>
      <trkpt lat="35.191205" lon="-102.063566"></trkpt>
      <trkpt lat="35.191160" lon="-102.061378"></trkpt>
      <trkpt lat="35.191116" lon="-102.060055"></trkpt>
      <trkpt lat="35.191054" lon="-102.057300"></trkpt>
      <trkpt lat="35.191042" lon="-102.057004"></trkpt>
      <trkpt lat="35.190983" lon="-102.054045"></trkpt>
      <trkpt lat="35.190898" lon="-102.051111"></trkpt>
      <trkpt lat="35.190829" lon="-102.047986"></trkpt>
      <trkpt lat="35.190752" lon="-102.044852"></trkpt>
      <trkpt lat="35.190697" lon="-102.041734"></trkpt>
      <trkpt lat="35.190531" lon="-102.035516"></trkpt>
      <trkpt lat="35.190392" lon="-102.029298"></trkpt>
      <trkpt lat="35.190330" lon="-102.026197"></trkpt>
      <trkpt lat="35.190253" lon="-102.023104"></trkpt>
      <trkpt lat="35.190164" lon="-102.020013"></trkpt>
      <trkpt lat="35.190078" lon="-102.016181"></trkpt>
      <trkpt lat="35.190027" lon="-102.013911"></trkpt>
      <trkpt lat="35.189959" lon="-102.010601"></trkpt>
      <trkpt lat="35.189939" lon="-102.009877"></trkpt>
      <trkpt lat="35.189770" lon="-102.004053"></trkpt>
      <trkpt lat="35.189680" lon="-102.000332"></trkpt>
      <trkpt lat="35.189614" lon="-101.997887"></trkpt>
      <trkpt lat="35.189266" lon="-101.983090"></trkpt>
      <trkpt lat="35.189209" lon="-101.981137"></trkpt>
      <trkpt lat="35.189168" lon="-101.980522"></trkpt>
      <trkpt lat="35.189126" lon="-101.980194"></trkpt>
      <trkpt lat="35.189083" lon="-101.979852"></trkpt>
      <trkpt lat="35.188955" lon="-101.979219"></trkpt>
      <trkpt lat="35.188784" lon="-101.978498"></trkpt>
      <trkpt lat="35.188563" lon="-101.977866"></trkpt>
      <trkpt lat="35.188353" lon="-101.977357"></trkpt>
      <trkpt lat="35.187683" lon="-101.975701"></trkpt>
      <trkpt lat="35.187563" lon="-101.975365"></trkpt>
      <trkpt lat="35.187464" lon="-101.975029"></trkpt>
      <trkpt lat="35.187369" lon="-101.974713"></trkpt>
      <trkpt lat="35.187317" lon="-101.974499"></trkpt>
      <trkpt lat="35.187249" lon="-101.974198"></trkpt>
      <trkpt lat="35.187199" lon="-101.973912"></trkpt>
      <trkpt lat="35.187157" lon="-101.973691"></trkpt>
      <trkpt lat="35.187112" lon="-101.973400"></trkpt>
      <trkpt lat="35.187047" lon="-101.972758"></trkpt>
      <trkpt lat="35.187016" lon="-101.972329"></trkpt>
      <trkpt lat="35.187004" lon="-101.971981"></trkpt>
      <trkpt lat="35.187000" lon="-101.971627"></trkpt>
      <trkpt lat="35.187005" lon="-101.971305"></trkpt>
      <trkpt lat="35.187030" lon="-101.970896"></trkpt>
      <trkpt lat="35.187202" lon="-101.968950"></trkpt>
      <trkpt lat="35.187243" lon="-101.968496"></trkpt>
      <trkpt lat="35.187318" lon="-101.967662"></trkpt>
      <trkpt lat="35.187528" lon="-101.965326"></trkpt>
      <trkpt lat="35.187573" lon="-101.964736"></trkpt>
      <trkpt lat="35.187590" lon="-101.964043"></trkpt>
      <trkpt lat="35.187601" lon="-101.963041"></trkpt>
      <trkpt lat="35.187579" lon="-101.962223"></trkpt>
      <trkpt lat="35.187543" lon="-101.960928"></trkpt>
      <trkpt lat="35.187517" lon="-101.959861"></trkpt>
      <trkpt lat="35.187498" lon="-101.958506"></trkpt>
      <trkpt lat="35.187441" lon="-101.956652"></trkpt>
      <trkpt lat="35.187331" lon="-101.953042"></trkpt>
      <trkpt lat="35.187300" lon="-101.951381"></trkpt>
      <trkpt lat="35.187226" lon="-101.948457"></trkpt>
      <trkpt lat="35.187206" lon="-101.947650"></trkpt>
      <trkpt lat="35.187089" lon="-101.942972"></trkpt>
      <trkpt lat="35.187074" lon="-101.942485"></trkpt>
      <trkpt lat="35.187064" lon="-101.942003"></trkpt>
      <trkpt lat="35.186992" lon="-101.938903"></trkpt>
      <trkpt lat="35.186969" lon="-101.937882"></trkpt>
      <trkpt lat="35.186953" lon="-101.937095"></trkpt>
      <trkpt lat="35.186950" lon="-101.935896"></trkpt>
      <trkpt lat="35.186897" lon="-101.934114"></trkpt>
      <trkpt lat="35.186797" lon="-101.929615"></trkpt>
      <trkpt lat="35.186765" lon="-101.929053"></trkpt>
      <trkpt lat="35.186694" lon="-101.926221"></trkpt>
      <trkpt lat="35.186662" lon="-101.924797"></trkpt>
      <trkpt lat="35.186641" lon="-101.923229"></trkpt>
      <trkpt lat="35.186578" lon="-101.921700"></trkpt>
      <trkpt lat="35.186563" lon="-101.920857"></trkpt>
      <trkpt lat="35.186542" lon="-101.919891"></trkpt>
      <trkpt lat="35.186542" lon="-101.919472"></trkpt>
      <trkpt lat="35.186546" lon="-101.919004"></trkpt>
      <trkpt lat="35.186571" lon="-101.918542"></trkpt>
      <trkpt lat="35.186615" lon="-101.917874"></trkpt>
      <trkpt lat="35.186681" lon="-101.917173"></trkpt>
      <trkpt lat="35.186782" lon="-101.916382"></trkpt>
      <trkpt lat="35.186941" lon="-101.915428"></trkpt>
      <trkpt lat="35.187048" lon="-101.914921"></trkpt>
      <trkpt lat="35.187202" lon="-101.914243"></trkpt>
      <trkpt lat="35.187397" lon="-101.913514"></trkpt>
      <trkpt lat="35.187580" lon="-101.912876"></trkpt>
      <trkpt lat="35.187840" lon="-101.912096"></trkpt>
      <trkpt lat="35.187915" lon="-101.911890"></trkpt>
      <trkpt lat="35.188221" lon="-101.911051"></trkpt>
      <trkpt lat="35.188416" lon="-101.910517"></trkpt>
      <trkpt lat="35.189013" lon="-101.908827"></trkpt>
      <trkpt lat="35.189305" lon="-101.907968"></trkpt>
      <trkpt lat="35.189389" lon="-101.907698"></trkpt>
      <trkpt lat="35.189523" lon="-101.907272"></trkpt>
      <trkpt lat="35.189717" lon="-101.906568"></trkpt>
      <trkpt lat="35.189851" lon="-101.905963"></trkpt>
      <trkpt lat="35.189951" lon="-101.905498"></trkpt>
      <trkpt lat="35.190081" lon="-101.904808"></trkpt>
      <trkpt lat="35.190186" lon="-101.904069"></trkpt>
      <trkpt lat="35.190255" lon="-101.903495"></trkpt>
      <trkpt lat="35.190307" lon="-101.902962"></trkpt>
      <trkpt lat="35.190396" lon="-101.901952"></trkpt>
      <trkpt lat="35.190460" lon="-101.901057"></trkpt>
      <trkpt lat="35.190547" lon="-101.900330"></trkpt>
      <trkpt lat="35.190619" lon="-101.899511"></trkpt>
      <trkpt lat="35.190731" lon="-101.898139"></trkpt>
      <trkpt lat="35.190927" lon="-101.895987"></trkpt>
      <trkpt lat="35.191029" lon="-101.894822"></trkpt>
      <trkpt lat="35.191072" lon="-101.894153"></trkpt>
      <trkpt lat="35.191095" lon="-101.893732"></trkpt>
      <trkpt lat="35.191284" lon="-101.891862"></trkpt>
      <trkpt lat="35.191382" lon="-101.890709"></trkpt>
      <trkpt lat="35.191404" lon="-101.890134"></trkpt>
      <trkpt lat="35.191402" lon="-101.889104"></trkpt>
      <trkpt lat="35.191410" lon="-101.887906"></trkpt>
      <trkpt lat="35.191388" lon="-101.884434"></trkpt>
      <trkpt lat="35.191386" lon="-101.883682"></trkpt>
      <trkpt lat="35.191375" lon="-101.881276"></trkpt>
      <trkpt lat="35.191376" lon="-101.880131"></trkpt>
      <trkpt lat="35.191374" lon="-101.879187"></trkpt>
      <trkpt lat="35.191380" lon="-101.878049"></trkpt>
      <trkpt lat="35.191387" lon="-101.877456"></trkpt>
      <trkpt lat="35.191413" lon="-101.876916"></trkpt>
      <trkpt lat="35.191506" lon="-101.876322"></trkpt>
      <trkpt lat="35.191629" lon="-101.875740"></trkpt>
      <trkpt lat="35.191735" lon="-101.875338"></trkpt>
      <trkpt lat="35.191914" lon="-101.874839"></trkpt>
      <trkpt lat="35.192078" lon="-101.874487"></trkpt>
      <trkpt lat="35.192378" lon="-101.873950"></trkpt>
      <trkpt lat="35.193310" lon="-101.872378"></trkpt>
      <trkpt lat="35.193519" lon="-101.872025"></trkpt>
      <trkpt lat="35.193962" lon="-101.871317"></trkpt>
      <trkpt lat="35.194169" lon="-101.870954"></trkpt>
      <trkpt lat="35.194366" lon="-101.870569"></trkpt>
      <trkpt lat="35.194468" lon="-101.870348"></trkpt>
      <trkpt lat="35.194631" lon="-101.869931"></trkpt>
      <trkpt lat="35.194760" lon="-101.869562"></trkpt>
      <trkpt lat="35.194878" lon="-101.869158"></trkpt>
      <trkpt lat="35.194977" lon="-101.868771"></trkpt>
      <trkpt lat="35.195057" lon="-101.868354"></trkpt>
      <trkpt lat="35.195115" lon="-101.867956"></trkpt>
      <trkpt lat="35.195174" lon="-101.867236"></trkpt>
      <trkpt lat="35.195186" lon="-101.866635"></trkpt>
      <trkpt lat="35.195194" lon="-101.865879"></trkpt>
      <trkpt lat="35.195193" lon="-101.864787"></trkpt>
      <trkpt lat="35.195189" lon="-101.862829"></trkpt>
      <trkpt lat="35.195189" lon="-101.860495"></trkpt>
      <trkpt lat="35.195189" lon="-101.859864"></trkpt>
      <trkpt lat="35.195186" lon="-101.858186"></trkpt>
      <trkpt lat="35.195209" lon="-101.857532"></trkpt>
      <trkpt lat="35.195217" lon="-101.855432"></trkpt>
      <trkpt lat="35.195192" lon="-101.854901"></trkpt>
      <trkpt lat="35.195074" lon="-101.853811"></trkpt>
      <trkpt lat="35.195060" lon="-101.853707"></trkpt>
      <trkpt lat="35.194657" lon="-101.850362"></trkpt>
      <trkpt lat="35.194375" lon="-101.847769"></trkpt>
      <trkpt lat="35.194013" lon="-101.845159"></trkpt>
      <trkpt lat="35.193843" lon="-101.843828"></trkpt>
      <trkpt lat="35.193717" lon="-101.842756"></trkpt>
      <trkpt lat="35.193469" lon="-101.841201"></trkpt>
      <trkpt lat="35.193393" lon="-101.840687"></trkpt>
      <trkpt lat="35.193226" lon="-101.839555"></trkpt>
      <trkpt lat="35.192472" lon="-101.834456"></trkpt>
      <trkpt lat="35.192404" lon="-101.834031"></trkpt>
      <trkpt lat="35.192354" lon="-101.833548"></trkpt>
      <trkpt lat="35.192329" lon="-101.833204"></trkpt>
      <trkpt lat="35.192326" lon="-101.832731"></trkpt>
      <trkpt lat="35.192333" lon="-101.832232"></trkpt>
      <trkpt lat="35.192309" lon="-101.829652"></trkpt>
      <trkpt lat="35.192317" lon="-101.827287"></trkpt>
      <trkpt lat="35.192332" lon="-101.826544"></trkpt>
      <trkpt lat="35.192330" lon="-101.824870"></trkpt>
      <trkpt lat="35.192404" lon="-101.819341"></trkpt>
      <trkpt lat="35.192529" lon="-101.817880"></trkpt>
      <trkpt lat="35.192619" lon="-101.816748"></trkpt>
      <trkpt lat="35.192627" lon="-101.816675"></trkpt>
      <trkpt lat="35.192801" lon="-101.814394"></trkpt>
      <trkpt lat="35.192927" lon="-101.812579"></trkpt>
      <trkpt lat="35.193122" lon="-101.809961"></trkpt>
      <trkpt lat="35.193214" lon="-101.807925"></trkpt>
      <trkpt lat="35.193223" lon="-101.807431"></trkpt>
      <trkpt lat="35.193240" lon="-101.805990"></trkpt>
      <trkpt lat="35.193241" lon="-101.805389"></trkpt>
      <trkpt lat="35.193247" lon="-101.801966"></trkpt>
      <trkpt lat="35.193246" lon="-101.800214"></trkpt>
      <trkpt lat="35.193247" lon="-101.799760"></trkpt>
      <trkpt lat="35.193252" lon="-101.797947"></trkpt>
      <trkpt lat="35.193234" lon="-101.797420"></trkpt>
      <trkpt lat="35.193198" lon="-101.796962"></trkpt>
      <trkpt lat="35.193127" lon="-101.796388"></trkpt>
      <trkpt lat="35.193042" lon="-101.795741"></trkpt>
      <trkpt lat="35.192700" lon="-101.793049"></trkpt>
      <trkpt lat="35.192529" lon="-101.791717"></trkpt>
      <trkpt lat="35.192522" lon="-101.791660"></trkpt>
      <trkpt lat="35.192506" lon="-101.791426"></trkpt>
      <trkpt lat="35.192478" lon="-101.791027"></trkpt>
      <trkpt lat="35.192469" lon="-101.787295"></trkpt>
      <trkpt lat="35.192471" lon="-101.786638"></trkpt>
      <trkpt lat="35.192466" lon="-101.785580"></trkpt>
      <trkpt lat="35.192490" lon="-101.783667"></trkpt>
      <trkpt lat="35.192498" lon="-101.783054"></trkpt>
      <trkpt lat="35.192482" lon="-101.780596"></trkpt>
      <trkpt lat="35.192515" lon="-101.779137"></trkpt>
      <trkpt lat="35.192530" lon="-101.778471"></trkpt>
      <trkpt lat="35.192569" lon="-101.775566"></trkpt>
      <trkpt lat="35.192582" lon="-101.773412"></trkpt>
      <trkpt lat="35.192608" lon="-101.768848"></trkpt>
      <trkpt lat="35.192609" lon="-101.768551"></trkpt>
      <trkpt lat="35.192615" lon="-101.766401"></trkpt>
      <trkpt lat="35.192588" lon="-101.762784"></trkpt>
      <trkpt lat="35.192580" lon="-101.760524"></trkpt>
      <trkpt lat="35.192581" lon="-101.759658"></trkpt>
      <trkpt lat="35.192635" lon="-101.755003"></trkpt>
      <trkpt lat="35.192637" lon="-101.754227"></trkpt>
      <trkpt lat="35.192638" lon="-101.753889"></trkpt>
      <trkpt lat="35.192649" lon="-101.749410"></trkpt>
      <trkpt lat="35.192657" lon="-101.746432"></trkpt>
      <trkpt lat="35.192640" lon="-101.743020"></trkpt>
      <trkpt lat="35.192645" lon="-101.741498"></trkpt>
      <trkpt lat="35.192658" lon="-101.740030"></trkpt>
      <trkpt lat="35.192671" lon="-101.738493"></trkpt>
      <trkpt lat="35.192672" lon="-101.737133"></trkpt>
      <trkpt lat="35.192673" lon="-101.736614"></trkpt>
      <trkpt lat="35.192674" lon="-101.735060"></trkpt>
      <trkpt lat="35.192695" lon="-101.731253"></trkpt>
      <trkpt lat="35.192697" lon="-101.730955"></trkpt>
      <trkpt lat="35.192709" lon="-101.729255"></trkpt>
      <trkpt lat="35.192742" lon="-101.724649"></trkpt>
      <trkpt lat="35.192746" lon="-101.724318"></trkpt>
      <trkpt lat="35.192747" lon="-101.724040"></trkpt>
      <trkpt lat="35.192721" lon="-101.720131"></trkpt>
      <trkpt lat="35.192723" lon="-101.717573"></trkpt>
      <trkpt lat="35.192732" lon="-101.714414"></trkpt>
      <trkpt lat="35.192706" lon="-101.713311"></trkpt>
      <trkpt lat="35.192667" lon="-101.712521"></trkpt>
      <trkpt lat="35.192662" lon="-101.712253"></trkpt>
      <trkpt lat="35.192633" lon="-101.710790"></trkpt>
      <trkpt lat="35.192586" lon="-101.709435"></trkpt>
      <trkpt lat="35.192605" lon="-101.707559"></trkpt>
      <trkpt lat="35.192611" lon="-101.706532"></trkpt>
      <trkpt lat="35.192599" lon="-101.704067"></trkpt>
      <trkpt lat="35.192610" lon="-101.701082"></trkpt>
      <trkpt lat="35.192609" lon="-101.700814"></trkpt>
      <trkpt lat="35.192611" lon="-101.700646"></trkpt>
      <trkpt lat="35.192636" lon="-101.699103"></trkpt>
      <trkpt lat="35.192638" lon="-101.698571"></trkpt>
      <trkpt lat="35.192636" lon="-101.698277"></trkpt>
      <trkpt lat="35.192633" lon="-101.697118"></trkpt>
      <trkpt lat="35.192653" lon="-101.696679"></trkpt>
      <trkpt lat="35.192679" lon="-101.696399"></trkpt>
      <trkpt lat="35.192718" lon="-101.696068"></trkpt>
      <trkpt lat="35.192780" lon="-101.695649"></trkpt>
      <trkpt lat="35.192849" lon="-101.695318"></trkpt>
      <trkpt lat="35.192949" lon="-101.694888"></trkpt>
      <trkpt lat="35.193066" lon="-101.694464"></trkpt>
      <trkpt lat="35.193233" lon="-101.693937"></trkpt>
      <trkpt lat="35.193372" lon="-101.693550"></trkpt>
      <trkpt lat="35.193516" lon="-101.693210"></trkpt>
      <trkpt lat="35.193645" lon="-101.692910"></trkpt>
      <trkpt lat="35.193857" lon="-101.692494"></trkpt>
      <trkpt lat="35.194002" lon="-101.692226"></trkpt>
      <trkpt lat="35.194166" lon="-101.691950"></trkpt>
      <trkpt lat="35.194419" lon="-101.691551"></trkpt>
      <trkpt lat="35.194514" lon="-101.691415"></trkpt>
      <trkpt lat="35.194757" lon="-101.691097"></trkpt>
      <trkpt lat="35.195080" lon="-101.690705"></trkpt>
      <trkpt lat="35.195667" lon="-101.690017"></trkpt>
      <trkpt lat="35.196111" lon="-101.689472"></trkpt>
      <trkpt lat="35.196694" lon="-101.688774"></trkpt>
      <trkpt lat="35.197692" lon="-101.687614"></trkpt>
      <trkpt lat="35.198923" lon="-101.686109"></trkpt>
      <trkpt lat="35.200239" lon="-101.684566"></trkpt>
      <trkpt lat="35.202178" lon="-101.682232"></trkpt>
      <trkpt lat="35.202414" lon="-101.681872"></trkpt>
      <trkpt lat="35.202676" lon="-101.681446"></trkpt>
      <trkpt lat="35.202841" lon="-101.681147"></trkpt>
      <trkpt lat="35.203090" lon="-101.680680"></trkpt>
      <trkpt lat="35.203346" lon="-101.680101"></trkpt>
      <trkpt lat="35.203518" lon="-101.679632"></trkpt>
      <trkpt lat="35.203745" lon="-101.678913"></trkpt>
      <trkpt lat="35.203846" lon="-101.678500"></trkpt>
      <trkpt lat="35.203969" lon="-101.677935"></trkpt>
      <trkpt lat="35.204041" lon="-101.677511"></trkpt>
      <trkpt lat="35.204172" lon="-101.676580"></trkpt>
      <trkpt lat="35.204691" lon="-101.672823"></trkpt>
      <trkpt lat="35.204817" lon="-101.671940"></trkpt>
      <trkpt lat="35.204900" lon="-101.671328"></trkpt>
      <trkpt lat="35.205375" lon="-101.667919"></trkpt>
      <trkpt lat="35.205517" lon="-101.666896"></trkpt>
      <trkpt lat="35.205544" lon="-101.666701"></trkpt>
      <trkpt lat="35.206421" lon="-101.660446"></trkpt>
      <trkpt lat="35.206686" lon="-101.658585"></trkpt>
      <trkpt lat="35.206764" lon="-101.657876"></trkpt>
      <trkpt lat="35.206803" lon="-101.657442"></trkpt>
      <trkpt lat="35.206834" lon="-101.656745"></trkpt>
      <trkpt lat="35.206849" lon="-101.656242"></trkpt>
      <trkpt lat="35.206860" lon="-101.655682"></trkpt>
      <trkpt lat="35.206850" lon="-101.653958"></trkpt>
      <trkpt lat="35.206843" lon="-101.653406"></trkpt>
      <trkpt lat="35.206838" lon="-101.652494"></trkpt>
      <trkpt lat="35.206823" lon="-101.648398"></trkpt>
      <trkpt lat="35.206774" lon="-101.622992"></trkpt>
      <trkpt lat="35.206801" lon="-101.622593"></trkpt>
      <trkpt lat="35.207047" lon="-101.620931"></trkpt>
      <trkpt lat="35.207235" lon="-101.620247"></trkpt>
      <trkpt lat="35.207668" lon="-101.619064"></trkpt>
      <trkpt lat="35.208235" lon="-101.617947"></trkpt>
      <trkpt lat="35.208647" lon="-101.617310"></trkpt>
      <trkpt lat="35.218918" lon="-101.603460"></trkpt>
      <trkpt lat="35.219621" lon="-101.602319"></trkpt>
      <trkpt lat="35.220129" lon="-101.601126"></trkpt>
      <trkpt lat="35.220274" lon="-101.600709"></trkpt>
      <trkpt lat="35.220573" lon="-101.599435"></trkpt>
      <trkpt lat="35.220714" lon="-101.598510"></trkpt>
      <trkpt lat="35.220760" lon="-101.597696"></trkpt>
      <trkpt lat="35.220671" lon="-101.586813"></trkpt>
      <trkpt lat="35.220574" lon="-101.577715"></trkpt>
      <trkpt lat="35.220598" lon="-101.572823"></trkpt>
      <trkpt lat="35.220607" lon="-101.571333"></trkpt>
      <trkpt lat="35.220629" lon="-101.569200"></trkpt>
      <trkpt lat="35.220632" lon="-101.568755"></trkpt>
      <trkpt lat="35.220654" lon="-101.564918"></trkpt>
      <trkpt lat="35.220671" lon="-101.562773"></trkpt>
      <trkpt lat="35.220679" lon="-101.560532"></trkpt>
      <trkpt lat="35.220709" lon="-101.556341"></trkpt>
      <trkpt lat="35.220731" lon="-101.551981"></trkpt>
      <trkpt lat="35.220750" lon="-101.547740"></trkpt>
      <trkpt lat="35.220767" lon="-101.545602"></trkpt>
      <trkpt lat="35.220777" lon="-101.543958"></trkpt>
      <trkpt lat="35.220787" lon="-101.542119"></trkpt>
      <trkpt lat="35.220805" lon="-101.539117"></trkpt>
      <trkpt lat="35.220813" lon="-101.538343"></trkpt>
      <trkpt lat="35.220827" lon="-101.536934"></trkpt>
      <trkpt lat="35.220859" lon="-101.534744"></trkpt>
      <trkpt lat="35.220877" lon="-101.532554"></trkpt>
      <trkpt lat="35.220914" lon="-101.530354"></trkpt>
      <trkpt lat="35.220941" lon="-101.528153"></trkpt>
      <trkpt lat="35.221005" lon="-101.523751"></trkpt>
      <trkpt lat="35.221073" lon="-101.517114"></trkpt>
      <trkpt lat="35.221130" lon="-101.513183"></trkpt>
      <trkpt lat="35.221191" lon="-101.508258"></trkpt>
      <trkpt lat="35.221211" lon="-101.506303"></trkpt>
      <trkpt lat="35.221235" lon="-101.503868"></trkpt>
      <trkpt lat="35.221267" lon="-101.501656"></trkpt>
      <trkpt lat="35.221272" lon="-101.501085"></trkpt>
      <trkpt lat="35.221301" lon="-101.500335"></trkpt>
      <trkpt lat="35.221322" lon="-101.499553"></trkpt>
      <trkpt lat="35.221367" lon="-101.496422"></trkpt>
      <trkpt lat="35.221376" lon="-101.492142"></trkpt>
      <trkpt lat="35.221379" lon="-101.485504"></trkpt>
      <trkpt lat="35.221386" lon="-101.483255"></trkpt>
      <trkpt lat="35.221393" lon="-101.475543"></trkpt>
      <trkpt lat="35.221405" lon="-101.472442"></trkpt>
      <trkpt lat="35.221413" lon="-101.470652"></trkpt>
      <trkpt lat="35.221422" lon="-101.468769"></trkpt>
      <trkpt lat="35.221429" lon="-101.465415"></trkpt>
      <trkpt lat="35.221451" lon="-101.458701"></trkpt>
      <trkpt lat="35.221475" lon="-101.448590"></trkpt>
      <trkpt lat="35.221486" lon="-101.445218"></trkpt>
      <trkpt lat="35.221478" lon="-101.441845"></trkpt>
      <trkpt lat="35.221526" lon="-101.426235"></trkpt>
      <trkpt lat="35.221536" lon="-101.420035"></trkpt>
      <trkpt lat="35.221561" lon="-101.416923"></trkpt>
      <trkpt lat="35.221562" lon="-101.413798"></trkpt>
      <trkpt lat="35.221604" lon="-101.401210"></trkpt>
      <trkpt lat="35.221607" lon="-101.398563"></trkpt>
      <trkpt lat="35.221567" lon="-101.397806"></trkpt>
      <trkpt lat="35.221544" lon="-101.397479"></trkpt>
      <trkpt lat="35.221484" lon="-101.396764"></trkpt>
      <trkpt lat="35.221412" lon="-101.396145"></trkpt>
      <trkpt lat="35.221350" lon="-101.395763"></trkpt>
      <trkpt lat="35.221209" lon="-101.394967"></trkpt>
      <trkpt lat="35.221029" lon="-101.394079"></trkpt>
      <trkpt lat="35.220870" lon="-101.393428"></trkpt>
      <trkpt lat="35.220703" lon="-101.392843"></trkpt>
      <trkpt lat="35.220428" lon="-101.391976"></trkpt>
      <trkpt lat="35.220059" lon="-101.390950"></trkpt>
      <trkpt lat="35.219402" lon="-101.389311"></trkpt>
      <trkpt lat="35.218657" lon="-101.387438"></trkpt>
      <trkpt lat="35.217057" lon="-101.383442"></trkpt>
      <trkpt lat="35.216241" lon="-101.381412"></trkpt>
      <trkpt lat="35.215755" lon="-101.380205"></trkpt>
      <trkpt lat="35.214747" lon="-101.377665"></trkpt>
      <trkpt lat="35.213839" lon="-101.375353"></trkpt>
      <trkpt lat="35.211032" lon="-101.368292"></trkpt>
      <trkpt lat="35.209837" lon="-101.365370"></trkpt>
      <trkpt lat="35.209097" lon="-101.363499"></trkpt>
      <trkpt lat="35.208943" lon="-101.363078"></trkpt>
      <trkpt lat="35.208748" lon="-101.362522"></trkpt>
      <trkpt lat="35.208602" lon="-101.362066"></trkpt>
      <trkpt lat="35.208464" lon="-101.361581"></trkpt>
      <trkpt lat="35.208288" lon="-101.360908"></trkpt>
      <trkpt lat="35.208162" lon="-101.360357"></trkpt>
      <trkpt lat="35.208024" lon="-101.359724"></trkpt>
      <trkpt lat="35.207924" lon="-101.359146"></trkpt>
      <trkpt lat="35.207856" lon="-101.358706"></trkpt>
      <trkpt lat="35.207791" lon="-101.358217"></trkpt>
      <trkpt lat="35.207741" lon="-101.357726"></trkpt>
      <trkpt lat="35.207687" lon="-101.357193"></trkpt>
      <trkpt lat="35.207656" lon="-101.356722"></trkpt>
      <trkpt lat="35.207630" lon="-101.356264"></trkpt>
      <trkpt lat="35.207616" lon="-101.355791"></trkpt>
      <trkpt lat="35.207612" lon="-101.355348"></trkpt>
      <trkpt lat="35.207607" lon="-101.350892"></trkpt>
      <trkpt lat="35.207624" lon="-101.346947"></trkpt>
      <trkpt lat="35.207610" lon="-101.335630"></trkpt>
      <trkpt lat="35.207607" lon="-101.328954"></trkpt>
      <trkpt lat="35.207606" lon="-101.327598"></trkpt>
      <trkpt lat="35.207593" lon="-101.316835"></trkpt>
      <trkpt lat="35.207567" lon="-101.307980"></trkpt>
      <trkpt lat="35.207569" lon="-101.303730"></trkpt>
      <trkpt lat="35.207553" lon="-101.299192"></trkpt>
      <trkpt lat="35.207562" lon="-101.294290"></trkpt>
      <trkpt lat="35.207553" lon="-101.284923"></trkpt>
      <trkpt lat="35.207544" lon="-101.280510"></trkpt>
      <trkpt lat="35.207545" lon="-101.276567"></trkpt>
      <trkpt lat="35.207542" lon="-101.275257"></trkpt>
      <trkpt lat="35.207526" lon="-101.271041"></trkpt>
      <trkpt lat="35.207530" lon="-101.266623"></trkpt>
      <trkpt lat="35.207520" lon="-101.257977"></trkpt>
      <trkpt lat="35.207523" lon="-101.253643"></trkpt>
      <trkpt lat="35.207510" lon="-101.250347"></trkpt>
      <trkpt lat="35.207521" lon="-101.247145"></trkpt>
      <trkpt lat="35.207517" lon="-101.241691"></trkpt>
      <trkpt lat="35.207516" lon="-101.240352"></trkpt>
      <trkpt lat="35.207507" lon="-101.232054"></trkpt>
      <trkpt lat="35.207497" lon="-101.223749"></trkpt>
      <trkpt lat="35.207507" lon="-101.222929"></trkpt>
      <trkpt lat="35.207536" lon="-101.222169"></trkpt>
      <trkpt lat="35.207641" lon="-101.220947"></trkpt>
      <trkpt lat="35.207733" lon="-101.219968"></trkpt>
      <trkpt lat="35.207782" lon="-101.219053"></trkpt>
      <trkpt lat="35.207784" lon="-101.219012"></trkpt>
      <trkpt lat="35.207804" lon="-101.217669"></trkpt>
      <trkpt lat="35.207778" lon="-101.216681"></trkpt>
      <trkpt lat="35.207701" lon="-101.215573"></trkpt>
      <trkpt lat="35.207557" lon="-101.214088"></trkpt>
      <trkpt lat="35.207519" lon="-101.213522"></trkpt>
      <trkpt lat="35.207512" lon="-101.212951"></trkpt>
      <trkpt lat="35.207483" lon="-101.210655"></trkpt>
      <trkpt lat="35.207481" lon="-101.205981"></trkpt>
      <trkpt lat="35.207466" lon="-101.201402"></trkpt>
      <trkpt lat="35.207466" lon="-101.196592"></trkpt>
      <trkpt lat="35.207459" lon="-101.191620"></trkpt>
      <trkpt lat="35.207429" lon="-101.181886"></trkpt>
      <trkpt lat="35.207426" lon="-101.179270"></trkpt>
      <trkpt lat="35.207423" lon="-101.176825"></trkpt>
      <trkpt lat="35.207425" lon="-101.175013"></trkpt>
      <trkpt lat="35.207428" lon="-101.171955"></trkpt>
      <trkpt lat="35.207422" lon="-101.170472"></trkpt>
      <trkpt lat="35.207416" lon="-101.169078"></trkpt>
      <trkpt lat="35.207410" lon="-101.167739"></trkpt>
      <trkpt lat="35.207409" lon="-101.164894"></trkpt>
      <trkpt lat="35.207402" lon="-101.161383"></trkpt>
      <trkpt lat="35.207396" lon="-101.157909"></trkpt>
      <trkpt lat="35.207390" lon="-101.150000"></trkpt>
      <trkpt lat="35.207424" lon="-101.148832"></trkpt>
      <trkpt lat="35.207488" lon="-101.147226"></trkpt>
      <trkpt lat="35.207652" lon="-101.145131"></trkpt>
      <trkpt lat="35.207754" lon="-101.144043"></trkpt>
      <trkpt lat="35.207903" lon="-101.142958"></trkpt>
      <trkpt lat="35.208064" lon="-101.141919"></trkpt>
      <trkpt lat="35.208290" lon="-101.140657"></trkpt>
      <trkpt lat="35.208435" lon="-101.139939"></trkpt>
      <trkpt lat="35.209249" lon="-101.135689"></trkpt>
      <trkpt lat="35.209734" lon="-101.133140"></trkpt>
      <trkpt lat="35.210131" lon="-101.131055"></trkpt>
      <trkpt lat="35.211229" lon="-101.125233"></trkpt>
      <trkpt lat="35.211555" lon="-101.123479"></trkpt>
      <trkpt lat="35.212147" lon="-101.120388"></trkpt>
      <trkpt lat="35.212698" lon="-101.117442"></trkpt>
      <trkpt lat="35.212818" lon="-101.116775"></trkpt>
      <trkpt lat="35.213152" lon="-101.115049"></trkpt>
      <trkpt lat="35.213192" lon="-101.114835"></trkpt>
      <trkpt lat="35.213283" lon="-101.114184"></trkpt>
      <trkpt lat="35.213361" lon="-101.113549"></trkpt>
      <trkpt lat="35.213413" lon="-101.112800"></trkpt>
      <trkpt lat="35.213432" lon="-101.112007"></trkpt>
      <trkpt lat="35.213422" lon="-101.111014"></trkpt>
      <trkpt lat="35.213327" lon="-101.109862"></trkpt>
      <trkpt lat="35.213224" lon="-101.109040"></trkpt>
      <trkpt lat="35.213202" lon="-101.108929"></trkpt>
      <trkpt lat="35.213069" lon="-101.108193"></trkpt>
      <trkpt lat="35.212942" lon="-101.107580"></trkpt>
      <trkpt lat="35.212734" lon="-101.106792"></trkpt>
      <trkpt lat="35.212639" lon="-101.106483"></trkpt>
      <trkpt lat="35.212508" lon="-101.106058"></trkpt>
      <trkpt lat="35.212359" lon="-101.105630"></trkpt>
      <trkpt lat="35.212276" lon="-101.105393"></trkpt>
      <trkpt lat="35.211974" lon="-101.104662"></trkpt>
      <trkpt lat="35.211495" lon="-101.103668"></trkpt>
      <trkpt lat="35.210846" lon="-101.102523"></trkpt>
      <trkpt lat="35.209269" lon="-101.099749"></trkpt>
      <trkpt lat="35.208935" lon="-101.099158"></trkpt>
      <trkpt lat="35.208710" lon="-101.098783"></trkpt>
      <trkpt lat="35.208577" lon="-101.098546"></trkpt>
      <trkpt lat="35.207467" lon="-101.096624"></trkpt>
      <trkpt lat="35.206675" lon="-101.095308"></trkpt>
      <trkpt lat="35.206153" lon="-101.094512"></trkpt>
      <trkpt lat="35.205594" lon="-101.093732"></trkpt>
      <trkpt lat="35.205041" lon="-101.092962"></trkpt>
      <trkpt lat="35.204062" lon="-101.091717"></trkpt>
      <trkpt lat="35.202696" lon="-101.090097"></trkpt>
      <trkpt lat="35.202564" lon="-101.089957"></trkpt>
      <trkpt lat="35.201778" lon="-101.089012"></trkpt>
      <trkpt lat="35.201210" lon="-101.088360"></trkpt>
      <trkpt lat="35.200389" lon="-101.087381"></trkpt>
      <trkpt lat="35.199314" lon="-101.086115"></trkpt>
      <trkpt lat="35.198412" lon="-101.084911"></trkpt>
      <trkpt lat="35.198148" lon="-101.084536"></trkpt>
      <trkpt lat="35.197371" lon="-101.083387"></trkpt>
      <trkpt lat="35.197019" lon="-101.082741"></trkpt>
      <trkpt lat="35.196655" lon="-101.082025"></trkpt>
      <trkpt lat="35.196365" lon="-101.081370"></trkpt>
      <trkpt lat="35.195982" lon="-101.080437"></trkpt>
      <trkpt lat="35.195627" lon="-101.079473"></trkpt>
      <trkpt lat="35.195332" lon="-101.078521"></trkpt>
      <trkpt lat="35.195162" lon="-101.077907"></trkpt>
      <trkpt lat="35.194980" lon="-101.077153"></trkpt>
      <trkpt lat="35.194514" lon="-101.074599"></trkpt>
      <trkpt lat="35.193892" lon="-101.071119"></trkpt>
      <trkpt lat="35.192142" lon="-101.061514"></trkpt>
      <trkpt lat="35.191481" lon="-101.057931"></trkpt>
      <trkpt lat="35.190175" lon="-101.050581"></trkpt>
      <trkpt lat="35.187328" lon="-101.034952"></trkpt>
      <trkpt lat="35.184944" lon="-101.021777"></trkpt>
      <trkpt lat="35.183739" lon="-101.015154"></trkpt>
      <trkpt lat="35.183499" lon="-101.013875"></trkpt>
      <trkpt lat="35.183411" lon="-101.013263"></trkpt>
      <trkpt lat="35.183318" lon="-101.012478"></trkpt>
      <trkpt lat="35.183231" lon="-101.011613"></trkpt>
      <trkpt lat="35.183093" lon="-101.010326"></trkpt>
      <trkpt lat="35.182964" lon="-101.008758"></trkpt>
      <trkpt lat="35.182870" lon="-101.007772"></trkpt>
      <trkpt lat="35.182801" lon="-101.007065"></trkpt>
      <trkpt lat="35.182708" lon="-101.006272"></trkpt>
      <trkpt lat="35.182541" lon="-101.004461"></trkpt>
      <trkpt lat="35.182347" lon="-101.002291"></trkpt>
      <trkpt lat="35.182243" lon="-101.001187"></trkpt>
      <trkpt lat="35.182181" lon="-101.000624"></trkpt>
      <trkpt lat="35.182128" lon="-101.000334"></trkpt>
      <trkpt lat="35.181912" lon="-100.997388"></trkpt>
      <trkpt lat="35.181453" lon="-100.992514"></trkpt>
      <trkpt lat="35.181151" lon="-100.989308"></trkpt>
      <trkpt lat="35.181109" lon="-100.988663"></trkpt>
      <trkpt lat="35.181089" lon="-100.988016"></trkpt>
      <trkpt lat="35.181091" lon="-100.987369"></trkpt>
      <trkpt lat="35.181115" lon="-100.986722"></trkpt>
      <trkpt lat="35.181161" lon="-100.986077"></trkpt>
      <trkpt lat="35.181229" lon="-100.985435"></trkpt>
      <trkpt lat="35.181313" lon="-100.984830"></trkpt>
      <trkpt lat="35.181924" lon="-100.980917"></trkpt>
      <trkpt lat="35.182104" lon="-100.979813"></trkpt>
      <trkpt lat="35.182676" lon="-100.976184"></trkpt>
      <trkpt lat="35.182763" lon="-100.975551"></trkpt>
      <trkpt lat="35.182818" lon="-100.975037"></trkpt>
      <trkpt lat="35.182858" lon="-100.974621"></trkpt>
      <trkpt lat="35.182885" lon="-100.974220"></trkpt>
      <trkpt lat="35.182904" lon="-100.973824"></trkpt>
      <trkpt lat="35.182921" lon="-100.973481"></trkpt>
      <trkpt lat="35.182930" lon="-100.973071"></trkpt>
      <trkpt lat="35.182927" lon="-100.959505"></trkpt>
      <trkpt lat="35.182926" lon="-100.939315"></trkpt>
      <trkpt lat="35.182930" lon="-100.920003"></trkpt>
      <trkpt lat="35.182930" lon="-100.917815"></trkpt>
      <trkpt lat="35.182930" lon="-100.916898"></trkpt>
      <trkpt lat="35.182916" lon="-100.914423"></trkpt>
      <trkpt lat="35.182915" lon="-100.914301"></trkpt>
      <trkpt lat="35.182918" lon="-100.911224"></trkpt>
      <trkpt lat="35.182888" lon="-100.909835"></trkpt>
      <trkpt lat="35.182850" lon="-100.909392"></trkpt>
      <trkpt lat="35.182825" lon="-100.909108"></trkpt>
      <trkpt lat="35.182742" lon="-100.908388"></trkpt>
      <trkpt lat="35.182720" lon="-100.908198"></trkpt>
      <trkpt lat="35.182637" lon="-100.907660"></trkpt>
      <trkpt lat="35.182612" lon="-100.907496"></trkpt>
      <trkpt lat="35.182518" lon="-100.906965"></trkpt>
      <trkpt lat="35.182462" lon="-100.906649"></trkpt>
      <trkpt lat="35.182365" lon="-100.906175"></trkpt>
      <trkpt lat="35.182118" lon="-100.905298"></trkpt>
      <trkpt lat="35.181801" lon="-100.904138"></trkpt>
      <trkpt lat="35.181184" lon="-100.902154"></trkpt>
      <trkpt lat="35.181013" lon="-100.901633"></trkpt>
      <trkpt lat="35.180475" lon="-100.899892"></trkpt>
      <trkpt lat="35.179651" lon="-100.897281"></trkpt>
      <trkpt lat="35.179531" lon="-100.896843"></trkpt>
      <trkpt lat="35.179337" lon="-100.895931"></trkpt>
      <trkpt lat="35.179136" lon="-100.894955"></trkpt>
      <trkpt lat="35.178989" lon="-100.893881"></trkpt>
      <trkpt lat="35.178862" lon="-100.892472"></trkpt>
      <trkpt lat="35.178842" lon="-100.891382"></trkpt>
      <trkpt lat="35.178816" lon="-100.888705"></trkpt>
      <trkpt lat="35.178822" lon="-100.886680"></trkpt>
      <trkpt lat="35.178810" lon="-100.885301"></trkpt>
      <trkpt lat="35.178844" lon="-100.884531"></trkpt>
      <trkpt lat="35.178876" lon="-100.884187"></trkpt>
      <trkpt lat="35.179036" lon="-100.882725"></trkpt>
      <trkpt lat="35.179749" lon="-100.879709"></trkpt>
      <trkpt lat="35.180365" lon="-100.877888"></trkpt>
      <trkpt lat="35.181839" lon="-100.873831"></trkpt>
      <trkpt lat="35.182359" lon="-100.872227"></trkpt>
      <trkpt lat="35.182409" lon="-100.872089"></trkpt>
      <trkpt lat="35.182648" lon="-100.871375"></trkpt>
      <trkpt lat="35.182802" lon="-100.870892"></trkpt>
      <trkpt lat="35.183062" lon="-100.869759"></trkpt>
      <trkpt lat="35.183166" lon="-100.869238"></trkpt>
      <trkpt lat="35.183369" lon="-100.868179"></trkpt>
      <trkpt lat="35.183559" lon="-100.866312"></trkpt>
      <trkpt lat="35.183614" lon="-100.865052"></trkpt>
      <trkpt lat="35.183576" lon="-100.863593"></trkpt>
      <trkpt lat="35.183530" lon="-100.863001"></trkpt>
      <trkpt lat="35.183348" lon="-100.861323"></trkpt>
      <trkpt lat="35.183231" lon="-100.860544"></trkpt>
      <trkpt lat="35.183090" lon="-100.859668"></trkpt>
      <trkpt lat="35.183007" lon="-100.859103"></trkpt>
      <trkpt lat="35.182533" lon="-100.855606"></trkpt>
      <trkpt lat="35.182153" lon="-100.852770"></trkpt>
      <trkpt lat="35.181787" lon="-100.850142"></trkpt>
      <trkpt lat="35.181389" lon="-100.847936"></trkpt>
      <trkpt lat="35.181186" lon="-100.846805"></trkpt>
      <trkpt lat="35.180953" lon="-100.845535"></trkpt>
      <trkpt lat="35.180542" lon="-100.843301"></trkpt>
      <trkpt lat="35.180130" lon="-100.841138"></trkpt>
      <trkpt lat="35.179886" lon="-100.839688"></trkpt>
      <trkpt lat="35.179564" lon="-100.837773"></trkpt>
      <trkpt lat="35.179466" lon="-100.837151"></trkpt>
      <trkpt lat="35.179270" lon="-100.835623"></trkpt>
      <trkpt lat="35.179198" lon="-100.833546"></trkpt>
      <trkpt lat="35.179283" lon="-100.831700"></trkpt>
      <trkpt lat="35.179444" lon="-100.830327"></trkpt>
      <trkpt lat="35.179717" lon="-100.828937"></trkpt>
      <trkpt lat="35.180145" lon="-100.827177"></trkpt>
      <trkpt lat="35.180935" lon="-100.824995"></trkpt>
      <trkpt lat="35.181850" lon="-100.823143"></trkpt>
      <trkpt lat="35.183230" lon="-100.820507"></trkpt>
      <trkpt lat="35.185303" lon="-100.816454"></trkpt>
      <trkpt lat="35.186111" lon="-100.814875"></trkpt>
      <trkpt lat="35.187224" lon="-100.812769"></trkpt>
      <trkpt lat="35.187459" lon="-100.812326"></trkpt>
      <trkpt lat="35.188897" lon="-100.809611"></trkpt>
      <trkpt lat="35.189608" lon="-100.808444"></trkpt>
      <trkpt lat="35.189979" lon="-100.807843"></trkpt>
      <trkpt lat="35.190410" lon="-100.807280"></trkpt>
      <trkpt lat="35.190991" lon="-100.806552"></trkpt>
      <trkpt lat="35.192567" lon="-100.804655"></trkpt>
      <trkpt lat="35.194765" lon="-100.801982"></trkpt>
      <trkpt lat="35.195241" lon="-100.801403"></trkpt>
      <trkpt lat="35.198150" lon="-100.797884"></trkpt>
      <trkpt lat="35.200213" lon="-100.795313"></trkpt>
      <trkpt lat="35.200453" lon="-100.794970"></trkpt>
      <trkpt lat="35.200701" lon="-100.794574"></trkpt>
      <trkpt lat="35.200897" lon="-100.794248"></trkpt>
      <trkpt lat="35.201104" lon="-100.793895"></trkpt>
      <trkpt lat="35.201218" lon="-100.793696"></trkpt>
      <trkpt lat="35.201586" lon="-100.793011"></trkpt>
      <trkpt lat="35.201954" lon="-100.792248"></trkpt>
      <trkpt lat="35.202459" lon="-100.791094"></trkpt>
      <trkpt lat="35.202740" lon="-100.790442"></trkpt>
      <trkpt lat="35.202946" lon="-100.789948"></trkpt>
      <trkpt lat="35.203313" lon="-100.789050"></trkpt>
      <trkpt lat="35.203500" lon="-100.788603"></trkpt>
      <trkpt lat="35.204155" lon="-100.787012"></trkpt>
      <trkpt lat="35.204633" lon="-100.785890"></trkpt>
      <trkpt lat="35.205429" lon="-100.784023"></trkpt>
      <trkpt lat="35.206205" lon="-100.782642"></trkpt>
      <trkpt lat="35.206577" lon="-100.782092"></trkpt>
      <trkpt lat="35.206922" lon="-100.781515"></trkpt>
      <trkpt lat="35.207100" lon="-100.781263"></trkpt>
      <trkpt lat="35.207170" lon="-100.781164"></trkpt>
      <trkpt lat="35.207755" lon="-100.780377"></trkpt>
      <trkpt lat="35.208087" lon="-100.779981"></trkpt>
      <trkpt lat="35.209235" lon="-100.778790"></trkpt>
      <trkpt lat="35.210169" lon="-100.777903"></trkpt>
      <trkpt lat="35.211321" lon="-100.776839"></trkpt>
      <trkpt lat="35.211836" lon="-100.776340"></trkpt>
      <trkpt lat="35.212362" lon="-100.775807"></trkpt>
      <trkpt lat="35.212626" lon="-100.775510"></trkpt>
      <trkpt lat="35.212864" lon="-100.775163"></trkpt>
      <trkpt lat="35.213144" lon="-100.774755"></trkpt>
      <trkpt lat="35.213427" lon="-100.774311"></trkpt>
      <trkpt lat="35.213682" lon="-100.773853"></trkpt>
      <trkpt lat="35.213754" lon="-100.773700"></trkpt>
      <trkpt lat="35.214017" lon="-100.773141"></trkpt>
      <trkpt lat="35.214288" lon="-100.772381"></trkpt>
      <trkpt lat="35.214422" lon="-100.771900"></trkpt>
      <trkpt lat="35.214585" lon="-100.771312"></trkpt>
      <trkpt lat="35.214670" lon="-100.770782"></trkpt>
      <trkpt lat="35.214803" lon="-100.769569"></trkpt>
      <trkpt lat="35.214801" lon="-100.768944"></trkpt>
      <trkpt lat="35.214781" lon="-100.768083"></trkpt>
      <trkpt lat="35.214735" lon="-100.767477"></trkpt>
      <trkpt lat="35.214634" lon="-100.766830"></trkpt>
      <trkpt lat="35.214170" lon="-100.764998"></trkpt>
      <trkpt lat="35.213625" lon="-100.762983"></trkpt>
      <trkpt lat="35.213087" lon="-100.760955"></trkpt>
      <trkpt lat="35.212722" lon="-100.759112"></trkpt>
      <trkpt lat="35.212503" lon="-100.757488"></trkpt>
      <trkpt lat="35.212467" lon="-100.756909"></trkpt>
      <trkpt lat="35.212414" lon="-100.755651"></trkpt>
      <trkpt lat="35.212422" lon="-100.755073"></trkpt>
      <trkpt lat="35.212475" lon="-100.753676"></trkpt>
      <trkpt lat="35.212535" lon="-100.752985"></trkpt>
      <trkpt lat="35.212610" lon="-100.752342"></trkpt>
      <trkpt lat="35.212684" lon="-100.751799"></trkpt>
      <trkpt lat="35.212962" lon="-100.750333"></trkpt>
      <trkpt lat="35.213182" lon="-100.749329"></trkpt>
      <trkpt lat="35.214059" lon="-100.745671"></trkpt>
      <trkpt lat="35.214162" lon="-100.745231"></trkpt>
      <trkpt lat="35.214552" lon="-100.743797"></trkpt>
      <trkpt lat="35.214859" lon="-100.742491"></trkpt>
      <trkpt lat="35.215001" lon="-100.741736"></trkpt>
      <trkpt lat="35.215092" lon="-100.741057"></trkpt>
      <trkpt lat="35.215150" lon="-100.740548"></trkpt>
      <trkpt lat="35.215190" lon="-100.739810"></trkpt>
      <trkpt lat="35.215201" lon="-100.738485"></trkpt>
      <trkpt lat="35.215204" lon="-100.737689"></trkpt>
      <trkpt lat="35.215203" lon="-100.737120"></trkpt>
      <trkpt lat="35.215200" lon="-100.736902"></trkpt>
      <trkpt lat="35.215205" lon="-100.733332"></trkpt>
      <trkpt lat="35.215202" lon="-100.732186"></trkpt>
      <trkpt lat="35.215197" lon="-100.730398"></trkpt>
      <trkpt lat="35.215166" lon="-100.729744"></trkpt>
      <trkpt lat="35.215107" lon="-100.729101"></trkpt>
      <trkpt lat="35.214957" lon="-100.728104"></trkpt>
      <trkpt lat="35.214850" lon="-100.727560"></trkpt>
      <trkpt lat="35.214728" lon="-100.727012"></trkpt>
      <trkpt lat="35.214097" lon="-100.724297"></trkpt>
      <trkpt lat="35.213798" lon="-100.722988"></trkpt>
      <trkpt lat="35.213601" lon="-100.722069"></trkpt>
      <trkpt lat="35.213561" lon="-100.721819"></trkpt>
      <trkpt lat="35.213378" lon="-100.720546"></trkpt>
      <trkpt lat="35.213344" lon="-100.719764"></trkpt>
      <trkpt lat="35.213328" lon="-100.719408"></trkpt>
      <trkpt lat="35.213333" lon="-100.719032"></trkpt>
      <trkpt lat="35.213345" lon="-100.718013"></trkpt>
      <trkpt lat="35.213381" lon="-100.717668"></trkpt>
      <trkpt lat="35.213666" lon="-100.714972"></trkpt>
      <trkpt lat="35.214078" lon="-100.710255"></trkpt>
      <trkpt lat="35.214232" lon="-100.708613"></trkpt>
      <trkpt lat="35.214514" lon="-100.705618"></trkpt>
      <trkpt lat="35.214725" lon="-100.703096"></trkpt>
      <trkpt lat="35.214906" lon="-100.700925"></trkpt>
      <trkpt lat="35.215069" lon="-100.699000"></trkpt>
      <trkpt lat="35.215288" lon="-100.696405"></trkpt>
      <trkpt lat="35.215315" lon="-100.696112"></trkpt>
      <trkpt lat="35.215507" lon="-100.694006"></trkpt>
      <trkpt lat="35.217215" lon="-100.674804"></trkpt>
      <trkpt lat="35.217317" lon="-100.673646"></trkpt>
      <trkpt lat="35.217353" lon="-100.673293"></trkpt>
      <trkpt lat="35.217398" lon="-100.672857"></trkpt>
      <trkpt lat="35.217500" lon="-100.672071"></trkpt>
      <trkpt lat="35.217571" lon="-100.671622"></trkpt>
      <trkpt lat="35.217624" lon="-100.671290"></trkpt>
      <trkpt lat="35.217770" lon="-100.670515"></trkpt>
      <trkpt lat="35.218401" lon="-100.668315"></trkpt>
      <trkpt lat="35.218575" lon="-100.667809"></trkpt>
      <trkpt lat="35.219844" lon="-100.663722"></trkpt>
      <trkpt lat="35.221755" lon="-100.657571"></trkpt>
      <trkpt lat="35.223271" lon="-100.652690"></trkpt>
      <trkpt lat="35.223602" lon="-100.651624"></trkpt>
      <trkpt lat="35.224717" lon="-100.648035"></trkpt>
      <trkpt lat="35.226327" lon="-100.642851"></trkpt>
      <trkpt lat="35.226837" lon="-100.641208"></trkpt>
      <trkpt lat="35.226859" lon="-100.641138"></trkpt>
      <trkpt lat="35.227209" lon="-100.639990"></trkpt>
      <trkpt lat="35.227560" lon="-100.638865"></trkpt>
      <trkpt lat="35.227631" lon="-100.638639"></trkpt>
      <trkpt lat="35.228220" lon="-100.636734"></trkpt>
      <trkpt lat="35.228224" lon="-100.636718"></trkpt>
      <trkpt lat="35.228540" lon="-100.635503"></trkpt>
      <trkpt lat="35.228640" lon="-100.634939"></trkpt>
      <trkpt lat="35.228783" lon="-100.634006"></trkpt>
      <trkpt lat="35.228862" lon="-100.633171"></trkpt>
      <trkpt lat="35.228907" lon="-100.632153"></trkpt>
      <trkpt lat="35.228917" lon="-100.631714"></trkpt>
      <trkpt lat="35.228922" lon="-100.631497"></trkpt>
      <trkpt lat="35.228886" lon="-100.630470"></trkpt>
      <trkpt lat="35.228812" lon="-100.629578"></trkpt>
      <trkpt lat="35.228257" lon="-100.625645"></trkpt>
      <trkpt lat="35.227810" lon="-100.622290"></trkpt>
      <trkpt lat="35.227702" lon="-100.621512"></trkpt>
      <trkpt lat="35.227415" lon="-100.619285"></trkpt>
      <trkpt lat="35.227306" lon="-100.618410"></trkpt>
      <trkpt lat="35.227270" lon="-100.618135"></trkpt>
      <trkpt lat="35.227091" lon="-100.616902"></trkpt>
      <trkpt lat="35.226941" lon="-100.615812"></trkpt>
      <trkpt lat="35.226871" lon="-100.615177"></trkpt>
      <trkpt lat="35.226822" lon="-100.614559"></trkpt>
      <trkpt lat="35.226788" lon="-100.613689"></trkpt>
      <trkpt lat="35.226804" lon="-100.608727"></trkpt>
      <trkpt lat="35.226777" lon="-100.606211"></trkpt>
      <trkpt lat="35.226776" lon="-100.604912"></trkpt>
      <trkpt lat="35.226748" lon="-100.603299"></trkpt>
      <trkpt lat="35.226755" lon="-100.601142"></trkpt>
      <trkpt lat="35.226743" lon="-100.598408"></trkpt>
      <trkpt lat="35.226738" lon="-100.597229"></trkpt>
      <trkpt lat="35.226737" lon="-100.597120"></trkpt>
      <trkpt lat="35.226726" lon="-100.596777"></trkpt>
      <trkpt lat="35.226701" lon="-100.596035"></trkpt>
      <trkpt lat="35.226668" lon="-100.595068"></trkpt>
      <trkpt lat="35.226650" lon="-100.594525"></trkpt>
      <trkpt lat="35.226622" lon="-100.593926"></trkpt>
      <trkpt lat="35.226540" lon="-100.592210"></trkpt>
      <trkpt lat="35.226535" lon="-100.592106"></trkpt>
      <trkpt lat="35.226525" lon="-100.591891"></trkpt>
      <trkpt lat="35.226507" lon="-100.591511"></trkpt>
      <trkpt lat="35.226463" lon="-100.590024"></trkpt>
      <trkpt lat="35.226456" lon="-100.588036"></trkpt>
      <trkpt lat="35.226461" lon="-100.587035"></trkpt>
      <trkpt lat="35.226510" lon="-100.579099"></trkpt>
      <trkpt lat="35.226503" lon="-100.574185"></trkpt>
      <trkpt lat="35.226565" lon="-100.566832"></trkpt>
      <trkpt lat="35.226597" lon="-100.556338"></trkpt>
      <trkpt lat="35.226603" lon="-100.554365"></trkpt>
      <trkpt lat="35.226600" lon="-100.546407"></trkpt>
      <trkpt lat="35.226583" lon="-100.540056"></trkpt>
      <trkpt lat="35.226574" lon="-100.538676"></trkpt>
      <trkpt lat="35.226616" lon="-100.532929"></trkpt>
      <trkpt lat="35.226674" lon="-100.530638"></trkpt>
      <trkpt lat="35.226722" lon="-100.529607"></trkpt>
      <trkpt lat="35.226800" lon="-100.525542"></trkpt>
      <trkpt lat="35.226805" lon="-100.523747"></trkpt>
      <trkpt lat="35.226809" lon="-100.509795"></trkpt>
      <trkpt lat="35.226807" lon="-100.504128"></trkpt>
      <trkpt lat="35.226807" lon="-100.503013"></trkpt>
      <trkpt lat="35.226805" lon="-100.501718"></trkpt>
      <trkpt lat="35.226802" lon="-100.500340"></trkpt>
      <trkpt lat="35.226794" lon="-100.498276"></trkpt>
      <trkpt lat="35.226826" lon="-100.437641"></trkpt>
      <trkpt lat="35.226812" lon="-100.427234"></trkpt>
      <trkpt lat="35.226861" lon="-100.413535"></trkpt>
      <trkpt lat="35.226815" lon="-100.390830"></trkpt>
      <trkpt lat="35.226811" lon="-100.385798"></trkpt>
      <trkpt lat="35.226833" lon="-100.384954"></trkpt>
      <trkpt lat="35.226890" lon="-100.384222"></trkpt>
      <trkpt lat="35.226983" lon="-100.383656"></trkpt>
      <trkpt lat="35.227081" lon="-100.383126"></trkpt>
      <trkpt lat="35.227228" lon="-100.382553"></trkpt>
      <trkpt lat="35.227483" lon="-100.381750"></trkpt>
      <trkpt lat="35.228211" lon="-100.379781"></trkpt>
      <trkpt lat="35.228459" lon="-100.378993"></trkpt>
      <trkpt lat="35.228660" lon="-100.378317"></trkpt>
      <trkpt lat="35.228758" lon="-100.377920"></trkpt>
      <trkpt lat="35.228928" lon="-100.377139"></trkpt>
      <trkpt lat="35.229053" lon="-100.376371"></trkpt>
      <trkpt lat="35.229151" lon="-100.375341"></trkpt>
      <trkpt lat="35.229184" lon="-100.374762"></trkpt>
      <trkpt lat="35.229194" lon="-100.374408"></trkpt>
      <trkpt lat="35.229199" lon="-100.373959"></trkpt>
      <trkpt lat="35.229190" lon="-100.373620"></trkpt>
      <trkpt lat="35.229166" lon="-100.373024"></trkpt>
      <trkpt lat="35.229059" lon="-100.371835"></trkpt>
      <trkpt lat="35.228960" lon="-100.370615"></trkpt>
      <trkpt lat="35.228751" lon="-100.368141"></trkpt>
      <trkpt lat="35.228580" lon="-100.366028"></trkpt>
      <trkpt lat="35.228473" lon="-100.364831"></trkpt>
      <trkpt lat="35.228125" lon="-100.360480"></trkpt>
      <trkpt lat="35.227804" lon="-100.356771"></trkpt>
      <trkpt lat="35.227772" lon="-100.356513"></trkpt>
      <trkpt lat="35.227743" lon="-100.356270"></trkpt>
      <trkpt lat="35.227698" lon="-100.356006"></trkpt>
      <trkpt lat="35.227637" lon="-100.355692"></trkpt>
      <trkpt lat="35.227577" lon="-100.355430"></trkpt>
      <trkpt lat="35.227077" lon="-100.353479"></trkpt>
      <trkpt lat="35.227016" lon="-100.353205"></trkpt>
      <trkpt lat="35.226967" lon="-100.352958"></trkpt>
      <trkpt lat="35.226916" lon="-100.352641"></trkpt>
      <trkpt lat="35.226853" lon="-100.352185"></trkpt>
      <trkpt lat="35.226808" lon="-100.351521"></trkpt>
      <trkpt lat="35.226794" lon="-100.351188"></trkpt>
      <trkpt lat="35.226783" lon="-100.350846"></trkpt>
      <trkpt lat="35.226774" lon="-100.350491"></trkpt>
      <trkpt lat="35.226749" lon="-100.343891"></trkpt>
      <trkpt lat="35.226781" lon="-100.338511"></trkpt>
      <trkpt lat="35.226794" lon="-100.335345"></trkpt>
      <trkpt lat="35.226790" lon="-100.333055"></trkpt>
      <trkpt lat="35.226800" lon="-100.328459"></trkpt>
      <trkpt lat="35.226797" lon="-100.322680"></trkpt>
      <trkpt lat="35.226768" lon="-100.315778"></trkpt>
      <trkpt lat="35.226764" lon="-100.313580"></trkpt>
      <trkpt lat="35.226770" lon="-100.306863"></trkpt>
      <trkpt lat="35.226767" lon="-100.304503"></trkpt>
      <trkpt lat="35.226751" lon="-100.302194"></trkpt>
      <trkpt lat="35.226753" lon="-100.298770"></trkpt>
      <trkpt lat="35.226743" lon="-100.295346"></trkpt>
      <trkpt lat="35.226745" lon="-100.293493"></trkpt>
      <trkpt lat="35.226752" lon="-100.288594"></trkpt>
      <trkpt lat="35.226773" lon="-100.285307"></trkpt>
      <trkpt lat="35.226770" lon="-100.282078"></trkpt>
      <trkpt lat="35.226775" lon="-100.281764"></trkpt>
      <trkpt lat="35.226783" lon="-100.281384"></trkpt>
      <trkpt lat="35.226797" lon="-100.281035"></trkpt>
      <trkpt lat="35.226846" lon="-100.280437"></trkpt>
      <trkpt lat="35.226907" lon="-100.279755"></trkpt>
      <trkpt lat="35.226972" lon="-100.279179"></trkpt>
      <trkpt lat="35.227020" lon="-100.278809"></trkpt>
      <trkpt lat="35.227379" lon="-100.276214"></trkpt>
      <trkpt lat="35.227737" lon="-100.273595"></trkpt>
      <trkpt lat="35.227921" lon="-100.272288"></trkpt>
      <trkpt lat="35.228105" lon="-100.270939"></trkpt>
      <trkpt lat="35.228273" lon="-100.269704"></trkpt>
      <trkpt lat="35.228399" lon="-100.268786"></trkpt>
      <trkpt lat="35.229031" lon="-100.263941"></trkpt>
      <trkpt lat="35.229593" lon="-100.259370"></trkpt>
      <trkpt lat="35.230099" lon="-100.255270"></trkpt>
      <trkpt lat="35.230479" lon="-100.252089"></trkpt>
      <trkpt lat="35.230661" lon="-100.250648"></trkpt>
      <trkpt lat="35.230703" lon="-100.250325"></trkpt>
      <trkpt lat="35.230859" lon="-100.248983"></trkpt>
      <trkpt lat="35.231225" lon="-100.245994"></trkpt>
      <trkpt lat="35.231251" lon="-100.245771"></trkpt>
      <trkpt lat="35.231274" lon="-100.245548"></trkpt>
      <trkpt lat="35.231291" lon="-100.245351"></trkpt>
      <trkpt lat="35.231308" lon="-100.245123"></trkpt>
      <trkpt lat="35.231327" lon="-100.244888"></trkpt>
      <trkpt lat="35.231339" lon="-100.244645"></trkpt>
      <trkpt lat="35.231348" lon="-100.244434"></trkpt>
      <trkpt lat="35.231356" lon="-100.244246"></trkpt>
      <trkpt lat="35.231360" lon="-100.244079"></trkpt>
      <trkpt lat="35.231365" lon="-100.243898"></trkpt>
      <trkpt lat="35.231366" lon="-100.243704"></trkpt>
      <trkpt lat="35.231367" lon="-100.243465"></trkpt>
      <trkpt lat="35.231364" lon="-100.243058"></trkpt>
      <trkpt lat="35.231360" lon="-100.242791"></trkpt>
      <trkpt lat="35.231346" lon="-100.242520"></trkpt>
      <trkpt lat="35.231330" lon="-100.242273"></trkpt>
      <trkpt lat="35.231310" lon="-100.241913"></trkpt>
      <trkpt lat="35.231276" lon="-100.241490"></trkpt>
      <trkpt lat="35.231232" lon="-100.241029"></trkpt>
      <trkpt lat="35.231184" lon="-100.240592"></trkpt>
      <trkpt lat="35.231153" lon="-100.240330"></trkpt>
      <trkpt lat="35.231115" lon="-100.240053"></trkpt>
      <trkpt lat="35.231067" lon="-100.239750"></trkpt>
      <trkpt lat="35.231020" lon="-100.239468"></trkpt>
      <trkpt lat="35.230970" lon="-100.239206"></trkpt>
      <trkpt lat="35.230910" lon="-100.238909"></trkpt>
      <trkpt lat="35.230846" lon="-100.238595"></trkpt>
      <trkpt lat="35.230781" lon="-100.238304"></trkpt>
      <trkpt lat="35.229062" lon="-100.230781"></trkpt>
      <trkpt lat="35.228689" lon="-100.229143"></trkpt>
      <trkpt lat="35.228281" lon="-100.227394"></trkpt>
      <trkpt lat="35.227269" lon="-100.223003"></trkpt>
      <trkpt lat="35.227187" lon="-100.222631"></trkpt>
      <trkpt lat="35.227125" lon="-100.222311"></trkpt>
      <trkpt lat="35.227072" lon="-100.222025"></trkpt>
      <trkpt lat="35.227013" lon="-100.221674"></trkpt>
      <trkpt lat="35.226963" lon="-100.221348"></trkpt>
      <trkpt lat="35.226922" lon="-100.221062"></trkpt>
      <trkpt lat="35.226883" lon="-100.220765"></trkpt>
      <trkpt lat="35.226845" lon="-100.220438"></trkpt>
      <trkpt lat="35.226811" lon="-100.220104"></trkpt>
      <trkpt lat="35.226780" lon="-100.219764"></trkpt>
      <trkpt lat="35.226754" lon="-100.219404"></trkpt>
      <trkpt lat="35.226736" lon="-100.219053"></trkpt>
      <trkpt lat="35.226722" lon="-100.218736"></trkpt>
      <trkpt lat="35.226711" lon="-100.218395"></trkpt>
      <trkpt lat="35.226701" lon="-100.215744"></trkpt>
      <trkpt lat="35.226707" lon="-100.212817"></trkpt>
      <trkpt lat="35.226699" lon="-100.210691"></trkpt>
      <trkpt lat="35.226699" lon="-100.209709"></trkpt>
      <trkpt lat="35.226700" lon="-100.203928"></trkpt>
      <trkpt lat="35.226698" lon="-100.197770"></trkpt>
      <trkpt lat="35.226724" lon="-100.191639"></trkpt>
      <trkpt lat="35.226722" lon="-100.173451"></trkpt>
      <trkpt lat="35.226672" lon="-100.158442"></trkpt>
      <trkpt lat="35.226674" lon="-100.157799"></trkpt>
      <trkpt lat="35.226698" lon="-100.151505"></trkpt>
      <trkpt lat="35.226687" lon="-100.139937"></trkpt>
      <trkpt lat="35.226685" lon="-100.138226"></trkpt>
      <trkpt lat="35.226650" lon="-100.131108"></trkpt>
      <trkpt lat="35.226639" lon="-100.129739"></trkpt>
      <trkpt lat="35.226637" lon="-100.129337"></trkpt>
      <trkpt lat="35.226616" lon="-100.125341"></trkpt>
      <trkpt lat="35.226632" lon="-100.121679"></trkpt>
      <trkpt lat="35.226639" lon="-100.120011"></trkpt>
      <trkpt lat="35.226633" lon="-100.112604"></trkpt>
      <trkpt lat="35.226630" lon="-100.109169"></trkpt>
      <trkpt lat="35.226620" lon="-100.102530"></trkpt>
      <trkpt lat="35.226619" lon="-100.101624"></trkpt>
      <trkpt lat="35.226593" lon="-100.090079"></trkpt>
      <trkpt lat="35.226617" lon="-100.082951"></trkpt>
      <trkpt lat="35.226621" lon="-100.077228"></trkpt>
      <trkpt lat="35.226621" lon="-100.076598"></trkpt>
      <trkpt lat="35.226615" lon="-100.071025"></trkpt>
      <trkpt lat="35.226604" lon="-100.061644"></trkpt>
      <trkpt lat="35.226603" lon="-100.061463"></trkpt>
      <trkpt lat="35.226578" lon="-100.057896"></trkpt>
      <trkpt lat="35.226606" lon="-100.050974"></trkpt>
      <trkpt lat="35.226601" lon="-100.046216"></trkpt>
      <trkpt lat="35.226641" lon="-100.041531"></trkpt>
      <trkpt lat="35.226643" lon="-100.036765"></trkpt>
      <trkpt lat="35.226663" lon="-100.032143"></trkpt>
      <trkpt lat="35.226666" lon="-100.031130"></trkpt>
      <trkpt lat="35.226676" lon="-100.027544"></trkpt>
      <trkpt lat="35.226663" lon="-100.022969"></trkpt>
      <trkpt lat="35.226731" lon="-100.002323"></trkpt>
      <trkpt lat="35.226799" lon="-100.000289"></trkpt>
      <trkpt lat="35.226840" lon="-99.999240"></trkpt>
      <trkpt lat="35.226891" lon="-99.998212"></trkpt>
      <trkpt lat="35.226958" lon="-99.997169"></trkpt>
      <trkpt lat="35.227033" lon="-99.996140"></trkpt>
      <trkpt lat="35.227116" lon="-99.995069"></trkpt>
      <trkpt lat="35.227197" lon="-99.994164"></trkpt>
      <trkpt lat="35.227268" lon="-99.993388"></trkpt>
      <trkpt lat="35.227446" lon="-99.991693"></trkpt>
      <trkpt lat="35.227496" lon="-99.991238"></trkpt>
      <trkpt lat="35.228031" lon="-99.987269"></trkpt>
      <trkpt lat="35.228083" lon="-99.986877"></trkpt>
      <trkpt lat="35.229330" lon="-99.977682"></trkpt>
      <trkpt lat="35.229565" lon="-99.975974"></trkpt>
      <trkpt lat="35.231097" lon="-99.964957"></trkpt>
      <trkpt lat="35.231272" lon="-99.963498"></trkpt>
      <trkpt lat="35.231395" lon="-99.962399"></trkpt>
      <trkpt lat="35.231500" lon="-99.961293"></trkpt>
      <trkpt lat="35.231592" lon="-99.960190"></trkpt>
      <trkpt lat="35.231650" lon="-99.959358"></trkpt>
      <trkpt lat="35.231688" lon="-99.958581"></trkpt>
      <trkpt lat="35.231726" lon="-99.957787"></trkpt>
      <trkpt lat="35.231757" lon="-99.956639"></trkpt>
      <trkpt lat="35.231761" lon="-99.956277"></trkpt>
      <trkpt lat="35.231770" lon="-99.955482"></trkpt>
      <trkpt lat="35.231764" lon="-99.954166"></trkpt>
      <trkpt lat="35.231738" lon="-99.953256"></trkpt>
      <trkpt lat="35.231709" lon="-99.952398"></trkpt>
      <trkpt lat="35.231646" lon="-99.951178"></trkpt>
      <trkpt lat="35.231585" lon="-99.950234"></trkpt>
      <trkpt lat="35.231542" lon="-99.949618"></trkpt>
      <trkpt lat="35.231490" lon="-99.949028"></trkpt>
      <trkpt lat="35.231375" lon="-99.947961"></trkpt>
      <trkpt lat="35.231314" lon="-99.947421"></trkpt>
      <trkpt lat="35.231269" lon="-99.947038"></trkpt>
      <trkpt lat="35.231200" lon="-99.946546"></trkpt>
      <trkpt lat="35.231084" lon="-99.945541"></trkpt>
      <trkpt lat="35.230974" lon="-99.944801"></trkpt>
      <trkpt lat="35.230832" lon="-99.943922"></trkpt>
      <trkpt lat="35.230704" lon="-99.943175"></trkpt>
      <trkpt lat="35.230528" lon="-99.942212"></trkpt>
      <trkpt lat="35.227873" lon="-99.928712"></trkpt>
      <trkpt lat="35.227557" lon="-99.927026"></trkpt>
      <trkpt lat="35.227336" lon="-99.925685"></trkpt>
      <trkpt lat="35.227135" lon="-99.924374"></trkpt>
      <trkpt lat="35.226931" lon="-99.922788"></trkpt>
      <trkpt lat="35.226766" lon="-99.921378"></trkpt>
      <trkpt lat="35.226612" lon="-99.919797"></trkpt>
      <trkpt lat="35.226482" lon="-99.918158"></trkpt>
      <trkpt lat="35.226448" lon="-99.917626"></trkpt>
      <trkpt lat="35.226389" lon="-99.916611"></trkpt>
      <trkpt lat="35.226348" lon="-99.915490"></trkpt>
      <trkpt lat="35.226311" lon="-99.914498"></trkpt>
      <trkpt lat="35.226269" lon="-99.912116"></trkpt>
      <trkpt lat="35.226266" lon="-99.911747"></trkpt>
      <trkpt lat="35.226256" lon="-99.908379"></trkpt>
      <trkpt lat="35.226254" lon="-99.907683"></trkpt>
      <trkpt lat="35.226204" lon="-99.894224"></trkpt>
      <trkpt lat="35.226201" lon="-99.893749"></trkpt>
      <trkpt lat="35.226142" lon="-99.877402"></trkpt>
      <trkpt lat="35.226145" lon="-99.875455"></trkpt>
      <trkpt lat="35.226136" lon="-99.874607"></trkpt>
      <trkpt lat="35.226135" lon="-99.871423"></trkpt>
      <trkpt lat="35.226131" lon="-99.870520"></trkpt>
      <trkpt lat="35.226106" lon="-99.865840"></trkpt>
      <trkpt lat="35.226082" lon="-99.860625"></trkpt>
      <trkpt lat="35.226084" lon="-99.857650"></trkpt>
      <trkpt lat="35.226114" lon="-99.855675"></trkpt>
      <trkpt lat="35.226135" lon="-99.854607"></trkpt>
      <trkpt lat="35.226164" lon="-99.853561"></trkpt>
      <trkpt lat="35.226268" lon="-99.850859"></trkpt>
      <trkpt lat="35.226353" lon="-99.849220"></trkpt>
      <trkpt lat="35.226379" lon="-99.848810"></trkpt>
      <trkpt lat="35.226475" lon="-99.847272"></trkpt>
      <trkpt lat="35.226629" lon="-99.845197"></trkpt>
      <trkpt lat="35.226746" lon="-99.843787"></trkpt>
      <trkpt lat="35.226868" lon="-99.842436"></trkpt>
      <trkpt lat="35.226954" lon="-99.841421"></trkpt>
      <trkpt lat="35.226994" lon="-99.841032"></trkpt>
      <trkpt lat="35.227128" lon="-99.839887"></trkpt>
      <trkpt lat="35.227312" lon="-99.838165"></trkpt>
      <trkpt lat="35.227649" lon="-99.835004"></trkpt>
      <trkpt lat="35.227779" lon="-99.833766"></trkpt>
      <trkpt lat="35.227786" lon="-99.833706"></trkpt>
      <trkpt lat="35.227937" lon="-99.832302"></trkpt>
      <trkpt lat="35.228623" lon="-99.825921"></trkpt>
      <trkpt lat="35.228776" lon="-99.824466"></trkpt>
      <trkpt lat="35.228949" lon="-99.822793"></trkpt>
      <trkpt lat="35.229026" lon="-99.822031"></trkpt>
      <trkpt lat="35.229131" lon="-99.820887"></trkpt>
      <trkpt lat="35.229226" lon="-99.819773"></trkpt>
      <trkpt lat="35.229273" lon="-99.819175"></trkpt>
      <trkpt lat="35.229320" lon="-99.818551"></trkpt>
      <trkpt lat="35.229389" lon="-99.817623"></trkpt>
      <trkpt lat="35.229495" lon="-99.815968"></trkpt>
      <trkpt lat="35.229586" lon="-99.814469"></trkpt>
      <trkpt lat="35.229651" lon="-99.813025"></trkpt>
      <trkpt lat="35.229707" lon="-99.811578"></trkpt>
      <trkpt lat="35.229763" lon="-99.809783"></trkpt>
      <trkpt lat="35.229814" lon="-99.806750"></trkpt>
      <trkpt lat="35.229814" lon="-99.804757"></trkpt>
      <trkpt lat="35.229813" lon="-99.803295"></trkpt>
      <trkpt lat="35.229814" lon="-99.801590"></trkpt>
      <trkpt lat="35.229817" lon="-99.800192"></trkpt>
      <trkpt lat="35.229817" lon="-99.798203"></trkpt>
      <trkpt lat="35.229815" lon="-99.797249"></trkpt>
      <trkpt lat="35.229817" lon="-99.796595"></trkpt>
      <trkpt lat="35.229814" lon="-99.794776"></trkpt>
      <trkpt lat="35.229813" lon="-99.794448"></trkpt>
      <trkpt lat="35.229817" lon="-99.794060"></trkpt>
      <trkpt lat="35.229830" lon="-99.792947"></trkpt>
      <trkpt lat="35.229857" lon="-99.791840"></trkpt>
      <trkpt lat="35.229913" lon="-99.790753"></trkpt>
      <trkpt lat="35.229993" lon="-99.789648"></trkpt>
      <trkpt lat="35.230006" lon="-99.789446"></trkpt>
      <trkpt lat="35.230099" lon="-99.788394"></trkpt>
      <trkpt lat="35.230166" lon="-99.787701"></trkpt>
      <trkpt lat="35.230290" lon="-99.786694"></trkpt>
      <trkpt lat="35.230402" lon="-99.785848"></trkpt>
      <trkpt lat="35.230565" lon="-99.784800"></trkpt>
      <trkpt lat="35.230753" lon="-99.783684"></trkpt>
      <trkpt lat="35.230944" lon="-99.782690"></trkpt>
      <trkpt lat="35.231012" lon="-99.782353"></trkpt>
      <trkpt lat="35.231234" lon="-99.781334"></trkpt>
      <trkpt lat="35.231514" lon="-99.780149"></trkpt>
      <trkpt lat="35.231758" lon="-99.779200"></trkpt>
      <trkpt lat="35.232044" lon="-99.778180"></trkpt>
      <trkpt lat="35.232461" lon="-99.776809"></trkpt>
      <trkpt lat="35.232817" lon="-99.775726"></trkpt>
      <trkpt lat="35.233184" lon="-99.774668"></trkpt>
      <trkpt lat="35.233880" lon="-99.772838"></trkpt>
      <trkpt lat="35.234454" lon="-99.771484"></trkpt>
      <trkpt lat="35.235090" lon="-99.770083"></trkpt>
      <trkpt lat="35.235770" lon="-99.768694"></trkpt>
      <trkpt lat="35.236684" lon="-99.766986"></trkpt>
      <trkpt lat="35.237029" lon="-99.766364"></trkpt>
      <trkpt lat="35.239016" lon="-99.762811"></trkpt>
      <trkpt lat="35.242235" lon="-99.756997"></trkpt>
      <trkpt lat="35.244364" lon="-99.753166"></trkpt>
      <trkpt lat="35.244615" lon="-99.752712"></trkpt>
      <trkpt lat="35.246541" lon="-99.749275"></trkpt>
      <trkpt lat="35.251220" lon="-99.740856"></trkpt>
      <trkpt lat="35.251823" lon="-99.739759"></trkpt>
      <trkpt lat="35.252315" lon="-99.738859"></trkpt>
      <trkpt lat="35.252919" lon="-99.737732"></trkpt>
      <trkpt lat="35.253969" lon="-99.735621"></trkpt>
      <trkpt lat="35.254910" lon="-99.733583"></trkpt>
      <trkpt lat="35.255650" lon="-99.731862"></trkpt>
      <trkpt lat="35.256285" lon="-99.730288"></trkpt>
      <trkpt lat="35.256878" lon="-99.728721"></trkpt>
      <trkpt lat="35.257420" lon="-99.727173"></trkpt>
      <trkpt lat="35.257882" lon="-99.725804"></trkpt>
      <trkpt lat="35.258131" lon="-99.725036"></trkpt>
      <trkpt lat="35.258377" lon="-99.724221"></trkpt>
      <trkpt lat="35.258546" lon="-99.723637"></trkpt>
      <trkpt lat="35.258812" lon="-99.722718"></trkpt>
      <trkpt lat="35.259070" lon="-99.721776"></trkpt>
      <trkpt lat="35.259380" lon="-99.720533"></trkpt>
      <trkpt lat="35.259470" lon="-99.720178"></trkpt>
      <trkpt lat="35.259721" lon="-99.719193"></trkpt>
      <trkpt lat="35.260083" lon="-99.717580"></trkpt>
      <trkpt lat="35.260335" lon="-99.716348"></trkpt>
      <trkpt lat="35.260561" lon="-99.715183"></trkpt>
      <trkpt lat="35.260782" lon="-99.713916"></trkpt>
      <trkpt lat="35.260961" lon="-99.712857"></trkpt>
      <trkpt lat="35.261145" lon="-99.711594"></trkpt>
      <trkpt lat="35.261315" lon="-99.710317"></trkpt>
      <trkpt lat="35.261460" lon="-99.709075"></trkpt>
      <trkpt lat="35.261588" lon="-99.707855"></trkpt>
      <trkpt lat="35.261727" lon="-99.706297"></trkpt>
      <trkpt lat="35.261801" lon="-99.705195"></trkpt>
      <trkpt lat="35.261876" lon="-99.704015"></trkpt>
      <trkpt lat="35.261923" lon="-99.703054"></trkpt>
      <trkpt lat="35.261970" lon="-99.701723"></trkpt>
      <trkpt lat="35.261993" lon="-99.700499"></trkpt>
      <trkpt lat="35.261920" lon="-99.682324"></trkpt>
      <trkpt lat="35.261919" lon="-99.681948"></trkpt>
      <trkpt lat="35.261870" lon="-99.658357"></trkpt>
      <trkpt lat="35.261869" lon="-99.657641"></trkpt>
      <trkpt lat="35.261853" lon="-99.652005"></trkpt>
      <trkpt lat="35.261854" lon="-99.651277"></trkpt>
      <trkpt lat="35.261869" lon="-99.650510"></trkpt>
      <trkpt lat="35.261895" lon="-99.649819"></trkpt>
      <trkpt lat="35.261946" lon="-99.648857"></trkpt>
      <trkpt lat="35.262007" lon="-99.648152"></trkpt>
      <trkpt lat="35.262083" lon="-99.647294"></trkpt>
      <trkpt lat="35.262218" lon="-99.646304"></trkpt>
      <trkpt lat="35.262367" lon="-99.645408"></trkpt>
      <trkpt lat="35.262567" lon="-99.644333"></trkpt>
      <trkpt lat="35.262836" lon="-99.643181"></trkpt>
      <trkpt lat="35.263021" lon="-99.642471"></trkpt>
      <trkpt lat="35.263283" lon="-99.641546"></trkpt>
      <trkpt lat="35.263544" lon="-99.640736"></trkpt>
      <trkpt lat="35.264297" lon="-99.638707"></trkpt>
      <trkpt lat="35.264502" lon="-99.638198"></trkpt>
      <trkpt lat="35.265057" lon="-99.636981"></trkpt>
      <trkpt lat="35.265569" lon="-99.635950"></trkpt>
      <trkpt lat="35.265996" lon="-99.635174"></trkpt>
      <trkpt lat="35.266538" lon="-99.634244"></trkpt>
      <trkpt lat="35.267035" lon="-99.633462"></trkpt>
      <trkpt lat="35.267708" lon="-99.632492"></trkpt>
      <trkpt lat="35.268253" lon="-99.631750"></trkpt>
      <trkpt lat="35.268736" lon="-99.631148"></trkpt>
      <trkpt lat="35.269269" lon="-99.630520"></trkpt>
      <trkpt lat="35.269922" lon="-99.629795"></trkpt>
      <trkpt lat="35.270668" lon="-99.629040"></trkpt>
      <trkpt lat="35.271487" lon="-99.628273"></trkpt>
      <trkpt lat="35.272247" lon="-99.627622"></trkpt>
      <trkpt lat="35.273377" lon="-99.626757"></trkpt>
      <trkpt lat="35.273822" lon="-99.626444"></trkpt>
      <trkpt lat="35.274544" lon="-99.625972"></trkpt>
      <trkpt lat="35.275221" lon="-99.625547"></trkpt>
      <trkpt lat="35.276218" lon="-99.625000"></trkpt>
      <trkpt lat="35.276574" lon="-99.624826"></trkpt>
      <trkpt lat="35.276898" lon="-99.624665"></trkpt>
      <trkpt lat="35.277213" lon="-99.624520"></trkpt>
      <trkpt lat="35.277983" lon="-99.624181"></trkpt>
      <trkpt lat="35.279004" lon="-99.623794"></trkpt>
      <trkpt lat="35.279850" lon="-99.623526"></trkpt>
      <trkpt lat="35.282817" lon="-99.622593"></trkpt>
      <trkpt lat="35.286475" lon="-99.621479"></trkpt>
      <trkpt lat="35.288085" lon="-99.620988"></trkpt>
      <trkpt lat="35.289019" lon="-99.620710"></trkpt>
      <trkpt lat="35.291563" lon="-99.619965"></trkpt>
      <trkpt lat="35.291894" lon="-99.619862"></trkpt>
      <trkpt lat="35.294098" lon="-99.619178"></trkpt>
      <trkpt lat="35.294311" lon="-99.619107"></trkpt>
      <trkpt lat="35.294659" lon="-99.619004"></trkpt>
      <trkpt lat="35.295070" lon="-99.618883"></trkpt>
      <trkpt lat="35.305602" lon="-99.615695"></trkpt>
      <trkpt lat="35.305931" lon="-99.615595"></trkpt>
      <trkpt lat="35.307876" lon="-99.615008"></trkpt>
      <trkpt lat="35.309744" lon="-99.614427"></trkpt>
      <trkpt lat="35.310458" lon="-99.614205"></trkpt>
      <trkpt lat="35.312285" lon="-99.613653"></trkpt>
      <trkpt lat="35.313078" lon="-99.613375"></trkpt>
      <trkpt lat="35.315167" lon="-99.612540"></trkpt>
      <trkpt lat="35.315850" lon="-99.612217"></trkpt>
      <trkpt lat="35.316261" lon="-99.612017"></trkpt>
      <trkpt lat="35.316664" lon="-99.611805"></trkpt>
      <trkpt lat="35.317584" lon="-99.611284"></trkpt>
      <trkpt lat="35.317991" lon="-99.611043"></trkpt>
      <trkpt lat="35.318663" lon="-99.610635"></trkpt>
      <trkpt lat="35.319410" lon="-99.610155"></trkpt>
      <trkpt lat="35.319646" lon="-99.609992"></trkpt>
      <trkpt lat="35.320191" lon="-99.609618"></trkpt>
      <trkpt lat="35.320780" lon="-99.609186"></trkpt>
      <trkpt lat="35.321404" lon="-99.608699"></trkpt>
      <trkpt lat="35.322296" lon="-99.607964"></trkpt>
      <trkpt lat="35.323055" lon="-99.607299"></trkpt>
      <trkpt lat="35.324014" lon="-99.606503"></trkpt>
      <trkpt lat="35.326354" lon="-99.604524"></trkpt>
      <trkpt lat="35.328697" lon="-99.602538"></trkpt>
      <trkpt lat="35.331032" lon="-99.600562"></trkpt>
      <trkpt lat="35.333363" lon="-99.598580"></trkpt>
      <trkpt lat="35.333856" lon="-99.598157"></trkpt>
      <trkpt lat="35.334299" lon="-99.597770"></trkpt>
      <trkpt lat="35.334677" lon="-99.597392"></trkpt>
      <trkpt lat="35.334863" lon="-99.597196"></trkpt>
      <trkpt lat="35.334977" lon="-99.597077"></trkpt>
      <trkpt lat="35.335382" lon="-99.596630"></trkpt>
      <trkpt lat="35.335751" lon="-99.596201"></trkpt>
      <trkpt lat="35.336217" lon="-99.595609"></trkpt>
      <trkpt lat="35.336708" lon="-99.594956"></trkpt>
      <trkpt lat="35.337482" lon="-99.593902"></trkpt>
      <trkpt lat="35.337765" lon="-99.593525"></trkpt>
      <trkpt lat="35.338357" lon="-99.592700"></trkpt>
      <trkpt lat="35.338741" lon="-99.592116"></trkpt>
      <trkpt lat="35.339088" lon="-99.591582"></trkpt>
      <trkpt lat="35.339395" lon="-99.591081"></trkpt>
      <trkpt lat="35.339889" lon="-99.590267"></trkpt>
      <trkpt lat="35.340150" lon="-99.589800"></trkpt>
      <trkpt lat="35.340356" lon="-99.589428"></trkpt>
      <trkpt lat="35.340495" lon="-99.589173"></trkpt>
      <trkpt lat="35.344902" lon="-99.581103"></trkpt>
      <trkpt lat="35.345286" lon="-99.580398"></trkpt>
      <trkpt lat="35.347571" lon="-99.576178"></trkpt>
      <trkpt lat="35.347726" lon="-99.575894"></trkpt>
      <trkpt lat="35.353626" lon="-99.565128"></trkpt>
      <trkpt lat="35.355057" lon="-99.562521"></trkpt>
      <trkpt lat="35.355697" lon="-99.561447"></trkpt>
      <trkpt lat="35.356444" lon="-99.560272"></trkpt>
      <trkpt lat="35.357296" lon="-99.559038"></trkpt>
      <trkpt lat="35.357827" lon="-99.558287"></trkpt>
      <trkpt lat="35.358398" lon="-99.557491"></trkpt>
      <trkpt lat="35.359463" lon="-99.556005"></trkpt>
      <trkpt lat="35.360298" lon="-99.554847"></trkpt>
      <trkpt lat="35.366316" lon="-99.546450"></trkpt>
      <trkpt lat="35.367413" lon="-99.544913"></trkpt>
      <trkpt lat="35.367951" lon="-99.544105"></trkpt>
      <trkpt lat="35.368422" lon="-99.543358"></trkpt>
      <trkpt lat="35.368917" lon="-99.542539"></trkpt>
      <trkpt lat="35.369454" lon="-99.541614"></trkpt>
      <trkpt lat="35.370129" lon="-99.540366"></trkpt>
      <trkpt lat="35.371283" lon="-99.538225"></trkpt>
      <trkpt lat="35.378449" lon="-99.525045"></trkpt>
      <trkpt lat="35.381035" lon="-99.520271"></trkpt>
      <trkpt lat="35.381894" lon="-99.518705"></trkpt>
      <trkpt lat="35.382228" lon="-99.518075"></trkpt>
      <trkpt lat="35.382586" lon="-99.517376"></trkpt>
      <trkpt lat="35.382946" lon="-99.516617"></trkpt>
      <trkpt lat="35.383213" lon="-99.516000"></trkpt>
      <trkpt lat="35.383474" lon="-99.515382"></trkpt>
      <trkpt lat="35.383664" lon="-99.514895"></trkpt>
      <trkpt lat="35.383944" lon="-99.514127"></trkpt>
      <trkpt lat="35.384062" lon="-99.513773"></trkpt>
      <trkpt lat="35.384326" lon="-99.512930"></trkpt>
      <trkpt lat="35.384521" lon="-99.512231"></trkpt>
      <trkpt lat="35.384759" lon="-99.511309"></trkpt>
      <trkpt lat="35.384929" lon="-99.510565"></trkpt>
      <trkpt lat="35.385056" lon="-99.509932"></trkpt>
      <trkpt lat="35.385201" lon="-99.509111"></trkpt>
      <trkpt lat="35.385320" lon="-99.508304"></trkpt>
      <trkpt lat="35.385426" lon="-99.507440"></trkpt>
      <trkpt lat="35.385504" lon="-99.506576"></trkpt>
      <trkpt lat="35.385554" lon="-99.505756"></trkpt>
      <trkpt lat="35.385571" lon="-99.505238"></trkpt>
      <trkpt lat="35.385592" lon="-99.504426"></trkpt>
      <trkpt lat="35.385594" lon="-99.501809"></trkpt>
      <trkpt lat="35.385593" lon="-99.500918"></trkpt>
      <trkpt lat="35.385599" lon="-99.476312"></trkpt>
      <trkpt lat="35.385614" lon="-99.474533"></trkpt>
      <trkpt lat="35.385656" lon="-99.472692"></trkpt>
      <trkpt lat="35.385733" lon="-99.469986"></trkpt>
      <trkpt lat="35.385769" lon="-99.469266"></trkpt>
      <trkpt lat="35.385831" lon="-99.468031"></trkpt>
      <trkpt lat="35.385922" lon="-99.466423"></trkpt>
      <trkpt lat="35.385985" lon="-99.465442"></trkpt>
      <trkpt lat="35.386115" lon="-99.463596"></trkpt>
      <trkpt lat="35.386236" lon="-99.462042"></trkpt>
      <trkpt lat="35.386315" lon="-99.460610"></trkpt>
      <trkpt lat="35.386369" lon="-99.459296"></trkpt>
      <trkpt lat="35.386399" lon="-99.458003"></trkpt>
      <trkpt lat="35.386417" lon="-99.456402"></trkpt>
      <trkpt lat="35.386408" lon="-99.455471"></trkpt>
      <trkpt lat="35.386382" lon="-99.454207"></trkpt>
      <trkpt lat="35.386338" lon="-99.453032"></trkpt>
      <trkpt lat="35.386325" lon="-99.452483"></trkpt>
      <trkpt lat="35.386294" lon="-99.451733"></trkpt>
      <trkpt lat="35.386243" lon="-99.450889"></trkpt>
      <trkpt lat="35.386176" lon="-99.449947"></trkpt>
      <trkpt lat="35.386083" lon="-99.448771"></trkpt>
      <trkpt lat="35.385907" lon="-99.446246"></trkpt>
      <trkpt lat="35.385825" lon="-99.444743"></trkpt>
      <trkpt lat="35.385768" lon="-99.443641"></trkpt>
      <trkpt lat="35.385723" lon="-99.442497"></trkpt>
      <trkpt lat="35.385642" lon="-99.440118"></trkpt>
      <trkpt lat="35.385609" lon="-99.438431"></trkpt>
      <trkpt lat="35.385597" lon="-99.437537"></trkpt>
      <trkpt lat="35.385586" lon="-99.430887"></trkpt>
      <trkpt lat="35.385585" lon="-99.429763"></trkpt>
      <trkpt lat="35.385585" lon="-99.428829"></trkpt>
      <trkpt lat="35.385584" lon="-99.427892"></trkpt>
      <trkpt lat="35.385580" lon="-99.426875"></trkpt>
      <trkpt lat="35.385584" lon="-99.425975"></trkpt>
      <trkpt lat="35.385574" lon="-99.421059"></trkpt>
      <trkpt lat="35.385574" lon="-99.417196"></trkpt>
      <trkpt lat="35.385583" lon="-99.414469"></trkpt>
      <trkpt lat="35.385612" lon="-99.413597"></trkpt>
      <trkpt lat="35.385666" lon="-99.412742"></trkpt>
      <trkpt lat="35.385743" lon="-99.411978"></trkpt>
      <trkpt lat="35.385871" lon="-99.411049"></trkpt>
      <trkpt lat="35.386012" lon="-99.410256"></trkpt>
      <trkpt lat="35.386191" lon="-99.409425"></trkpt>
      <trkpt lat="35.386301" lon="-99.408975"></trkpt>
      <trkpt lat="35.386407" lon="-99.408575"></trkpt>
      <trkpt lat="35.386559" lon="-99.408039"></trkpt>
      <trkpt lat="35.386736" lon="-99.407461"></trkpt>
      <trkpt lat="35.386823" lon="-99.407208"></trkpt>
      <trkpt lat="35.386905" lon="-99.406969"></trkpt>
      <trkpt lat="35.387068" lon="-99.406535"></trkpt>
      <trkpt lat="35.387432" lon="-99.405648"></trkpt>
      <trkpt lat="35.387489" lon="-99.405510"></trkpt>
      <trkpt lat="35.387797" lon="-99.404837"></trkpt>
      <trkpt lat="35.388125" lon="-99.404195"></trkpt>
      <trkpt lat="35.388472" lon="-99.403568"></trkpt>
      <trkpt lat="35.388834" lon="-99.402972"></trkpt>
      <trkpt lat="35.389080" lon="-99.402565"></trkpt>
      <trkpt lat="35.389401" lon="-99.402102"></trkpt>
      <trkpt lat="35.389785" lon="-99.401598"></trkpt>
      <trkpt lat="35.390123" lon="-99.401160"></trkpt>
      <trkpt lat="35.390745" lon="-99.400425"></trkpt>
      <trkpt lat="35.391206" lon="-99.399930"></trkpt>
      <trkpt lat="35.392063" lon="-99.399049"></trkpt>
      <trkpt lat="35.393480" lon="-99.397636"></trkpt>
      <trkpt lat="35.393944" lon="-99.397157"></trkpt>
      <trkpt lat="35.396946" lon="-99.394041"></trkpt>
      <trkpt lat="35.399902" lon="-99.391006"></trkpt>
      <trkpt lat="35.401841" lon="-99.389054"></trkpt>
      <trkpt lat="35.402158" lon="-99.388725"></trkpt>
      <trkpt lat="35.404327" lon="-99.386452"></trkpt>
      <trkpt lat="35.404939" lon="-99.385827"></trkpt>
      <trkpt lat="35.405543" lon="-99.385211"></trkpt>
      <trkpt lat="35.407907" lon="-99.382794"></trkpt>
      <trkpt lat="35.408176" lon="-99.382507"></trkpt>
      <trkpt lat="35.411321" lon="-99.379289"></trkpt>
      <trkpt lat="35.411810" lon="-99.378790"></trkpt>
      <trkpt lat="35.412604" lon="-99.377957"></trkpt>
      <trkpt lat="35.413128" lon="-99.377428"></trkpt>
      <trkpt lat="35.413606" lon="-99.376898"></trkpt>
      <trkpt lat="35.414171" lon="-99.376242"></trkpt>
      <trkpt lat="35.414635" lon="-99.375689"></trkpt>
      <trkpt lat="35.414768" lon="-99.375530"></trkpt>
      <trkpt lat="35.415051" lon="-99.375167"></trkpt>
      <trkpt lat="35.415618" lon="-99.374384"></trkpt>
      <trkpt lat="35.415886" lon="-99.374017"></trkpt>
      <trkpt lat="35.416244" lon="-99.373489"></trkpt>
      <trkpt lat="35.416610" lon="-99.372882"></trkpt>
      <trkpt lat="35.416806" lon="-99.372556"></trkpt>
      <trkpt lat="35.417253" lon="-99.371795"></trkpt>
      <trkpt lat="35.417784" lon="-99.370757"></trkpt>
      <trkpt lat="35.418496" lon="-99.369308"></trkpt>
      <trkpt lat="35.419035" lon="-99.368038"></trkpt>
      <trkpt lat="35.419199" lon="-99.367628"></trkpt>
      <trkpt lat="35.419561" lon="-99.366620"></trkpt>
      <trkpt lat="35.419793" lon="-99.365908"></trkpt>
      <trkpt lat="35.419985" lon="-99.365268"></trkpt>
      <trkpt lat="35.420234" lon="-99.364382"></trkpt>
      <trkpt lat="35.420341" lon="-99.363949"></trkpt>
      <trkpt lat="35.420645" lon="-99.362632"></trkpt>
      <trkpt lat="35.420774" lon="-99.361982"></trkpt>
      <trkpt lat="35.420913" lon="-99.361205"></trkpt>
      <trkpt lat="35.421020" lon="-99.360492"></trkpt>
      <trkpt lat="35.421112" lon="-99.359809"></trkpt>
      <trkpt lat="35.421204" lon="-99.359002"></trkpt>
      <trkpt lat="35.421264" lon="-99.358335"></trkpt>
      <trkpt lat="35.421310" lon="-99.357649"></trkpt>
      <trkpt lat="35.421347" lon="-99.357036"></trkpt>
      <trkpt lat="35.421367" lon="-99.356193"></trkpt>
      <trkpt lat="35.421378" lon="-99.355422"></trkpt>
      <trkpt lat="35.421440" lon="-99.329405"></trkpt>
      <trkpt lat="35.421441" lon="-99.329049"></trkpt>
      <trkpt lat="35.421517" lon="-99.311448"></trkpt>
      <trkpt lat="35.421526" lon="-99.308789"></trkpt>
      <trkpt lat="35.421532" lon="-99.307012"></trkpt>
      <trkpt lat="35.421559" lon="-99.306112"></trkpt>
      <trkpt lat="35.421586" lon="-99.305641"></trkpt>
      <trkpt lat="35.421635" lon="-99.305095"></trkpt>
      <trkpt lat="35.421693" lon="-99.304543"></trkpt>
      <trkpt lat="35.421759" lon="-99.304046"></trkpt>
      <trkpt lat="35.421872" lon="-99.303318"></trkpt>
      <trkpt lat="35.422036" lon="-99.302482"></trkpt>
      <trkpt lat="35.422196" lon="-99.301784"></trkpt>
      <trkpt lat="35.422390" lon="-99.301029"></trkpt>
      <trkpt lat="35.422565" lon="-99.300442"></trkpt>
      <trkpt lat="35.422756" lon="-99.299868"></trkpt>
      <trkpt lat="35.422941" lon="-99.299331"></trkpt>
      <trkpt lat="35.423178" lon="-99.298722"></trkpt>
      <trkpt lat="35.423454" lon="-99.298073"></trkpt>
      <trkpt lat="35.423773" lon="-99.297316"></trkpt>
      <trkpt lat="35.424098" lon="-99.296543"></trkpt>
      <trkpt lat="35.424363" lon="-99.295880"></trkpt>
      <trkpt lat="35.424633" lon="-99.295160"></trkpt>
      <trkpt lat="35.424861" lon="-99.294479"></trkpt>
      <trkpt lat="35.425037" lon="-99.293939"></trkpt>
      <trkpt lat="35.425170" lon="-99.293511"></trkpt>
      <trkpt lat="35.425338" lon="-99.292912"></trkpt>
      <trkpt lat="35.425486" lon="-99.292331"></trkpt>
      <trkpt lat="35.425667" lon="-99.291587"></trkpt>
      <trkpt lat="35.425799" lon="-99.290987"></trkpt>
      <trkpt lat="35.425990" lon="-99.289981"></trkpt>
      <trkpt lat="35.426146" lon="-99.289001"></trkpt>
      <trkpt lat="35.426267" lon="-99.288040"></trkpt>
      <trkpt lat="35.426347" lon="-99.287277"></trkpt>
      <trkpt lat="35.426402" lon="-99.286549"></trkpt>
      <trkpt lat="35.426443" lon="-99.285784"></trkpt>
      <trkpt lat="35.426470" lon="-99.284997"></trkpt>
      <trkpt lat="35.426475" lon="-99.284258"></trkpt>
      <trkpt lat="35.426455" lon="-99.283379"></trkpt>
      <trkpt lat="35.426444" lon="-99.283018"></trkpt>
      <trkpt lat="35.426428" lon="-99.282483"></trkpt>
      <trkpt lat="35.426381" lon="-99.281784"></trkpt>
      <trkpt lat="35.426321" lon="-99.281112"></trkpt>
      <trkpt lat="35.426261" lon="-99.280499"></trkpt>
      <trkpt lat="35.426176" lon="-99.279825"></trkpt>
      <trkpt lat="35.426093" lon="-99.279241"></trkpt>
      <trkpt lat="35.425927" lon="-99.278248"></trkpt>
      <trkpt lat="35.425804" lon="-99.277617"></trkpt>
      <trkpt lat="35.425653" lon="-99.276918"></trkpt>
      <trkpt lat="35.425470" lon="-99.276139"></trkpt>
      <trkpt lat="35.425369" lon="-99.275773"></trkpt>
      <trkpt lat="35.425002" lon="-99.274504"></trkpt>
      <trkpt lat="35.424729" lon="-99.273676"></trkpt>
      <trkpt lat="35.424466" lon="-99.272942"></trkpt>
      <trkpt lat="35.424054" lon="-99.271805"></trkpt>
      <trkpt lat="35.423498" lon="-99.270277"></trkpt>
      <trkpt lat="35.423056" lon="-99.269062"></trkpt>
      <trkpt lat="35.422676" lon="-99.267958"></trkpt>
      <trkpt lat="35.422453" lon="-99.267222"></trkpt>
      <trkpt lat="35.422252" lon="-99.266477"></trkpt>
      <trkpt lat="35.422052" lon="-99.265611"></trkpt>
      <trkpt lat="35.421844" lon="-99.264423"></trkpt>
      <trkpt lat="35.421721" lon="-99.263515"></trkpt>
      <trkpt lat="35.421648" lon="-99.262783"></trkpt>
      <trkpt lat="35.421599" lon="-99.262025"></trkpt>
      <trkpt lat="35.421574" lon="-99.261263"></trkpt>
      <trkpt lat="35.421571" lon="-99.251086"></trkpt>
      <trkpt lat="35.421562" lon="-99.241098"></trkpt>
      <trkpt lat="35.421562" lon="-99.240728"></trkpt>
      <trkpt lat="35.421570" lon="-99.232412"></trkpt>
      <trkpt lat="35.421585" lon="-99.231259"></trkpt>
      <trkpt lat="35.421604" lon="-99.230422"></trkpt>
      <trkpt lat="35.421627" lon="-99.229727"></trkpt>
      <trkpt lat="35.421677" lon="-99.229030"></trkpt>
      <trkpt lat="35.421747" lon="-99.228294"></trkpt>
      <trkpt lat="35.421848" lon="-99.227322"></trkpt>
      <trkpt lat="35.421936" lon="-99.226627"></trkpt>
      <trkpt lat="35.422071" lon="-99.225723"></trkpt>
      <trkpt lat="35.422211" lon="-99.224907"></trkpt>
      <trkpt lat="35.422395" lon="-99.223967"></trkpt>
      <trkpt lat="35.422556" lon="-99.223187"></trkpt>
      <trkpt lat="35.422656" lon="-99.222768"></trkpt>
      <trkpt lat="35.422941" lon="-99.221690"></trkpt>
      <trkpt lat="35.423199" lon="-99.220780"></trkpt>
      <trkpt lat="35.423483" lon="-99.219891"></trkpt>
      <trkpt lat="35.423789" lon="-99.219005"></trkpt>
      <trkpt lat="35.424237" lon="-99.217828"></trkpt>
      <trkpt lat="35.424587" lon="-99.216974"></trkpt>
      <trkpt lat="35.424918" lon="-99.216213"></trkpt>
      <trkpt lat="35.425191" lon="-99.215643"></trkpt>
      <trkpt lat="35.425373" lon="-99.215267"></trkpt>
      <trkpt lat="35.425795" lon="-99.214415"></trkpt>
      <trkpt lat="35.425946" lon="-99.214139"></trkpt>
      <trkpt lat="35.426085" lon="-99.213880"></trkpt>
      <trkpt lat="35.426384" lon="-99.213396"></trkpt>
      <trkpt lat="35.426742" lon="-99.212772"></trkpt>
      <trkpt lat="35.427944" lon="-99.210782"></trkpt>
      <trkpt lat="35.433881" lon="-99.200941"></trkpt>
      <trkpt lat="35.434340" lon="-99.200170"></trkpt>
      <trkpt lat="35.434797" lon="-99.199356"></trkpt>
      <trkpt lat="35.435182" lon="-99.198637"></trkpt>
      <trkpt lat="35.435611" lon="-99.197807"></trkpt>
      <trkpt lat="35.436103" lon="-99.196807"></trkpt>
      <trkpt lat="35.436527" lon="-99.195897"></trkpt>
      <trkpt lat="35.437027" lon="-99.194775"></trkpt>
      <trkpt lat="35.437443" lon="-99.193775"></trkpt>
      <trkpt lat="35.437898" lon="-99.192598"></trkpt>
      <trkpt lat="35.438205" lon="-99.191753"></trkpt>
      <trkpt lat="35.438476" lon="-99.190978"></trkpt>
      <trkpt lat="35.438744" lon="-99.190191"></trkpt>
      <trkpt lat="35.439001" lon="-99.189358"></trkpt>
      <trkpt lat="35.439294" lon="-99.188362"></trkpt>
      <trkpt lat="35.439549" lon="-99.187438"></trkpt>
      <trkpt lat="35.439843" lon="-99.186303"></trkpt>
      <trkpt lat="35.440051" lon="-99.185411"></trkpt>
      <trkpt lat="35.440409" lon="-99.183710"></trkpt>
      <trkpt lat="35.441050" lon="-99.180490"></trkpt>
      <trkpt lat="35.441421" lon="-99.178670"></trkpt>
      <trkpt lat="35.441719" lon="-99.177272"></trkpt>
      <trkpt lat="35.441930" lon="-99.176373"></trkpt>
      <trkpt lat="35.442258" lon="-99.175149"></trkpt>
      <trkpt lat="35.442609" lon="-99.173966"></trkpt>
      <trkpt lat="35.442695" lon="-99.173657"></trkpt>
      <trkpt lat="35.442910" lon="-99.173017"></trkpt>
      <trkpt lat="35.443166" lon="-99.172296"></trkpt>
      <trkpt lat="35.443630" lon="-99.171063"></trkpt>
      <trkpt lat="35.443738" lon="-99.170786"></trkpt>
      <trkpt lat="35.444005" lon="-99.170136"></trkpt>
      <trkpt lat="35.444568" lon="-99.168830"></trkpt>
      <trkpt lat="35.444879" lon="-99.168154"></trkpt>
      <trkpt lat="35.445217" lon="-99.167486"></trkpt>
      <trkpt lat="35.446267" lon="-99.165536"></trkpt>
      <trkpt lat="35.446494" lon="-99.165159"></trkpt>
      <trkpt lat="35.447027" lon="-99.164259"></trkpt>
      <trkpt lat="35.447529" lon="-99.163473"></trkpt>
      <trkpt lat="35.448157" lon="-99.162550"></trkpt>
      <trkpt lat="35.448946" lon="-99.161472"></trkpt>
      <trkpt lat="35.449761" lon="-99.160445"></trkpt>
      <trkpt lat="35.450556" lon="-99.159502"></trkpt>
      <trkpt lat="35.451408" lon="-99.158541"></trkpt>
      <trkpt lat="35.458357" lon="-99.150684"></trkpt>
      <trkpt lat="35.461396" lon="-99.147245"></trkpt>
      <trkpt lat="35.463626" lon="-99.144717"></trkpt>
      <trkpt lat="35.465750" lon="-99.142303"></trkpt>
      <trkpt lat="35.466749" lon="-99.141162"></trkpt>
      <trkpt lat="35.467319" lon="-99.140476"></trkpt>
      <trkpt lat="35.467951" lon="-99.139660"></trkpt>
      <trkpt lat="35.468648" lon="-99.138715"></trkpt>
      <trkpt lat="35.469335" lon="-99.137704"></trkpt>
      <trkpt lat="35.469919" lon="-99.136791"></trkpt>
      <trkpt lat="35.470384" lon="-99.136035"></trkpt>
      <trkpt lat="35.470919" lon="-99.135096"></trkpt>
      <trkpt lat="35.471452" lon="-99.134103"></trkpt>
      <trkpt lat="35.471961" lon="-99.133078"></trkpt>
      <trkpt lat="35.472462" lon="-99.131996"></trkpt>
      <trkpt lat="35.473091" lon="-99.130556"></trkpt>
      <trkpt lat="35.474737" lon="-99.126718"></trkpt>
      <trkpt lat="35.476266" lon="-99.123154"></trkpt>
      <trkpt lat="35.476814" lon="-99.121879"></trkpt>
      <trkpt lat="35.477761" lon="-99.119672"></trkpt>
      <trkpt lat="35.478177" lon="-99.118723"></trkpt>
      <trkpt lat="35.478512" lon="-99.117912"></trkpt>
      <trkpt lat="35.478724" lon="-99.117330"></trkpt>
      <trkpt lat="35.478901" lon="-99.116779"></trkpt>
      <trkpt lat="35.479068" lon="-99.116244"></trkpt>
      <trkpt lat="35.479254" lon="-99.115578"></trkpt>
      <trkpt lat="35.479410" lon="-99.114956"></trkpt>
      <trkpt lat="35.479559" lon="-99.114271"></trkpt>
      <trkpt lat="35.479636" lon="-99.113867"></trkpt>
      <trkpt lat="35.479740" lon="-99.113274"></trkpt>
      <trkpt lat="35.479822" lon="-99.112690"></trkpt>
      <trkpt lat="35.479890" lon="-99.112123"></trkpt>
      <trkpt lat="35.479946" lon="-99.111437"></trkpt>
      <trkpt lat="35.479996" lon="-99.110583"></trkpt>
      <trkpt lat="35.480008" lon="-99.109619"></trkpt>
      <trkpt lat="35.480003" lon="-99.105120"></trkpt>
      <trkpt lat="35.479997" lon="-99.101732"></trkpt>
      <trkpt lat="35.479990" lon="-99.081665"></trkpt>
      <trkpt lat="35.479940" lon="-99.063941"></trkpt>
      <trkpt lat="35.479941" lon="-99.054687"></trkpt>
      <trkpt lat="35.479941" lon="-99.054076"></trkpt>
      <trkpt lat="35.479934" lon="-99.051331"></trkpt>
      <trkpt lat="35.479934" lon="-99.050858"></trkpt>
      <trkpt lat="35.479935" lon="-99.048036"></trkpt>
      <trkpt lat="35.479933" lon="-99.047398"></trkpt>
      <trkpt lat="35.479899" lon="-99.038489"></trkpt>
      <trkpt lat="35.479892" lon="-99.031972"></trkpt>
      <trkpt lat="35.479908" lon="-99.031293"></trkpt>
      <trkpt lat="35.479939" lon="-99.030422"></trkpt>
      <trkpt lat="35.479981" lon="-99.029633"></trkpt>
      <trkpt lat="35.480033" lon="-99.028971"></trkpt>
      <trkpt lat="35.480146" lon="-99.027834"></trkpt>
      <trkpt lat="35.480248" lon="-99.027036"></trkpt>
      <trkpt lat="35.480355" lon="-99.026289"></trkpt>
      <trkpt lat="35.480432" lon="-99.025828"></trkpt>
      <trkpt lat="35.480552" lon="-99.025107"></trkpt>
      <trkpt lat="35.480624" lon="-99.024744"></trkpt>
      <trkpt lat="35.480736" lon="-99.024229"></trkpt>
      <trkpt lat="35.480806" lon="-99.023912"></trkpt>
      <trkpt lat="35.480970" lon="-99.023214"></trkpt>
      <trkpt lat="35.481120" lon="-99.022611"></trkpt>
      <trkpt lat="35.481243" lon="-99.022142"></trkpt>
      <trkpt lat="35.481438" lon="-99.021473"></trkpt>
      <trkpt lat="35.481800" lon="-99.020298"></trkpt>
      <trkpt lat="35.482018" lon="-99.019646"></trkpt>
      <trkpt lat="35.482313" lon="-99.018853"></trkpt>
      <trkpt lat="35.482720" lon="-99.017808"></trkpt>
      <trkpt lat="35.483196" lon="-99.016704"></trkpt>
      <trkpt lat="35.483529" lon="-99.016011"></trkpt>
      <trkpt lat="35.483995" lon="-99.015066"></trkpt>
      <trkpt lat="35.484518" lon="-99.014103"></trkpt>
      <trkpt lat="35.485131" lon="-99.013059"></trkpt>
      <trkpt lat="35.485636" lon="-99.012248"></trkpt>
      <trkpt lat="35.486231" lon="-99.011382"></trkpt>
      <trkpt lat="35.486819" lon="-99.010572"></trkpt>
      <trkpt lat="35.487685" lon="-99.009461"></trkpt>
      <trkpt lat="35.488782" lon="-99.008085"></trkpt>
      <trkpt lat="35.489748" lon="-99.006847"></trkpt>
      <trkpt lat="35.490361" lon="-99.006012"></trkpt>
      <trkpt lat="35.490811" lon="-99.005348"></trkpt>
      <trkpt lat="35.491305" lon="-99.004591"></trkpt>
      <trkpt lat="35.491840" lon="-99.003706"></trkpt>
      <trkpt lat="35.492314" lon="-99.002850"></trkpt>
      <trkpt lat="35.492779" lon="-99.001962"></trkpt>
      <trkpt lat="35.493170" lon="-99.001158"></trkpt>
      <trkpt lat="35.493681" lon="-99.000018"></trkpt>
      <trkpt lat="35.494082" lon="-98.999018"></trkpt>
      <trkpt lat="35.494497" lon="-98.997904"></trkpt>
      <trkpt lat="35.494819" lon="-98.996947"></trkpt>
      <trkpt lat="35.495051" lon="-98.996185"></trkpt>
      <trkpt lat="35.495167" lon="-98.995800"></trkpt>
      <trkpt lat="35.495425" lon="-98.994850"></trkpt>
      <trkpt lat="35.495587" lon="-98.994147"></trkpt>
      <trkpt lat="35.495654" lon="-98.993864"></trkpt>
      <trkpt lat="35.495838" lon="-98.993089"></trkpt>
      <trkpt lat="35.495952" lon="-98.992514"></trkpt>
      <trkpt lat="35.496218" lon="-98.991073"></trkpt>
      <trkpt lat="35.496393" lon="-98.990221"></trkpt>
      <trkpt lat="35.496450" lon="-98.989946"></trkpt>
      <trkpt lat="35.497303" lon="-98.985450"></trkpt>
      <trkpt lat="35.497363" lon="-98.985141"></trkpt>
      <trkpt lat="35.497851" lon="-98.982607"></trkpt>
      <trkpt lat="35.498030" lon="-98.981666"></trkpt>
      <trkpt lat="35.498500" lon="-98.979240"></trkpt>
      <trkpt lat="35.498631" lon="-98.978556"></trkpt>
      <trkpt lat="35.498889" lon="-98.977193"></trkpt>
      <trkpt lat="35.499136" lon="-98.975910"></trkpt>
      <trkpt lat="35.499351" lon="-98.974791"></trkpt>
      <trkpt lat="35.499586" lon="-98.973591"></trkpt>
      <trkpt lat="35.499810" lon="-98.972414"></trkpt>
      <trkpt lat="35.499939" lon="-98.971641"></trkpt>
      <trkpt lat="35.500026" lon="-98.971116"></trkpt>
      <trkpt lat="35.500123" lon="-98.970431"></trkpt>
      <trkpt lat="35.500189" lon="-98.969898"></trkpt>
      <trkpt lat="35.500280" lon="-98.969135"></trkpt>
      <trkpt lat="35.500388" lon="-98.967963"></trkpt>
      <trkpt lat="35.500426" lon="-98.967227"></trkpt>
      <trkpt lat="35.500456" lon="-98.966638"></trkpt>
      <trkpt lat="35.500484" lon="-98.965946"></trkpt>
      <trkpt lat="35.500510" lon="-98.964946"></trkpt>
      <trkpt lat="35.500514" lon="-98.964431"></trkpt>
      <trkpt lat="35.500489" lon="-98.963527"></trkpt>
      <trkpt lat="35.500461" lon="-98.962729"></trkpt>
      <trkpt lat="35.500429" lon="-98.962068"></trkpt>
      <trkpt lat="35.500375" lon="-98.961286"></trkpt>
      <trkpt lat="35.500316" lon="-98.960461"></trkpt>
      <trkpt lat="35.500182" lon="-98.958835"></trkpt>
      <trkpt lat="35.500156" lon="-98.958475"></trkpt>
      <trkpt lat="35.500021" lon="-98.956604"></trkpt>
      <trkpt lat="35.499929" lon="-98.955312"></trkpt>
      <trkpt lat="35.499891" lon="-98.954479"></trkpt>
      <trkpt lat="35.499875" lon="-98.953708"></trkpt>
      <trkpt lat="35.499887" lon="-98.953106"></trkpt>
      <trkpt lat="35.499927" lon="-98.952253"></trkpt>
      <trkpt lat="35.499979" lon="-98.951550"></trkpt>
      <trkpt lat="35.500041" lon="-98.950965"></trkpt>
      <trkpt lat="35.500139" lon="-98.950235"></trkpt>
      <trkpt lat="35.500224" lon="-98.949715"></trkpt>
      <trkpt lat="35.500295" lon="-98.949318"></trkpt>
      <trkpt lat="35.500488" lon="-98.948405"></trkpt>
      <trkpt lat="35.500660" lon="-98.947737"></trkpt>
      <trkpt lat="35.500898" lon="-98.946934"></trkpt>
      <trkpt lat="35.501111" lon="-98.946281"></trkpt>
      <trkpt lat="35.501421" lon="-98.945437"></trkpt>
      <trkpt lat="35.501689" lon="-98.944777"></trkpt>
      <trkpt lat="35.502008" lon="-98.944059"></trkpt>
      <trkpt lat="35.502456" lon="-98.943099"></trkpt>
      <trkpt lat="35.503310" lon="-98.941278"></trkpt>
      <trkpt lat="35.511564" lon="-98.923617"></trkpt>
      <trkpt lat="35.511701" lon="-98.923326"></trkpt>
      <trkpt lat="35.512651" lon="-98.921312"></trkpt>
      <trkpt lat="35.512910" lon="-98.920761"></trkpt>
      <trkpt lat="35.513170" lon="-98.920197"></trkpt>
      <trkpt lat="35.513418" lon="-98.919637"></trkpt>
      <trkpt lat="35.513658" lon="-98.919064"></trkpt>
      <trkpt lat="35.513917" lon="-98.918406"></trkpt>
      <trkpt lat="35.514140" lon="-98.917805"></trkpt>
      <trkpt lat="35.514341" lon="-98.917240"></trkpt>
      <trkpt lat="35.514526" lon="-98.916676"></trkpt>
      <trkpt lat="35.514752" lon="-98.915938"></trkpt>
      <trkpt lat="35.514994" lon="-98.915070"></trkpt>
      <trkpt lat="35.515214" lon="-98.914178"></trkpt>
      <trkpt lat="35.515432" lon="-98.913205"></trkpt>
      <trkpt lat="35.515582" lon="-98.912399"></trkpt>
      <trkpt lat="35.515723" lon="-98.911575"></trkpt>
      <trkpt lat="35.515831" lon="-98.910813"></trkpt>
      <trkpt lat="35.515961" lon="-98.909943"></trkpt>
      <trkpt lat="35.516032" lon="-98.909216"></trkpt>
      <trkpt lat="35.516077" lon="-98.908684"></trkpt>
      <trkpt lat="35.516093" lon="-98.907814"></trkpt>
      <trkpt lat="35.516122" lon="-98.906922"></trkpt>
      <trkpt lat="35.516143" lon="-98.905889"></trkpt>
      <trkpt lat="35.516143" lon="-98.905717"></trkpt>
      <trkpt lat="35.516105" lon="-98.874019"></trkpt>
      <trkpt lat="35.516109" lon="-98.870773"></trkpt>
      <trkpt lat="35.516107" lon="-98.870293"></trkpt>
      <trkpt lat="35.516110" lon="-98.870029"></trkpt>
      <trkpt lat="35.516096" lon="-98.866337"></trkpt>
      <trkpt lat="35.516085" lon="-98.864666"></trkpt>
      <trkpt lat="35.516056" lon="-98.859296"></trkpt>
      <trkpt lat="35.516048" lon="-98.856614"></trkpt>
      <trkpt lat="35.516051" lon="-98.855167"></trkpt>
      <trkpt lat="35.516053" lon="-98.854001"></trkpt>
      <trkpt lat="35.516070" lon="-98.853234"></trkpt>
      <trkpt lat="35.516102" lon="-98.852486"></trkpt>
      <trkpt lat="35.516161" lon="-98.851732"></trkpt>
      <trkpt lat="35.516240" lon="-98.850950"></trkpt>
      <trkpt lat="35.516297" lon="-98.850488"></trkpt>
      <trkpt lat="35.516361" lon="-98.850012"></trkpt>
      <trkpt lat="35.516507" lon="-98.849123"></trkpt>
      <trkpt lat="35.516720" lon="-98.848051"></trkpt>
      <trkpt lat="35.517016" lon="-98.846840"></trkpt>
      <trkpt lat="35.517225" lon="-98.846005"></trkpt>
      <trkpt lat="35.517473" lon="-98.845093"></trkpt>
      <trkpt lat="35.518672" lon="-98.840559"></trkpt>
      <trkpt lat="35.519261" lon="-98.838347"></trkpt>
      <trkpt lat="35.519595" lon="-98.837081"></trkpt>
      <trkpt lat="35.519937" lon="-98.835802"></trkpt>
      <trkpt lat="35.520148" lon="-98.834980"></trkpt>
      <trkpt lat="35.520224" lon="-98.834688"></trkpt>
      <trkpt lat="35.520646" lon="-98.833083"></trkpt>
      <trkpt lat="35.520915" lon="-98.831985"></trkpt>
      <trkpt lat="35.521068" lon="-98.831301"></trkpt>
      <trkpt lat="35.521200" lon="-98.830670"></trkpt>
      <trkpt lat="35.521366" lon="-98.829820"></trkpt>
      <trkpt lat="35.521523" lon="-98.828937"></trkpt>
      <trkpt lat="35.521646" lon="-98.828186"></trkpt>
      <trkpt lat="35.521771" lon="-98.827371"></trkpt>
      <trkpt lat="35.521895" lon="-98.826487"></trkpt>
      <trkpt lat="35.522001" lon="-98.825632"></trkpt>
      <trkpt lat="35.522098" lon="-98.824672"></trkpt>
      <trkpt lat="35.522179" lon="-98.823744"></trkpt>
      <trkpt lat="35.522260" lon="-98.822600"></trkpt>
      <trkpt lat="35.522316" lon="-98.821579"></trkpt>
      <trkpt lat="35.522347" lon="-98.820611"></trkpt>
      <trkpt lat="35.522368" lon="-98.819469"></trkpt>
      <trkpt lat="35.522309" lon="-98.807822"></trkpt>
      <trkpt lat="35.522273" lon="-98.802030"></trkpt>
      <trkpt lat="35.522243" lon="-98.796240"></trkpt>
      <trkpt lat="35.522216" lon="-98.791231"></trkpt>
      <trkpt lat="35.522188" lon="-98.786631"></trkpt>
      <trkpt lat="35.522163" lon="-98.782274"></trkpt>
      <trkpt lat="35.522162" lon="-98.781944"></trkpt>
      <trkpt lat="35.522096" lon="-98.764426"></trkpt>
      <trkpt lat="35.522044" lon="-98.750014"></trkpt>
      <trkpt lat="35.522013" lon="-98.741373"></trkpt>
      <trkpt lat="35.522000" lon="-98.740532"></trkpt>
      <trkpt lat="35.521975" lon="-98.739668"></trkpt>
      <trkpt lat="35.521941" lon="-98.738998"></trkpt>
      <trkpt lat="35.521897" lon="-98.738414"></trkpt>
      <trkpt lat="35.521856" lon="-98.737877"></trkpt>
      <trkpt lat="35.521804" lon="-98.737274"></trkpt>
      <trkpt lat="35.521770" lon="-98.736934"></trkpt>
      <trkpt lat="35.521704" lon="-98.736360"></trkpt>
      <trkpt lat="35.521565" lon="-98.735254"></trkpt>
      <trkpt lat="35.521454" lon="-98.734490"></trkpt>
      <trkpt lat="35.521097" lon="-98.732299"></trkpt>
      <trkpt lat="35.520853" lon="-98.730805"></trkpt>
      <trkpt lat="35.520548" lon="-98.728897"></trkpt>
      <trkpt lat="35.520403" lon="-98.727904"></trkpt>
      <trkpt lat="35.520319" lon="-98.727210"></trkpt>
      <trkpt lat="35.520283" lon="-98.726783"></trkpt>
      <trkpt lat="35.520241" lon="-98.726040"></trkpt>
      <trkpt lat="35.520226" lon="-98.725248"></trkpt>
      <trkpt lat="35.520226" lon="-98.724614"></trkpt>
      <trkpt lat="35.520243" lon="-98.723976"></trkpt>
      <trkpt lat="35.520282" lon="-98.723274"></trkpt>
      <trkpt lat="35.520375" lon="-98.722314"></trkpt>
      <trkpt lat="35.520462" lon="-98.721619"></trkpt>
      <trkpt lat="35.520574" lon="-98.720830"></trkpt>
      <trkpt lat="35.520852" lon="-98.719033"></trkpt>
      <trkpt lat="35.520992" lon="-98.718166"></trkpt>
      <trkpt lat="35.521070" lon="-98.717643"></trkpt>
      <trkpt lat="35.521157" lon="-98.716985"></trkpt>
      <trkpt lat="35.521237" lon="-98.716388"></trkpt>
      <trkpt lat="35.521344" lon="-98.715348"></trkpt>
      <trkpt lat="35.521376" lon="-98.714965"></trkpt>
      <trkpt lat="35.521427" lon="-98.714335"></trkpt>
      <trkpt lat="35.521500" lon="-98.713248"></trkpt>
      <trkpt lat="35.521521" lon="-98.712766"></trkpt>
      <trkpt lat="35.521536" lon="-98.712280"></trkpt>
      <trkpt lat="35.521556" lon="-98.711286"></trkpt>
      <trkpt lat="35.521560" lon="-98.709147"></trkpt>
      <trkpt lat="35.521555" lon="-98.707969"></trkpt>
      <trkpt lat="35.521557" lon="-98.707500"></trkpt>
      <trkpt lat="35.521578" lon="-98.700835"></trkpt>
      <trkpt lat="35.521573" lon="-98.699965"></trkpt>
      <trkpt lat="35.521593" lon="-98.699387"></trkpt>
      <trkpt lat="35.521618" lon="-98.698859"></trkpt>
      <trkpt lat="35.521655" lon="-98.698427"></trkpt>
      <trkpt lat="35.521700" lon="-98.698026"></trkpt>
      <trkpt lat="35.521749" lon="-98.697670"></trkpt>
      <trkpt lat="35.521801" lon="-98.697385"></trkpt>
      <trkpt lat="35.521884" lon="-98.696998"></trkpt>
      <trkpt lat="35.521986" lon="-98.696568"></trkpt>
      <trkpt lat="35.522112" lon="-98.696144"></trkpt>
      <trkpt lat="35.522242" lon="-98.695743"></trkpt>
      <trkpt lat="35.522361" lon="-98.695432"></trkpt>
      <trkpt lat="35.522466" lon="-98.695171"></trkpt>
      <trkpt lat="35.522771" lon="-98.694528"></trkpt>
      <trkpt lat="35.522910" lon="-98.694240"></trkpt>
      <trkpt lat="35.522992" lon="-98.694102"></trkpt>
      <trkpt lat="35.523212" lon="-98.693730"></trkpt>
      <trkpt lat="35.523344" lon="-98.693521"></trkpt>
      <trkpt lat="35.523560" lon="-98.693192"></trkpt>
      <trkpt lat="35.523875" lon="-98.692771"></trkpt>
      <trkpt lat="35.524069" lon="-98.692538"></trkpt>
      <trkpt lat="35.524382" lon="-98.692187"></trkpt>
      <trkpt lat="35.524568" lon="-98.691999"></trkpt>
      <trkpt lat="35.524969" lon="-98.691618"></trkpt>
      <trkpt lat="35.525549" lon="-98.691090"></trkpt>
      <trkpt lat="35.526019" lon="-98.690648"></trkpt>
      <trkpt lat="35.526747" lon="-98.690011"></trkpt>
      <trkpt lat="35.528718" lon="-98.688193"></trkpt>
      <trkpt lat="35.528983" lon="-98.687913"></trkpt>
      <trkpt lat="35.529368" lon="-98.687497"></trkpt>
      <trkpt lat="35.529853" lon="-98.686915"></trkpt>
      <trkpt lat="35.529957" lon="-98.686780"></trkpt>
      <trkpt lat="35.530283" lon="-98.686355"></trkpt>
      <trkpt lat="35.530628" lon="-98.685868"></trkpt>
      <trkpt lat="35.531093" lon="-98.685181"></trkpt>
      <trkpt lat="35.531777" lon="-98.684179"></trkpt>
      <trkpt lat="35.532598" lon="-98.682944"></trkpt>
      <trkpt lat="35.534196" lon="-98.680571"></trkpt>
      <trkpt lat="35.534631" lon="-98.679902"></trkpt>
      <trkpt lat="35.534929" lon="-98.679393"></trkpt>
      <trkpt lat="35.535091" lon="-98.679075"></trkpt>
      <trkpt lat="35.535232" lon="-98.678784"></trkpt>
      <trkpt lat="35.535394" lon="-98.678397"></trkpt>
      <trkpt lat="35.535534" lon="-98.678033"></trkpt>
      <trkpt lat="35.535636" lon="-98.677745"></trkpt>
      <trkpt lat="35.535743" lon="-98.677409"></trkpt>
      <trkpt lat="35.535824" lon="-98.677121"></trkpt>
      <trkpt lat="35.535898" lon="-98.676835"></trkpt>
      <trkpt lat="35.535979" lon="-98.676495"></trkpt>
      <trkpt lat="35.536044" lon="-98.676175"></trkpt>
      <trkpt lat="35.536125" lon="-98.675665"></trkpt>
      <trkpt lat="35.536177" lon="-98.675167"></trkpt>
      <trkpt lat="35.536202" lon="-98.674799"></trkpt>
      <trkpt lat="35.536219" lon="-98.674408"></trkpt>
      <trkpt lat="35.536226" lon="-98.673460"></trkpt>
      <trkpt lat="35.536233" lon="-98.665356"></trkpt>
      <trkpt lat="35.536229" lon="-98.662972"></trkpt>
      <trkpt lat="35.536232" lon="-98.662024"></trkpt>
      <trkpt lat="35.536234" lon="-98.658878"></trkpt>
      <trkpt lat="35.536235" lon="-98.658493"></trkpt>
      <trkpt lat="35.536242" lon="-98.655013"></trkpt>
      <trkpt lat="35.536251" lon="-98.653653"></trkpt>
      <trkpt lat="35.536257" lon="-98.645551"></trkpt>
      <trkpt lat="35.536261" lon="-98.642442"></trkpt>
      <trkpt lat="35.536259" lon="-98.639937"></trkpt>
      <trkpt lat="35.536273" lon="-98.626368"></trkpt>
      <trkpt lat="35.536275" lon="-98.620122"></trkpt>
      <trkpt lat="35.536251" lon="-98.600519"></trkpt>
      <trkpt lat="35.536245" lon="-98.590249"></trkpt>
      <trkpt lat="35.536255" lon="-98.587280"></trkpt>
      <trkpt lat="35.536259" lon="-98.586610"></trkpt>
      <trkpt lat="35.536266" lon="-98.582791"></trkpt>
      <trkpt lat="35.536272" lon="-98.579516"></trkpt>
      <trkpt lat="35.536272" lon="-98.579173"></trkpt>
      <trkpt lat="35.536288" lon="-98.571036"></trkpt>
      <trkpt lat="35.536288" lon="-98.570695"></trkpt>
      <trkpt lat="35.536304" lon="-98.566868"></trkpt>
      <trkpt lat="35.536291" lon="-98.563819"></trkpt>
      <trkpt lat="35.536296" lon="-98.561049"></trkpt>
      <trkpt lat="35.536296" lon="-98.560127"></trkpt>
      <trkpt lat="35.536287" lon="-98.559495"></trkpt>
      <trkpt lat="35.536269" lon="-98.558885"></trkpt>
      <trkpt lat="35.536255" lon="-98.558422"></trkpt>
      <trkpt lat="35.536218" lon="-98.557592"></trkpt>
      <trkpt lat="35.536180" lon="-98.556870"></trkpt>
      <trkpt lat="35.536134" lon="-98.556178"></trkpt>
      <trkpt lat="35.536044" lon="-98.555183"></trkpt>
      <trkpt lat="35.535967" lon="-98.554390"></trkpt>
      <trkpt lat="35.535881" lon="-98.553657"></trkpt>
      <trkpt lat="35.535805" lon="-98.553052"></trkpt>
      <trkpt lat="35.535684" lon="-98.552192"></trkpt>
      <trkpt lat="35.535537" lon="-98.551218"></trkpt>
      <trkpt lat="35.535366" lon="-98.550224"></trkpt>
      <trkpt lat="35.535191" lon="-98.549308"></trkpt>
      <trkpt lat="35.534983" lon="-98.548309"></trkpt>
      <trkpt lat="35.534838" lon="-98.547664"></trkpt>
      <trkpt lat="35.534620" lon="-98.546741"></trkpt>
      <trkpt lat="35.534226" lon="-98.545213"></trkpt>
      <trkpt lat="35.533841" lon="-98.543734"></trkpt>
      <trkpt lat="35.531744" lon="-98.535705"></trkpt>
      <trkpt lat="35.531629" lon="-98.535269"></trkpt>
      <trkpt lat="35.531393" lon="-98.534374"></trkpt>
      <trkpt lat="35.531137" lon="-98.533392"></trkpt>
      <trkpt lat="35.530962" lon="-98.532735"></trkpt>
      <trkpt lat="35.530764" lon="-98.531974"></trkpt>
      <trkpt lat="35.530541" lon="-98.531080"></trkpt>
      <trkpt lat="35.530331" lon="-98.530207"></trkpt>
      <trkpt lat="35.530109" lon="-98.529158"></trkpt>
      <trkpt lat="35.529997" lon="-98.528588"></trkpt>
      <trkpt lat="35.529900" lon="-98.528013"></trkpt>
      <trkpt lat="35.529770" lon="-98.527157"></trkpt>
      <trkpt lat="35.529622" lon="-98.526025"></trkpt>
      <trkpt lat="35.529575" lon="-98.525547"></trkpt>
      <trkpt lat="35.529526" lon="-98.525037"></trkpt>
      <trkpt lat="35.529455" lon="-98.524011"></trkpt>
      <trkpt lat="35.529413" lon="-98.523168"></trkpt>
      <trkpt lat="35.529394" lon="-98.522516"></trkpt>
      <trkpt lat="35.529386" lon="-98.521047"></trkpt>
      <trkpt lat="35.529382" lon="-98.519799"></trkpt>
      <trkpt lat="35.529381" lon="-98.518464"></trkpt>
      <trkpt lat="35.529372" lon="-98.510410"></trkpt>
      <trkpt lat="35.529341" lon="-98.482755"></trkpt>
      <trkpt lat="35.529341" lon="-98.482444"></trkpt>
      <trkpt lat="35.529320" lon="-98.470252"></trkpt>
      <trkpt lat="35.529323" lon="-98.469222"></trkpt>
      <trkpt lat="35.529310" lon="-98.465071"></trkpt>
      <trkpt lat="35.529313" lon="-98.464504"></trkpt>
      <trkpt lat="35.529305" lon="-98.463582"></trkpt>
      <trkpt lat="35.529286" lon="-98.462214"></trkpt>
      <trkpt lat="35.529231" lon="-98.460666"></trkpt>
      <trkpt lat="35.529131" lon="-98.458258"></trkpt>
      <trkpt lat="35.529107" lon="-98.457241"></trkpt>
      <trkpt lat="35.529077" lon="-98.455863"></trkpt>
      <trkpt lat="35.529066" lon="-98.454438"></trkpt>
      <trkpt lat="35.529066" lon="-98.452886"></trkpt>
      <trkpt lat="35.529060" lon="-98.451104"></trkpt>
      <trkpt lat="35.529049" lon="-98.447208"></trkpt>
      <trkpt lat="35.529041" lon="-98.440568"></trkpt>
      <trkpt lat="35.529036" lon="-98.438440"></trkpt>
      <trkpt lat="35.529052" lon="-98.437472"></trkpt>
      <trkpt lat="35.529068" lon="-98.436764"></trkpt>
      <trkpt lat="35.529084" lon="-98.436123"></trkpt>
      <trkpt lat="35.529104" lon="-98.435517"></trkpt>
      <trkpt lat="35.529146" lon="-98.434473"></trkpt>
      <trkpt lat="35.529181" lon="-98.433422"></trkpt>
      <trkpt lat="35.529201" lon="-98.432571"></trkpt>
      <trkpt lat="35.529224" lon="-98.431409"></trkpt>
      <trkpt lat="35.529233" lon="-98.430027"></trkpt>
      <trkpt lat="35.529197" lon="-98.411479"></trkpt>
      <trkpt lat="35.529190" lon="-98.409933"></trkpt>
      <trkpt lat="35.529188" lon="-98.409087"></trkpt>
      <trkpt lat="35.529185" lon="-98.408506"></trkpt>
      <trkpt lat="35.529173" lon="-98.407534"></trkpt>
      <trkpt lat="35.529154" lon="-98.406383"></trkpt>
      <trkpt lat="35.529131" lon="-98.405458"></trkpt>
      <trkpt lat="35.529106" lon="-98.404707"></trkpt>
      <trkpt lat="35.529082" lon="-98.404033"></trkpt>
      <trkpt lat="35.529052" lon="-98.403168"></trkpt>
      <trkpt lat="35.529022" lon="-98.402097"></trkpt>
      <trkpt lat="35.529017" lon="-98.401754"></trkpt>
      <trkpt lat="35.529004" lon="-98.400454"></trkpt>
      <trkpt lat="35.529009" lon="-98.399365"></trkpt>
      <trkpt lat="35.529028" lon="-98.398424"></trkpt>
      <trkpt lat="35.529055" lon="-98.397414"></trkpt>
      <trkpt lat="35.529077" lon="-98.396604"></trkpt>
      <trkpt lat="35.529112" lon="-98.395373"></trkpt>
      <trkpt lat="35.529126" lon="-98.394527"></trkpt>
      <trkpt lat="35.529144" lon="-98.393674"></trkpt>
      <trkpt lat="35.529153" lon="-98.391196"></trkpt>
      <trkpt lat="35.529153" lon="-98.390089"></trkpt>
      <trkpt lat="35.529151" lon="-98.388043"></trkpt>
      <trkpt lat="35.529141" lon="-98.385958"></trkpt>
      <trkpt lat="35.529141" lon="-98.385614"></trkpt>
      <trkpt lat="35.529121" lon="-98.375005"></trkpt>
      <trkpt lat="35.529082" lon="-98.358478"></trkpt>
      <trkpt lat="35.529077" lon="-98.356484"></trkpt>
      <trkpt lat="35.529071" lon="-98.353975"></trkpt>
      <trkpt lat="35.529063" lon="-98.350849"></trkpt>
      <trkpt lat="35.529061" lon="-98.350467"></trkpt>
      <trkpt lat="35.529058" lon="-98.347004"></trkpt>
      <trkpt lat="35.529021" lon="-98.336815"></trkpt>
      <trkpt lat="35.529015" lon="-98.335282"></trkpt>
      <trkpt lat="35.528989" lon="-98.334331"></trkpt>
      <trkpt lat="35.528947" lon="-98.333563"></trkpt>
      <trkpt lat="35.528902" lon="-98.332809"></trkpt>
      <trkpt lat="35.528832" lon="-98.331983"></trkpt>
      <trkpt lat="35.528769" lon="-98.331363"></trkpt>
      <trkpt lat="35.528640" lon="-98.330370"></trkpt>
      <trkpt lat="35.528507" lon="-98.329579"></trkpt>
      <trkpt lat="35.528391" lon="-98.328888"></trkpt>
      <trkpt lat="35.528189" lon="-98.327884"></trkpt>
      <trkpt lat="35.527965" lon="-98.326859"></trkpt>
      <trkpt lat="35.526140" lon="-98.319570"></trkpt>
      <trkpt lat="35.525163" lon="-98.315682"></trkpt>
      <trkpt lat="35.524226" lon="-98.311924"></trkpt>
      <trkpt lat="35.523885" lon="-98.310583"></trkpt>
      <trkpt lat="35.523497" lon="-98.309014"></trkpt>
      <trkpt lat="35.523223" lon="-98.307909"></trkpt>
      <trkpt lat="35.523030" lon="-98.307047"></trkpt>
      <trkpt lat="35.522928" lon="-98.306470"></trkpt>
      <trkpt lat="35.522862" lon="-98.306065"></trkpt>
      <trkpt lat="35.522729" lon="-98.305127"></trkpt>
      <trkpt lat="35.522683" lon="-98.304708"></trkpt>
      <trkpt lat="35.522645" lon="-98.304252"></trkpt>
      <trkpt lat="35.522618" lon="-98.303771"></trkpt>
      <trkpt lat="35.522589" lon="-98.303028"></trkpt>
      <trkpt lat="35.522583" lon="-98.302585"></trkpt>
      <trkpt lat="35.522592" lon="-98.301728"></trkpt>
      <trkpt lat="35.522618" lon="-98.301186"></trkpt>
      <trkpt lat="35.522657" lon="-98.300551"></trkpt>
      <trkpt lat="35.522725" lon="-98.299846"></trkpt>
      <trkpt lat="35.522793" lon="-98.299305"></trkpt>
      <trkpt lat="35.522894" lon="-98.298637"></trkpt>
      <trkpt lat="35.523051" lon="-98.297799"></trkpt>
      <trkpt lat="35.523107" lon="-98.297536"></trkpt>
      <trkpt lat="35.523197" lon="-98.297136"></trkpt>
      <trkpt lat="35.523374" lon="-98.296428"></trkpt>
      <trkpt lat="35.523539" lon="-98.295842"></trkpt>
      <trkpt lat="35.523758" lon="-98.295147"></trkpt>
      <trkpt lat="35.523953" lon="-98.294595"></trkpt>
      <trkpt lat="35.524102" lon="-98.294197"></trkpt>
      <trkpt lat="35.524248" lon="-98.293825"></trkpt>
      <trkpt lat="35.524577" lon="-98.293081"></trkpt>
      <trkpt lat="35.524977" lon="-98.292229"></trkpt>
      <trkpt lat="35.525392" lon="-98.291460"></trkpt>
      <trkpt lat="35.525907" lon="-98.290574"></trkpt>
      <trkpt lat="35.527448" lon="-98.287948"></trkpt>
      <trkpt lat="35.531519" lon="-98.281036"></trkpt>
      <trkpt lat="35.534831" lon="-98.275429"></trkpt>
      <trkpt lat="35.535199" lon="-98.274790"></trkpt>
      <trkpt lat="35.535470" lon="-98.274283"></trkpt>
      <trkpt lat="35.535712" lon="-98.273767"></trkpt>
      <trkpt lat="35.535933" lon="-98.273235"></trkpt>
      <trkpt lat="35.536137" lon="-98.272681"></trkpt>
      <trkpt lat="35.536314" lon="-98.272117"></trkpt>
      <trkpt lat="35.536474" lon="-98.271538"></trkpt>
      <trkpt lat="35.536603" lon="-98.270963"></trkpt>
      <trkpt lat="35.536710" lon="-98.270389"></trkpt>
      <trkpt lat="35.536751" lon="-98.270093"></trkpt>
      <trkpt lat="35.536826" lon="-98.269505"></trkpt>
      <trkpt lat="35.536873" lon="-98.268892"></trkpt>
      <trkpt lat="35.536892" lon="-98.268298"></trkpt>
      <trkpt lat="35.536895" lon="-98.267693"></trkpt>
      <trkpt lat="35.536689" lon="-98.257738"></trkpt>
      <trkpt lat="35.536671" lon="-98.257139"></trkpt>
      <trkpt lat="35.536645" lon="-98.256533"></trkpt>
      <trkpt lat="35.536596" lon="-98.255745"></trkpt>
      <trkpt lat="35.536537" lon="-98.255034"></trkpt>
      <trkpt lat="35.536477" lon="-98.254430"></trkpt>
      <trkpt lat="35.536371" lon="-98.253537"></trkpt>
      <trkpt lat="35.536242" lon="-98.252636"></trkpt>
      <trkpt lat="35.536148" lon="-98.252050"></trkpt>
      <trkpt lat="35.535930" lon="-98.250880"></trkpt>
      <trkpt lat="35.534713" lon="-98.245190"></trkpt>
      <trkpt lat="35.534481" lon="-98.244046"></trkpt>
      <trkpt lat="35.534022" lon="-98.241957"></trkpt>
      <trkpt lat="35.533169" lon="-98.238076"></trkpt>
      <trkpt lat="35.533101" lon="-98.237756"></trkpt>
      <trkpt lat="35.532064" lon="-98.232831"></trkpt>
      <trkpt lat="35.531047" lon="-98.228081"></trkpt>
      <trkpt lat="35.530534" lon="-98.225692"></trkpt>
      <trkpt lat="35.530041" lon="-98.223412"></trkpt>
      <trkpt lat="35.529733" lon="-98.221952"></trkpt>
      <trkpt lat="35.529468" lon="-98.220754"></trkpt>
      <trkpt lat="35.529191" lon="-98.219315"></trkpt>
      <trkpt lat="35.528987" lon="-98.218126"></trkpt>
      <trkpt lat="35.528849" lon="-98.217233"></trkpt>
      <trkpt lat="35.528726" lon="-98.216350"></trkpt>
      <trkpt lat="35.528611" lon="-98.215453"></trkpt>
      <trkpt lat="35.528514" lon="-98.214550"></trkpt>
      <trkpt lat="35.528383" lon="-98.213042"></trkpt>
      <trkpt lat="35.528290" lon="-98.211534"></trkpt>
      <trkpt lat="35.528244" lon="-98.210306"></trkpt>
      <trkpt lat="35.528220" lon="-98.209134"></trkpt>
      <trkpt lat="35.528221" lon="-98.207904"></trkpt>
      <trkpt lat="35.528253" lon="-98.206697"></trkpt>
      <trkpt lat="35.528375" lon="-98.202517"></trkpt>
      <trkpt lat="35.528391" lon="-98.201860"></trkpt>
      <trkpt lat="35.528443" lon="-98.200661"></trkpt>
      <trkpt lat="35.528518" lon="-98.199135"></trkpt>
      <trkpt lat="35.528630" lon="-98.197335"></trkpt>
      <trkpt lat="35.528720" lon="-98.196136"></trkpt>
      <trkpt lat="35.528855" lon="-98.194576"></trkpt>
      <trkpt lat="35.528914" lon="-98.193953"></trkpt>
      <trkpt lat="35.529066" lon="-98.192347"></trkpt>
      <trkpt lat="35.529119" lon="-98.191784"></trkpt>
      <trkpt lat="35.529180" lon="-98.191027"></trkpt>
      <trkpt lat="35.529246" lon="-98.190119"></trkpt>
      <trkpt lat="35.529298" lon="-98.189217"></trkpt>
      <trkpt lat="35.529349" lon="-98.188309"></trkpt>
      <trkpt lat="35.529380" lon="-98.187409"></trkpt>
      <trkpt lat="35.529410" lon="-98.186509"></trkpt>
      <trkpt lat="35.529427" lon="-98.185795"></trkpt>
      <trkpt lat="35.529453" lon="-98.184136"></trkpt>
      <trkpt lat="35.529460" lon="-98.182876"></trkpt>
      <trkpt lat="35.529505" lon="-98.180752"></trkpt>
      <trkpt lat="35.529583" lon="-98.178779"></trkpt>
      <trkpt lat="35.529646" lon="-98.177639"></trkpt>
      <trkpt lat="35.529747" lon="-98.176086"></trkpt>
      <trkpt lat="35.529834" lon="-98.174753"></trkpt>
      <trkpt lat="35.529891" lon="-98.173588"></trkpt>
      <trkpt lat="35.529934" lon="-98.172324"></trkpt>
      <trkpt lat="35.529959" lon="-98.171416"></trkpt>
      <trkpt lat="35.529976" lon="-98.170512"></trkpt>
      <trkpt lat="35.529971" lon="-98.168810"></trkpt>
      <trkpt lat="35.529948" lon="-98.167491"></trkpt>
      <trkpt lat="35.529938" lon="-98.167123"></trkpt>
      <trkpt lat="35.529929" lon="-98.166783"></trkpt>
      <trkpt lat="35.529773" lon="-98.162350"></trkpt>
      <trkpt lat="35.529635" lon="-98.158113"></trkpt>
      <trkpt lat="35.529591" lon="-98.156299"></trkpt>
      <trkpt lat="35.529555" lon="-98.154486"></trkpt>
      <trkpt lat="35.529527" lon="-98.152668"></trkpt>
      <trkpt lat="35.529506" lon="-98.150862"></trkpt>
      <trkpt lat="35.529498" lon="-98.148448"></trkpt>
      <trkpt lat="35.529550" lon="-98.131870"></trkpt>
      <trkpt lat="35.529552" lon="-98.131688"></trkpt>
      <trkpt lat="35.529570" lon="-98.123622"></trkpt>
      <trkpt lat="35.529563" lon="-98.122108"></trkpt>
      <trkpt lat="35.529543" lon="-98.120764"></trkpt>
      <trkpt lat="35.529472" lon="-98.117938"></trkpt>
      <trkpt lat="35.529450" lon="-98.117262"></trkpt>
      <trkpt lat="35.529363" lon="-98.115311"></trkpt>
      <trkpt lat="35.529289" lon="-98.114305"></trkpt>
      <trkpt lat="35.529273" lon="-98.113994"></trkpt>
      <trkpt lat="35.529103" lon="-98.110745"></trkpt>
      <trkpt lat="35.529026" lon="-98.109080"></trkpt>
      <trkpt lat="35.528885" lon="-98.107287"></trkpt>
      <trkpt lat="35.528678" lon="-98.103970"></trkpt>
      <trkpt lat="35.528593" lon="-98.102470"></trkpt>
      <trkpt lat="35.528527" lon="-98.100953"></trkpt>
      <trkpt lat="35.528488" lon="-98.099445"></trkpt>
      <trkpt lat="35.528482" lon="-98.097924"></trkpt>
      <trkpt lat="35.528499" lon="-98.096604"></trkpt>
      <trkpt lat="35.528505" lon="-98.096267"></trkpt>
      <trkpt lat="35.528528" lon="-98.095495"></trkpt>
      <trkpt lat="35.528586" lon="-98.094168"></trkpt>
      <trkpt lat="35.528662" lon="-98.092909"></trkpt>
      <trkpt lat="35.528764" lon="-98.091571"></trkpt>
      <trkpt lat="35.528943" lon="-98.089761"></trkpt>
      <trkpt lat="35.529156" lon="-98.087666"></trkpt>
      <trkpt lat="35.529309" lon="-98.085851"></trkpt>
      <trkpt lat="35.529397" lon="-98.084655"></trkpt>
      <trkpt lat="35.529458" lon="-98.083747"></trkpt>
      <trkpt lat="35.529524" lon="-98.082535"></trkpt>
      <trkpt lat="35.529597" lon="-98.080850"></trkpt>
      <trkpt lat="35.529634" lon="-98.078937"></trkpt>
      <trkpt lat="35.529636" lon="-98.078618"></trkpt>
      <trkpt lat="35.529671" lon="-98.061213"></trkpt>
      <trkpt lat="35.529674" lon="-98.060903"></trkpt>
      <trkpt lat="35.529703" lon="-98.058264"></trkpt>
      <trkpt lat="35.529711" lon="-98.054717"></trkpt>
      <trkpt lat="35.529712" lon="-98.053858"></trkpt>
      <trkpt lat="35.529718" lon="-98.049829"></trkpt>
      <trkpt lat="35.529726" lon="-98.048071"></trkpt>
      <trkpt lat="35.529720" lon="-98.047172"></trkpt>
      <trkpt lat="35.529696" lon="-98.046282"></trkpt>
      <trkpt lat="35.529683" lon="-98.046028"></trkpt>
      <trkpt lat="35.529651" lon="-98.045576"></trkpt>
      <trkpt lat="35.529608" lon="-98.045079"></trkpt>
      <trkpt lat="35.529508" lon="-98.044399"></trkpt>
      <trkpt lat="35.529460" lon="-98.044070"></trkpt>
      <trkpt lat="35.529348" lon="-98.043384"></trkpt>
      <trkpt lat="35.529195" lon="-98.042488"></trkpt>
      <trkpt lat="35.529014" lon="-98.041729"></trkpt>
      <trkpt lat="35.528894" lon="-98.041281"></trkpt>
      <trkpt lat="35.528743" lon="-98.040764"></trkpt>
      <trkpt lat="35.528488" lon="-98.039962"></trkpt>
      <trkpt lat="35.526613" lon="-98.034843"></trkpt>
      <trkpt lat="35.523719" lon="-98.026974"></trkpt>
      <trkpt lat="35.522343" lon="-98.023198"></trkpt>
      <trkpt lat="35.521781" lon="-98.021652"></trkpt>
      <trkpt lat="35.521651" lon="-98.021299"></trkpt>
      <trkpt lat="35.517222" lon="-98.009257"></trkpt>
      <trkpt lat="35.516162" lon="-98.006360"></trkpt>
      <trkpt lat="35.515369" lon="-98.004203"></trkpt>
      <trkpt lat="35.515004" lon="-98.003196"></trkpt>
      <trkpt lat="35.514659" lon="-98.002244"></trkpt>
      <trkpt lat="35.514246" lon="-98.000965"></trkpt>
      <trkpt lat="35.514118" lon="-98.000560"></trkpt>
      <trkpt lat="35.513865" lon="-97.999606"></trkpt>
      <trkpt lat="35.513602" lon="-97.998537"></trkpt>
      <trkpt lat="35.513401" lon="-97.997630"></trkpt>
      <trkpt lat="35.513183" lon="-97.996478"></trkpt>
      <trkpt lat="35.513038" lon="-97.995552"></trkpt>
      <trkpt lat="35.512874" lon="-97.994374"></trkpt>
      <trkpt lat="35.512672" lon="-97.992903"></trkpt>
      <trkpt lat="35.512456" lon="-97.991509"></trkpt>
      <trkpt lat="35.512155" lon="-97.989735"></trkpt>
      <trkpt lat="35.511837" lon="-97.987983"></trkpt>
      <trkpt lat="35.511562" lon="-97.986600"></trkpt>
      <trkpt lat="35.511263" lon="-97.985209"></trkpt>
      <trkpt lat="35.511025" lon="-97.984124"></trkpt>
      <trkpt lat="35.510833" lon="-97.983293"></trkpt>
      <trkpt lat="35.510643" lon="-97.982496"></trkpt>
      <trkpt lat="35.510382" lon="-97.981439"></trkpt>
      <trkpt lat="35.509934" lon="-97.979728"></trkpt>
      <trkpt lat="35.509532" lon="-97.978297"></trkpt>
      <trkpt lat="35.509142" lon="-97.976960"></trkpt>
      <trkpt lat="35.508834" lon="-97.975949"></trkpt>
      <trkpt lat="35.508327" lon="-97.974341"></trkpt>
      <trkpt lat="35.507849" lon="-97.972882"></trkpt>
      <trkpt lat="35.507706" lon="-97.972483"></trkpt>
      <trkpt lat="35.507132" lon="-97.970875"></trkpt>
      <trkpt lat="35.506434" lon="-97.969016"></trkpt>
      <trkpt lat="35.503051" lon="-97.960097"></trkpt>
      <trkpt lat="35.502752" lon="-97.959319"></trkpt>
      <trkpt lat="35.502438" lon="-97.958493"></trkpt>
      <trkpt lat="35.502113" lon="-97.957541"></trkpt>
      <trkpt lat="35.501898" lon="-97.956841"></trkpt>
      <trkpt lat="35.501687" lon="-97.955997"></trkpt>
      <trkpt lat="35.501483" lon="-97.955077"></trkpt>
      <trkpt lat="35.501416" lon="-97.954740"></trkpt>
      <trkpt lat="35.501298" lon="-97.953905"></trkpt>
      <trkpt lat="35.501227" lon="-97.953278"></trkpt>
      <trkpt lat="35.501152" lon="-97.952525"></trkpt>
      <trkpt lat="35.501112" lon="-97.951727"></trkpt>
      <trkpt lat="35.501099" lon="-97.950978"></trkpt>
      <trkpt lat="35.501100" lon="-97.950468"></trkpt>
      <trkpt lat="35.501100" lon="-97.949776"></trkpt>
      <trkpt lat="35.501111" lon="-97.946264"></trkpt>
      <trkpt lat="35.501112" lon="-97.943026"></trkpt>
      <trkpt lat="35.501128" lon="-97.938256"></trkpt>
      <trkpt lat="35.501122" lon="-97.937552"></trkpt>
      <trkpt lat="35.501122" lon="-97.936771"></trkpt>
      <trkpt lat="35.501130" lon="-97.935337"></trkpt>
      <trkpt lat="35.501135" lon="-97.931812"></trkpt>
      <trkpt lat="35.501149" lon="-97.925307"></trkpt>
      <trkpt lat="35.501150" lon="-97.924765"></trkpt>
      <trkpt lat="35.501154" lon="-97.919515"></trkpt>
      <trkpt lat="35.501150" lon="-97.919151"></trkpt>
      <trkpt lat="35.501137" lon="-97.917969"></trkpt>
      <trkpt lat="35.501095" lon="-97.916456"></trkpt>
      <trkpt lat="35.501056" lon="-97.915310"></trkpt>
      <trkpt lat="35.501005" lon="-97.914194"></trkpt>
      <trkpt lat="35.500927" lon="-97.912900"></trkpt>
      <trkpt lat="35.500785" lon="-97.910922"></trkpt>
      <trkpt lat="35.500641" lon="-97.908930"></trkpt>
      <trkpt lat="35.500618" lon="-97.908384"></trkpt>
      <trkpt lat="35.500515" lon="-97.905800"></trkpt>
      <trkpt lat="35.500470" lon="-97.904518"></trkpt>
      <trkpt lat="35.500452" lon="-97.903496"></trkpt>
      <trkpt lat="35.500414" lon="-97.901789"></trkpt>
      <trkpt lat="35.500415" lon="-97.901404"></trkpt>
      <trkpt lat="35.500457" lon="-97.899521"></trkpt>
      <trkpt lat="35.500478" lon="-97.898469"></trkpt>
      <trkpt lat="35.500518" lon="-97.897254"></trkpt>
      <trkpt lat="35.500590" lon="-97.895711"></trkpt>
      <trkpt lat="35.500630" lon="-97.894853"></trkpt>
      <trkpt lat="35.500708" lon="-97.893733"></trkpt>
      <trkpt lat="35.500791" lon="-97.892346"></trkpt>
      <trkpt lat="35.500812" lon="-97.892081"></trkpt>
      <trkpt lat="35.500867" lon="-97.891380"></trkpt>
      <trkpt lat="35.500966" lon="-97.890087"></trkpt>
      <trkpt lat="35.501059" lon="-97.888725"></trkpt>
      <trkpt lat="35.501151" lon="-97.887008"></trkpt>
      <trkpt lat="35.501178" lon="-97.886162"></trkpt>
      <trkpt lat="35.501202" lon="-97.885351"></trkpt>
      <trkpt lat="35.501223" lon="-97.883883"></trkpt>
      <trkpt lat="35.501224" lon="-97.882727"></trkpt>
      <trkpt lat="35.501206" lon="-97.881511"></trkpt>
      <trkpt lat="35.501155" lon="-97.879754"></trkpt>
      <trkpt lat="35.501100" lon="-97.878625"></trkpt>
      <trkpt lat="35.500841" lon="-97.874447"></trkpt>
      <trkpt lat="35.500787" lon="-97.873590"></trkpt>
      <trkpt lat="35.500358" lon="-97.866750"></trkpt>
      <trkpt lat="35.500314" lon="-97.866077"></trkpt>
      <trkpt lat="35.499999" lon="-97.861173"></trkpt>
      <trkpt lat="35.499930" lon="-97.859630"></trkpt>
      <trkpt lat="35.499886" lon="-97.858090"></trkpt>
      <trkpt lat="35.499871" lon="-97.856632"></trkpt>
      <trkpt lat="35.499878" lon="-97.855191"></trkpt>
      <trkpt lat="35.499904" lon="-97.853903"></trkpt>
      <trkpt lat="35.499949" lon="-97.852436"></trkpt>
      <trkpt lat="35.500058" lon="-97.849417"></trkpt>
      <trkpt lat="35.500071" lon="-97.849068"></trkpt>
      <trkpt lat="35.500097" lon="-97.848331"></trkpt>
      <trkpt lat="35.500212" lon="-97.845011"></trkpt>
      <trkpt lat="35.500236" lon="-97.844248"></trkpt>
      <trkpt lat="35.500259" lon="-97.843612"></trkpt>
      <trkpt lat="35.500697" lon="-97.831239"></trkpt>
      <trkpt lat="35.500722" lon="-97.830518"></trkpt>
      <trkpt lat="35.500941" lon="-97.824199"></trkpt>
      <trkpt lat="35.500994" lon="-97.821633"></trkpt>
      <trkpt lat="35.501015" lon="-97.819177"></trkpt>
      <trkpt lat="35.501010" lon="-97.818098"></trkpt>
      <trkpt lat="35.501004" lon="-97.816717"></trkpt>
      <trkpt lat="35.500992" lon="-97.813353"></trkpt>
      <trkpt lat="35.500990" lon="-97.812620"></trkpt>
      <trkpt lat="35.500982" lon="-97.809640"></trkpt>
      <trkpt lat="35.500950" lon="-97.799428"></trkpt>
      <trkpt lat="35.500925" lon="-97.798222"></trkpt>
      <trkpt lat="35.500897" lon="-97.797596"></trkpt>
      <trkpt lat="35.500856" lon="-97.796927"></trkpt>
      <trkpt lat="35.500809" lon="-97.796276"></trkpt>
      <trkpt lat="35.500744" lon="-97.795557"></trkpt>
      <trkpt lat="35.500688" lon="-97.795022"></trkpt>
      <trkpt lat="35.500603" lon="-97.794306"></trkpt>
      <trkpt lat="35.500520" lon="-97.793677"></trkpt>
      <trkpt lat="35.500385" lon="-97.792811"></trkpt>
      <trkpt lat="35.500235" lon="-97.791944"></trkpt>
      <trkpt lat="35.500120" lon="-97.791316"></trkpt>
      <trkpt lat="35.499991" lon="-97.790685"></trkpt>
      <trkpt lat="35.499786" lon="-97.789762"></trkpt>
      <trkpt lat="35.499527" lon="-97.788717"></trkpt>
      <trkpt lat="35.499271" lon="-97.787816"></trkpt>
      <trkpt lat="35.498983" lon="-97.786860"></trkpt>
      <trkpt lat="35.498669" lon="-97.785906"></trkpt>
      <trkpt lat="35.498413" lon="-97.785197"></trkpt>
      <trkpt lat="35.498126" lon="-97.784424"></trkpt>
      <trkpt lat="35.497963" lon="-97.784010"></trkpt>
      <trkpt lat="35.497483" lon="-97.782860"></trkpt>
      <trkpt lat="35.496727" lon="-97.781198"></trkpt>
      <trkpt lat="35.496212" lon="-97.780091"></trkpt>
      <trkpt lat="35.495260" lon="-97.778012"></trkpt>
      <trkpt lat="35.495006" lon="-97.777458"></trkpt>
      <trkpt lat="35.494393" lon="-97.776162"></trkpt>
      <trkpt lat="35.493759" lon="-97.774782"></trkpt>
      <trkpt lat="35.493371" lon="-97.773948"></trkpt>
      <trkpt lat="35.492165" lon="-97.771338"></trkpt>
      <trkpt lat="35.490604" lon="-97.767961"></trkpt>
      <trkpt lat="35.489967" lon="-97.766629"></trkpt>
      <trkpt lat="35.489317" lon="-97.765290"></trkpt>
      <trkpt lat="35.488782" lon="-97.764259"></trkpt>
      <trkpt lat="35.488420" lon="-97.763521"></trkpt>
      <trkpt lat="35.487898" lon="-97.762513"></trkpt>
      <trkpt lat="35.487179" lon="-97.761148"></trkpt>
      <trkpt lat="35.486838" lon="-97.760520"></trkpt>
      <trkpt lat="35.486538" lon="-97.759966"></trkpt>
      <trkpt lat="35.485770" lon="-97.758577"></trkpt>
      <trkpt lat="35.484996" lon="-97.757209"></trkpt>
      <trkpt lat="35.484576" lon="-97.756487"></trkpt>
      <trkpt lat="35.483347" lon="-97.754432"></trkpt>
      <trkpt lat="35.480878" lon="-97.750403"></trkpt>
      <trkpt lat="35.480459" lon="-97.749696"></trkpt>
      <trkpt lat="35.480073" lon="-97.749027"></trkpt>
      <trkpt lat="35.479346" lon="-97.747743"></trkpt>
      <trkpt lat="35.479161" lon="-97.747395"></trkpt>
      <trkpt lat="35.478755" lon="-97.746684"></trkpt>
      <trkpt lat="35.478074" lon="-97.745391"></trkpt>
      <trkpt lat="35.477390" lon="-97.744047"></trkpt>
      <trkpt lat="35.476718" lon="-97.742674"></trkpt>
      <trkpt lat="35.474960" lon="-97.738947"></trkpt>
      <trkpt lat="35.473511" lon="-97.735858"></trkpt>
      <trkpt lat="35.473323" lon="-97.735457"></trkpt>
      <trkpt lat="35.472440" lon="-97.733567"></trkpt>
      <trkpt lat="35.471373" lon="-97.731333"></trkpt>
      <trkpt lat="35.470575" lon="-97.729722"></trkpt>
      <trkpt lat="35.469770" lon="-97.728155"></trkpt>
      <trkpt lat="35.468750" lon="-97.726206"></trkpt>
      <trkpt lat="35.468187" lon="-97.725184"></trkpt>
      <trkpt lat="35.467768" lon="-97.724421"></trkpt>
      <trkpt lat="35.467161" lon="-97.723312"></trkpt>
      <trkpt lat="35.466530" lon="-97.722197"></trkpt>
      <trkpt lat="35.465526" lon="-97.720492"></trkpt>
      <trkpt lat="35.465033" lon="-97.719625"></trkpt>
      <trkpt lat="35.464553" lon="-97.718728"></trkpt>
      <trkpt lat="35.464355" lon="-97.718338"></trkpt>
      <trkpt lat="35.464208" lon="-97.718038"></trkpt>
    </trkseg>
  </trk>
  <trk>
    <name>Day 3 - Sat, Sep 26, 2026</name>
    <trkseg>
      <trkpt lat="35.464208" lon="-97.718038"></trkpt>
      <trkpt lat="35.464136" lon="-97.717891"></trkpt>
      <trkpt lat="35.463897" lon="-97.717386"></trkpt>
      <trkpt lat="35.463758" lon="-97.717080"></trkpt>
      <trkpt lat="35.463388" lon="-97.716225"></trkpt>
      <trkpt lat="35.463017" lon="-97.715341"></trkpt>
      <trkpt lat="35.462497" lon="-97.713932"></trkpt>
      <trkpt lat="35.462129" lon="-97.712858"></trkpt>
      <trkpt lat="35.461818" lon="-97.711869"></trkpt>
      <trkpt lat="35.461487" lon="-97.710686"></trkpt>
      <trkpt lat="35.461397" lon="-97.710286"></trkpt>
      <trkpt lat="35.461222" lon="-97.709605"></trkpt>
      <trkpt lat="35.460885" lon="-97.708044"></trkpt>
      <trkpt lat="35.460772" lon="-97.707502"></trkpt>
      <trkpt lat="35.460692" lon="-97.707070"></trkpt>
      <trkpt lat="35.460619" lon="-97.706629"></trkpt>
      <trkpt lat="35.460534" lon="-97.706019"></trkpt>
      <trkpt lat="35.460411" lon="-97.705135"></trkpt>
      <trkpt lat="35.460316" lon="-97.704326"></trkpt>
      <trkpt lat="35.460238" lon="-97.703539"></trkpt>
      <trkpt lat="35.460157" lon="-97.702588"></trkpt>
      <trkpt lat="35.460125" lon="-97.702037"></trkpt>
      <trkpt lat="35.460095" lon="-97.701424"></trkpt>
      <trkpt lat="35.460066" lon="-97.700525"></trkpt>
      <trkpt lat="35.460045" lon="-97.699542"></trkpt>
      <trkpt lat="35.460061" lon="-97.698382"></trkpt>
      <trkpt lat="35.460076" lon="-97.695322"></trkpt>
      <trkpt lat="35.460097" lon="-97.690984"></trkpt>
      <trkpt lat="35.460104" lon="-97.689605"></trkpt>
      <trkpt lat="35.460111" lon="-97.688630"></trkpt>
      <trkpt lat="35.460149" lon="-97.681982"></trkpt>
      <trkpt lat="35.460154" lon="-97.680066"></trkpt>
      <trkpt lat="35.460165" lon="-97.676618"></trkpt>
      <trkpt lat="35.460173" lon="-97.675173"></trkpt>
      <trkpt lat="35.460191" lon="-97.672109"></trkpt>
      <trkpt lat="35.460201" lon="-97.670151"></trkpt>
      <trkpt lat="35.460213" lon="-97.667326"></trkpt>
      <trkpt lat="35.460252" lon="-97.659208"></trkpt>
      <trkpt lat="35.460262" lon="-97.658173"></trkpt>
      <trkpt lat="35.460281" lon="-97.654481"></trkpt>
      <trkpt lat="35.460283" lon="-97.653869"></trkpt>
      <trkpt lat="35.460298" lon="-97.650239"></trkpt>
      <trkpt lat="35.460296" lon="-97.649777"></trkpt>
      <trkpt lat="35.460346" lon="-97.638626"></trkpt>
      <trkpt lat="35.460350" lon="-97.637689"></trkpt>
      <trkpt lat="35.460344" lon="-97.636725"></trkpt>
      <trkpt lat="35.460347" lon="-97.636204"></trkpt>
      <trkpt lat="35.460365" lon="-97.634359"></trkpt>
      <trkpt lat="35.460359" lon="-97.633639"></trkpt>
      <trkpt lat="35.460346" lon="-97.632795"></trkpt>
      <trkpt lat="35.460328" lon="-97.631886"></trkpt>
      <trkpt lat="35.460296" lon="-97.630709"></trkpt>
      <trkpt lat="35.460244" lon="-97.629129"></trkpt>
      <trkpt lat="35.460192" lon="-97.627652"></trkpt>
      <trkpt lat="35.460160" lon="-97.626869"></trkpt>
      <trkpt lat="35.460134" lon="-97.626062"></trkpt>
      <trkpt lat="35.460079" lon="-97.624282"></trkpt>
      <trkpt lat="35.460060" lon="-97.623651"></trkpt>
      <trkpt lat="35.460021" lon="-97.622216"></trkpt>
      <trkpt lat="35.460015" lon="-97.621151"></trkpt>
      <trkpt lat="35.460010" lon="-97.619215"></trkpt>
      <trkpt lat="35.460009" lon="-97.618512"></trkpt>
      <trkpt lat="35.459997" lon="-97.615107"></trkpt>
      <trkpt lat="35.460004" lon="-97.605676"></trkpt>
      <trkpt lat="35.460004" lon="-97.604378"></trkpt>
      <trkpt lat="35.459996" lon="-97.601481"></trkpt>
      <trkpt lat="35.459994" lon="-97.600777"></trkpt>
      <trkpt lat="35.459993" lon="-97.594497"></trkpt>
      <trkpt lat="35.459994" lon="-97.592388"></trkpt>
      <trkpt lat="35.459997" lon="-97.586766"></trkpt>
      <trkpt lat="35.459988" lon="-97.583679"></trkpt>
      <trkpt lat="35.459988" lon="-97.582982"></trkpt>
      <trkpt lat="35.459989" lon="-97.580613"></trkpt>
      <trkpt lat="35.459992" lon="-97.580194"></trkpt>
      <trkpt lat="35.459991" lon="-97.578929"></trkpt>
      <trkpt lat="35.460010" lon="-97.577771"></trkpt>
      <trkpt lat="35.460137" lon="-97.574901"></trkpt>
      <trkpt lat="35.460175" lon="-97.573727"></trkpt>
      <trkpt lat="35.460187" lon="-97.573426"></trkpt>
      <trkpt lat="35.460327" lon="-97.571036"></trkpt>
      <trkpt lat="35.460410" lon="-97.569875"></trkpt>
      <trkpt lat="35.460478" lon="-97.568694"></trkpt>
      <trkpt lat="35.460531" lon="-97.567757"></trkpt>
      <trkpt lat="35.460547" lon="-97.567391"></trkpt>
      <trkpt lat="35.460617" lon="-97.566026"></trkpt>
      <trkpt lat="35.460648" lon="-97.565168"></trkpt>
      <trkpt lat="35.460700" lon="-97.563715"></trkpt>
      <trkpt lat="35.460764" lon="-97.562455"></trkpt>
      <trkpt lat="35.460841" lon="-97.561427"></trkpt>
      <trkpt lat="35.460932" lon="-97.560447"></trkpt>
      <trkpt lat="35.460995" lon="-97.559867"></trkpt>
      <trkpt lat="35.461056" lon="-97.559358"></trkpt>
      <trkpt lat="35.461122" lon="-97.558844"></trkpt>
      <trkpt lat="35.461209" lon="-97.558196"></trkpt>
      <trkpt lat="35.461354" lon="-97.557051"></trkpt>
      <trkpt lat="35.461397" lon="-97.556672"></trkpt>
      <trkpt lat="35.461456" lon="-97.556099"></trkpt>
      <trkpt lat="35.461529" lon="-97.555214"></trkpt>
      <trkpt lat="35.461587" lon="-97.554282"></trkpt>
      <trkpt lat="35.461632" lon="-97.553014"></trkpt>
      <trkpt lat="35.461643" lon="-97.552047"></trkpt>
      <trkpt lat="35.461640" lon="-97.551345"></trkpt>
      <trkpt lat="35.461622" lon="-97.548337"></trkpt>
      <trkpt lat="35.461616" lon="-97.547465"></trkpt>
      <trkpt lat="35.461614" lon="-97.547133"></trkpt>
      <trkpt lat="35.461596" lon="-97.546204"></trkpt>
      <trkpt lat="35.461564" lon="-97.545678"></trkpt>
      <trkpt lat="35.461495" lon="-97.544973"></trkpt>
      <trkpt lat="35.461427" lon="-97.544499"></trkpt>
      <trkpt lat="35.461294" lon="-97.543811"></trkpt>
      <trkpt lat="35.461146" lon="-97.543122"></trkpt>
      <trkpt lat="35.461084" lon="-97.542880"></trkpt>
      <trkpt lat="35.460838" lon="-97.541849"></trkpt>
      <trkpt lat="35.460632" lon="-97.541015"></trkpt>
      <trkpt lat="35.460370" lon="-97.539930"></trkpt>
      <trkpt lat="35.460270" lon="-97.539517"></trkpt>
      <trkpt lat="35.460071" lon="-97.538697"></trkpt>
      <trkpt lat="35.459523" lon="-97.536407"></trkpt>
      <trkpt lat="35.459429" lon="-97.536014"></trkpt>
      <trkpt lat="35.459071" lon="-97.534556"></trkpt>
      <trkpt lat="35.458790" lon="-97.533387"></trkpt>
      <trkpt lat="35.458426" lon="-97.531881"></trkpt>
      <trkpt lat="35.458283" lon="-97.531287"></trkpt>
      <trkpt lat="35.458186" lon="-97.530890"></trkpt>
      <trkpt lat="35.458078" lon="-97.530407"></trkpt>
      <trkpt lat="35.457958" lon="-97.529894"></trkpt>
      <trkpt lat="35.457756" lon="-97.529107"></trkpt>
      <trkpt lat="35.457605" lon="-97.528455"></trkpt>
      <trkpt lat="35.457292" lon="-97.527155"></trkpt>
      <trkpt lat="35.456903" lon="-97.525565"></trkpt>
      <trkpt lat="35.456856" lon="-97.525375"></trkpt>
      <trkpt lat="35.456701" lon="-97.524727"></trkpt>
      <trkpt lat="35.456531" lon="-97.524018"></trkpt>
      <trkpt lat="35.456451" lon="-97.523579"></trkpt>
      <trkpt lat="35.456413" lon="-97.523335"></trkpt>
      <trkpt lat="35.456349" lon="-97.522943"></trkpt>
      <trkpt lat="35.456303" lon="-97.522565"></trkpt>
      <trkpt lat="35.456258" lon="-97.522195"></trkpt>
      <trkpt lat="35.456226" lon="-97.521778"></trkpt>
      <trkpt lat="35.456210" lon="-97.521401"></trkpt>
      <trkpt lat="35.456202" lon="-97.521035"></trkpt>
      <trkpt lat="35.456185" lon="-97.519662"></trkpt>
      <trkpt lat="35.456224" lon="-97.517915"></trkpt>
      <trkpt lat="35.456221" lon="-97.517490"></trkpt>
      <trkpt lat="35.456216" lon="-97.517387"></trkpt>
      <trkpt lat="35.456198" lon="-97.516338"></trkpt>
      <trkpt lat="35.456194" lon="-97.516003"></trkpt>
      <trkpt lat="35.456162" lon="-97.513650"></trkpt>
      <trkpt lat="35.456151" lon="-97.513264"></trkpt>
      <trkpt lat="35.456145" lon="-97.512835"></trkpt>
      <trkpt lat="35.456147" lon="-97.512699"></trkpt>
      <trkpt lat="35.456151" lon="-97.512480"></trkpt>
      <trkpt lat="35.456186" lon="-97.512007"></trkpt>
      <trkpt lat="35.456214" lon="-97.511705"></trkpt>
      <trkpt lat="35.456290" lon="-97.511149"></trkpt>
      <trkpt lat="35.456357" lon="-97.510762"></trkpt>
      <trkpt lat="35.456461" lon="-97.510252"></trkpt>
      <trkpt lat="35.456519" lon="-97.510016"></trkpt>
      <trkpt lat="35.456593" lon="-97.509745"></trkpt>
      <trkpt lat="35.456712" lon="-97.509366"></trkpt>
      <trkpt lat="35.456855" lon="-97.508947"></trkpt>
      <trkpt lat="35.456960" lon="-97.508677"></trkpt>
      <trkpt lat="35.457103" lon="-97.508327"></trkpt>
      <trkpt lat="35.457248" lon="-97.508018"></trkpt>
      <trkpt lat="35.457446" lon="-97.507625"></trkpt>
      <trkpt lat="35.457585" lon="-97.507372"></trkpt>
      <trkpt lat="35.457757" lon="-97.507078"></trkpt>
      <trkpt lat="35.458096" lon="-97.506568"></trkpt>
      <trkpt lat="35.458363" lon="-97.506201"></trkpt>
      <trkpt lat="35.458626" lon="-97.505884"></trkpt>
      <trkpt lat="35.458893" lon="-97.505587"></trkpt>
      <trkpt lat="35.459806" lon="-97.504579"></trkpt>
      <trkpt lat="35.460173" lon="-97.504164"></trkpt>
      <trkpt lat="35.460372" lon="-97.503934"></trkpt>
      <trkpt lat="35.460499" lon="-97.503765"></trkpt>
      <trkpt lat="35.460674" lon="-97.503523"></trkpt>
      <trkpt lat="35.460872" lon="-97.503217"></trkpt>
      <trkpt lat="35.460994" lon="-97.503028"></trkpt>
      <trkpt lat="35.461148" lon="-97.502764"></trkpt>
      <trkpt lat="35.461317" lon="-97.502431"></trkpt>
      <trkpt lat="35.461457" lon="-97.502151"></trkpt>
      <trkpt lat="35.461617" lon="-97.501767"></trkpt>
      <trkpt lat="35.461663" lon="-97.501656"></trkpt>
      <trkpt lat="35.461802" lon="-97.501276"></trkpt>
      <trkpt lat="35.461895" lon="-97.500992"></trkpt>
      <trkpt lat="35.462017" lon="-97.500521"></trkpt>
      <trkpt lat="35.462112" lon="-97.500131"></trkpt>
      <trkpt lat="35.462175" lon="-97.499809"></trkpt>
      <trkpt lat="35.462224" lon="-97.499514"></trkpt>
      <trkpt lat="35.462241" lon="-97.499361"></trkpt>
      <trkpt lat="35.462270" lon="-97.499077"></trkpt>
      <trkpt lat="35.462305" lon="-97.498692"></trkpt>
      <trkpt lat="35.462324" lon="-97.498370"></trkpt>
      <trkpt lat="35.462329" lon="-97.498085"></trkpt>
      <trkpt lat="35.462319" lon="-97.497622"></trkpt>
      <trkpt lat="35.462312" lon="-97.497360"></trkpt>
      <trkpt lat="35.462264" lon="-97.495739"></trkpt>
      <trkpt lat="35.462252" lon="-97.495026"></trkpt>
      <trkpt lat="35.462246" lon="-97.494398"></trkpt>
      <trkpt lat="35.462237" lon="-97.493966"></trkpt>
      <trkpt lat="35.462211" lon="-97.491900"></trkpt>
      <trkpt lat="35.462200" lon="-97.491093"></trkpt>
      <trkpt lat="35.462196" lon="-97.489232"></trkpt>
      <trkpt lat="35.462194" lon="-97.488056"></trkpt>
      <trkpt lat="35.462190" lon="-97.487618"></trkpt>
      <trkpt lat="35.462186" lon="-97.486744"></trkpt>
      <trkpt lat="35.462206" lon="-97.485903"></trkpt>
      <trkpt lat="35.462223" lon="-97.485502"></trkpt>
      <trkpt lat="35.462242" lon="-97.485075"></trkpt>
      <trkpt lat="35.462280" lon="-97.484407"></trkpt>
      <trkpt lat="35.462314" lon="-97.483897"></trkpt>
      <trkpt lat="35.462353" lon="-97.483326"></trkpt>
      <trkpt lat="35.462475" lon="-97.481960"></trkpt>
      <trkpt lat="35.462587" lon="-97.480699"></trkpt>
      <trkpt lat="35.462742" lon="-97.478924"></trkpt>
      <trkpt lat="35.462780" lon="-97.478452"></trkpt>
      <trkpt lat="35.462815" lon="-97.478052"></trkpt>
      <trkpt lat="35.462888" lon="-97.477224"></trkpt>
      <trkpt lat="35.462973" lon="-97.476269"></trkpt>
      <trkpt lat="35.463041" lon="-97.475451"></trkpt>
      <trkpt lat="35.463077" lon="-97.475070"></trkpt>
      <trkpt lat="35.463150" lon="-97.474272"></trkpt>
      <trkpt lat="35.463198" lon="-97.473769"></trkpt>
      <trkpt lat="35.463239" lon="-97.473444"></trkpt>
      <trkpt lat="35.463300" lon="-97.473064"></trkpt>
      <trkpt lat="35.463375" lon="-97.472695"></trkpt>
      <trkpt lat="35.463458" lon="-97.472329"></trkpt>
      <trkpt lat="35.463590" lon="-97.471987"></trkpt>
      <trkpt lat="35.463666" lon="-97.471788"></trkpt>
      <trkpt lat="35.463729" lon="-97.471627"></trkpt>
      <trkpt lat="35.463793" lon="-97.471491"></trkpt>
      <trkpt lat="35.463840" lon="-97.471388"></trkpt>
      <trkpt lat="35.463995" lon="-97.471098"></trkpt>
      <trkpt lat="35.464185" lon="-97.470787"></trkpt>
      <trkpt lat="35.464357" lon="-97.470508"></trkpt>
      <trkpt lat="35.465014" lon="-97.469443"></trkpt>
      <trkpt lat="35.465156" lon="-97.469203"></trkpt>
      <trkpt lat="35.465285" lon="-97.468940"></trkpt>
      <trkpt lat="35.465391" lon="-97.468675"></trkpt>
      <trkpt lat="35.465440" lon="-97.468527"></trkpt>
      <trkpt lat="35.465481" lon="-97.468386"></trkpt>
      <trkpt lat="35.465507" lon="-97.468276"></trkpt>
      <trkpt lat="35.465546" lon="-97.468115"></trkpt>
      <trkpt lat="35.465574" lon="-97.467954"></trkpt>
      <trkpt lat="35.465596" lon="-97.467808"></trkpt>
      <trkpt lat="35.465621" lon="-97.467560"></trkpt>
      <trkpt lat="35.465634" lon="-97.467353"></trkpt>
      <trkpt lat="35.465637" lon="-97.467196"></trkpt>
      <trkpt lat="35.465633" lon="-97.466992"></trkpt>
      <trkpt lat="35.465618" lon="-97.466802"></trkpt>
      <trkpt lat="35.465591" lon="-97.466614"></trkpt>
      <trkpt lat="35.465544" lon="-97.466337"></trkpt>
      <trkpt lat="35.465483" lon="-97.466088"></trkpt>
      <trkpt lat="35.465409" lon="-97.465839"></trkpt>
      <trkpt lat="35.465319" lon="-97.465622"></trkpt>
      <trkpt lat="35.465201" lon="-97.465359"></trkpt>
      <trkpt lat="35.464979" lon="-97.464924"></trkpt>
      <trkpt lat="35.464906" lon="-97.464775"></trkpt>
      <trkpt lat="35.464463" lon="-97.463928"></trkpt>
      <trkpt lat="35.464288" lon="-97.463638"></trkpt>
      <trkpt lat="35.463843" lon="-97.462899"></trkpt>
      <trkpt lat="35.463586" lon="-97.462499"></trkpt>
      <trkpt lat="35.463151" lon="-97.461860"></trkpt>
      <trkpt lat="35.462793" lon="-97.461360"></trkpt>
      <trkpt lat="35.462348" lon="-97.460774"></trkpt>
      <trkpt lat="35.462128" lon="-97.460507"></trkpt>
      <trkpt lat="35.460489" lon="-97.458521"></trkpt>
      <trkpt lat="35.459951" lon="-97.457833"></trkpt>
      <trkpt lat="35.459276" lon="-97.457005"></trkpt>
      <trkpt lat="35.459011" lon="-97.456689"></trkpt>
      <trkpt lat="35.458784" lon="-97.456397"></trkpt>
      <trkpt lat="35.458507" lon="-97.456008"></trkpt>
      <trkpt lat="35.458433" lon="-97.455899"></trkpt>
      <trkpt lat="35.458313" lon="-97.455715"></trkpt>
      <trkpt lat="35.458234" lon="-97.455581"></trkpt>
      <trkpt lat="35.457998" lon="-97.455162"></trkpt>
      <trkpt lat="35.457826" lon="-97.454829"></trkpt>
      <trkpt lat="35.457668" lon="-97.454486"></trkpt>
      <trkpt lat="35.457558" lon="-97.454222"></trkpt>
      <trkpt lat="35.457446" lon="-97.453953"></trkpt>
      <trkpt lat="35.457312" lon="-97.453584"></trkpt>
      <trkpt lat="35.457203" lon="-97.453252"></trkpt>
      <trkpt lat="35.457054" lon="-97.452723"></trkpt>
      <trkpt lat="35.456925" lon="-97.452171"></trkpt>
      <trkpt lat="35.456808" lon="-97.451568"></trkpt>
      <trkpt lat="35.455900" lon="-97.446866"></trkpt>
      <trkpt lat="35.455580" lon="-97.445206"></trkpt>
      <trkpt lat="35.455186" lon="-97.443162"></trkpt>
      <trkpt lat="35.455101" lon="-97.442725"></trkpt>
      <trkpt lat="35.454991" lon="-97.442247"></trkpt>
      <trkpt lat="35.454857" lon="-97.441783"></trkpt>
      <trkpt lat="35.454711" lon="-97.441338"></trkpt>
      <trkpt lat="35.454632" lon="-97.441111"></trkpt>
      <trkpt lat="35.454421" lon="-97.440593"></trkpt>
      <trkpt lat="35.454244" lon="-97.440222"></trkpt>
      <trkpt lat="35.454070" lon="-97.439897"></trkpt>
      <trkpt lat="35.453258" lon="-97.438431"></trkpt>
      <trkpt lat="35.451401" lon="-97.435110"></trkpt>
      <trkpt lat="35.451160" lon="-97.434687"></trkpt>
      <trkpt lat="35.450967" lon="-97.434343"></trkpt>
      <trkpt lat="35.449817" lon="-97.432176"></trkpt>
      <trkpt lat="35.449481" lon="-97.431534"></trkpt>
      <trkpt lat="35.448504" lon="-97.429680"></trkpt>
      <trkpt lat="35.448291" lon="-97.429288"></trkpt>
      <trkpt lat="35.447723" lon="-97.428235"></trkpt>
      <trkpt lat="35.446940" lon="-97.426788"></trkpt>
      <trkpt lat="35.446131" lon="-97.425305"></trkpt>
      <trkpt lat="35.445337" lon="-97.423848"></trkpt>
      <trkpt lat="35.445116" lon="-97.423436"></trkpt>
      <trkpt lat="35.444918" lon="-97.423077"></trkpt>
      <trkpt lat="35.444619" lon="-97.422534"></trkpt>
      <trkpt lat="35.444279" lon="-97.421960"></trkpt>
      <trkpt lat="35.443950" lon="-97.421448"></trkpt>
      <trkpt lat="35.443750" lon="-97.421154"></trkpt>
      <trkpt lat="35.443563" lon="-97.420906"></trkpt>
      <trkpt lat="35.443367" lon="-97.420616"></trkpt>
      <trkpt lat="35.442833" lon="-97.419881"></trkpt>
      <trkpt lat="35.442426" lon="-97.419322"></trkpt>
      <trkpt lat="35.441492" lon="-97.418038"></trkpt>
      <trkpt lat="35.440280" lon="-97.416397"></trkpt>
      <trkpt lat="35.440128" lon="-97.416182"></trkpt>
      <trkpt lat="35.439521" lon="-97.415318"></trkpt>
      <trkpt lat="35.438127" lon="-97.413410"></trkpt>
      <trkpt lat="35.437843" lon="-97.413050"></trkpt>
      <trkpt lat="35.437474" lon="-97.412610"></trkpt>
      <trkpt lat="35.436998" lon="-97.412090"></trkpt>
      <trkpt lat="35.436638" lon="-97.411735"></trkpt>
      <trkpt lat="35.435698" lon="-97.410860"></trkpt>
      <trkpt lat="35.435506" lon="-97.410675"></trkpt>
      <trkpt lat="35.435266" lon="-97.410412"></trkpt>
      <trkpt lat="35.435039" lon="-97.410127"></trkpt>
      <trkpt lat="35.434896" lon="-97.409928"></trkpt>
      <trkpt lat="35.434721" lon="-97.409632"></trkpt>
      <trkpt lat="35.434603" lon="-97.409386"></trkpt>
      <trkpt lat="35.434503" lon="-97.409140"></trkpt>
      <trkpt lat="35.434404" lon="-97.408856"></trkpt>
      <trkpt lat="35.434345" lon="-97.408631"></trkpt>
      <trkpt lat="35.434287" lon="-97.408353"></trkpt>
      <trkpt lat="35.434245" lon="-97.408035"></trkpt>
      <trkpt lat="35.434228" lon="-97.407825"></trkpt>
      <trkpt lat="35.434211" lon="-97.407519"></trkpt>
      <trkpt lat="35.434210" lon="-97.406940"></trkpt>
      <trkpt lat="35.434208" lon="-97.406392"></trkpt>
      <trkpt lat="35.434208" lon="-97.405629"></trkpt>
      <trkpt lat="35.434207" lon="-97.403683"></trkpt>
      <trkpt lat="35.434209" lon="-97.400657"></trkpt>
      <trkpt lat="35.434210" lon="-97.400205"></trkpt>
      <trkpt lat="35.434201" lon="-97.397184"></trkpt>
      <trkpt lat="35.434217" lon="-97.396977"></trkpt>
      <trkpt lat="35.434239" lon="-97.396733"></trkpt>
      <trkpt lat="35.434407" lon="-97.395990"></trkpt>
      <trkpt lat="35.434547" lon="-97.395567"></trkpt>
      <trkpt lat="35.434647" lon="-97.395299"></trkpt>
      <trkpt lat="35.434712" lon="-97.395094"></trkpt>
      <trkpt lat="35.434777" lon="-97.394858"></trkpt>
      <trkpt lat="35.434835" lon="-97.394623"></trkpt>
      <trkpt lat="35.434876" lon="-97.394410"></trkpt>
      <trkpt lat="35.434917" lon="-97.394117"></trkpt>
      <trkpt lat="35.434929" lon="-97.393946"></trkpt>
      <trkpt lat="35.434939" lon="-97.393729"></trkpt>
      <trkpt lat="35.434938" lon="-97.393089"></trkpt>
      <trkpt lat="35.434934" lon="-97.390741"></trkpt>
      <trkpt lat="35.434929" lon="-97.388367"></trkpt>
      <trkpt lat="35.434911" lon="-97.387542"></trkpt>
      <trkpt lat="35.434899" lon="-97.387309"></trkpt>
      <trkpt lat="35.434868" lon="-97.386804"></trkpt>
      <trkpt lat="35.434839" lon="-97.386265"></trkpt>
      <trkpt lat="35.434792" lon="-97.385521"></trkpt>
      <trkpt lat="35.434738" lon="-97.384762"></trkpt>
      <trkpt lat="35.434664" lon="-97.383538"></trkpt>
      <trkpt lat="35.434630" lon="-97.383008"></trkpt>
      <trkpt lat="35.434530" lon="-97.381463"></trkpt>
      <trkpt lat="35.434512" lon="-97.381109"></trkpt>
      <trkpt lat="35.434484" lon="-97.380673"></trkpt>
      <trkpt lat="35.434400" lon="-97.379444"></trkpt>
      <trkpt lat="35.434372" lon="-97.379210"></trkpt>
      <trkpt lat="35.434318" lon="-97.378752"></trkpt>
      <trkpt lat="35.434284" lon="-97.378518"></trkpt>
      <trkpt lat="35.434231" lon="-97.378148"></trkpt>
      <trkpt lat="35.434139" lon="-97.377683"></trkpt>
      <trkpt lat="35.434012" lon="-97.377098"></trkpt>
      <trkpt lat="35.433855" lon="-97.376528"></trkpt>
      <trkpt lat="35.433755" lon="-97.376197"></trkpt>
      <trkpt lat="35.433579" lon="-97.375668"></trkpt>
      <trkpt lat="35.432865" lon="-97.373693"></trkpt>
      <trkpt lat="35.432038" lon="-97.371405"></trkpt>
      <trkpt lat="35.431666" lon="-97.370335"></trkpt>
      <trkpt lat="35.430782" lon="-97.367862"></trkpt>
      <trkpt lat="35.429776" lon="-97.365048"></trkpt>
      <trkpt lat="35.428701" lon="-97.362092"></trkpt>
      <trkpt lat="35.428511" lon="-97.361563"></trkpt>
      <trkpt lat="35.428186" lon="-97.360655"></trkpt>
      <trkpt lat="35.427826" lon="-97.359634"></trkpt>
      <trkpt lat="35.427468" lon="-97.358585"></trkpt>
      <trkpt lat="35.426858" lon="-97.356785"></trkpt>
      <trkpt lat="35.426033" lon="-97.354247"></trkpt>
      <trkpt lat="35.425730" lon="-97.353323"></trkpt>
      <trkpt lat="35.425647" lon="-97.353064"></trkpt>
      <trkpt lat="35.419994" lon="-97.335232"></trkpt>
      <trkpt lat="35.419906" lon="-97.334953"></trkpt>
      <trkpt lat="35.418970" lon="-97.331961"></trkpt>
      <trkpt lat="35.418702" lon="-97.331123"></trkpt>
      <trkpt lat="35.418396" lon="-97.330170"></trkpt>
      <trkpt lat="35.418195" lon="-97.329536"></trkpt>
      <trkpt lat="35.415526" lon="-97.321110"></trkpt>
      <trkpt lat="35.414586" lon="-97.318180"></trkpt>
      <trkpt lat="35.414441" lon="-97.317708"></trkpt>
      <trkpt lat="35.413084" lon="-97.313450"></trkpt>
      <trkpt lat="35.412812" lon="-97.312610"></trkpt>
      <trkpt lat="35.412575" lon="-97.311903"></trkpt>
      <trkpt lat="35.412170" lon="-97.310753"></trkpt>
      <trkpt lat="35.411698" lon="-97.309452"></trkpt>
      <trkpt lat="35.411027" lon="-97.307687"></trkpt>
      <trkpt lat="35.410304" lon="-97.305877"></trkpt>
      <trkpt lat="35.409813" lon="-97.304686"></trkpt>
      <trkpt lat="35.409330" lon="-97.303552"></trkpt>
      <trkpt lat="35.408367" lon="-97.301324"></trkpt>
      <trkpt lat="35.407872" lon="-97.300196"></trkpt>
      <trkpt lat="35.407134" lon="-97.298470"></trkpt>
      <trkpt lat="35.406050" lon="-97.295965"></trkpt>
      <trkpt lat="35.405842" lon="-97.295482"></trkpt>
      <trkpt lat="35.405539" lon="-97.294781"></trkpt>
      <trkpt lat="35.404341" lon="-97.292010"></trkpt>
      <trkpt lat="35.404043" lon="-97.291334"></trkpt>
      <trkpt lat="35.403323" lon="-97.289669"></trkpt>
      <trkpt lat="35.401482" lon="-97.285408"></trkpt>
      <trkpt lat="35.399603" lon="-97.281060"></trkpt>
      <trkpt lat="35.398042" lon="-97.277443"></trkpt>
      <trkpt lat="35.394670" lon="-97.269628"></trkpt>
      <trkpt lat="35.392851" lon="-97.265405"></trkpt>
      <trkpt lat="35.392399" lon="-97.264357"></trkpt>
      <trkpt lat="35.391481" lon="-97.262223"></trkpt>
      <trkpt lat="35.390225" lon="-97.259320"></trkpt>
      <trkpt lat="35.387270" lon="-97.252459"></trkpt>
      <trkpt lat="35.387004" lon="-97.251828"></trkpt>
      <trkpt lat="35.386696" lon="-97.251028"></trkpt>
      <trkpt lat="35.386436" lon="-97.250322"></trkpt>
      <trkpt lat="35.386269" lon="-97.249821"></trkpt>
      <trkpt lat="35.386022" lon="-97.249055"></trkpt>
      <trkpt lat="35.385806" lon="-97.248317"></trkpt>
      <trkpt lat="35.385564" lon="-97.247431"></trkpt>
      <trkpt lat="35.385351" lon="-97.246538"></trkpt>
      <trkpt lat="35.385158" lon="-97.245639"></trkpt>
      <trkpt lat="35.384985" lon="-97.244731"></trkpt>
      <trkpt lat="35.384836" lon="-97.243819"></trkpt>
      <trkpt lat="35.384698" lon="-97.242791"></trkpt>
      <trkpt lat="35.384602" lon="-97.241895"></trkpt>
      <trkpt lat="35.384539" lon="-97.241174"></trkpt>
      <trkpt lat="35.384491" lon="-97.240393"></trkpt>
      <trkpt lat="35.384461" lon="-97.239944"></trkpt>
      <trkpt lat="35.384439" lon="-97.239186"></trkpt>
      <trkpt lat="35.384431" lon="-97.238518"></trkpt>
      <trkpt lat="35.384422" lon="-97.235834"></trkpt>
      <trkpt lat="35.384403" lon="-97.230644"></trkpt>
      <trkpt lat="35.384404" lon="-97.230377"></trkpt>
      <trkpt lat="35.384376" lon="-97.219714"></trkpt>
      <trkpt lat="35.384371" lon="-97.218473"></trkpt>
      <trkpt lat="35.384358" lon="-97.213274"></trkpt>
      <trkpt lat="35.384357" lon="-97.212500"></trkpt>
      <trkpt lat="35.384338" lon="-97.207121"></trkpt>
      <trkpt lat="35.384338" lon="-97.206793"></trkpt>
      <trkpt lat="35.384334" lon="-97.205123"></trkpt>
      <trkpt lat="35.384313" lon="-97.199317"></trkpt>
      <trkpt lat="35.384306" lon="-97.196558"></trkpt>
      <trkpt lat="35.384299" lon="-97.195321"></trkpt>
      <trkpt lat="35.384300" lon="-97.194913"></trkpt>
      <trkpt lat="35.384294" lon="-97.193536"></trkpt>
      <trkpt lat="35.384288" lon="-97.192896"></trkpt>
      <trkpt lat="35.384276" lon="-97.192337"></trkpt>
      <trkpt lat="35.384248" lon="-97.191375"></trkpt>
      <trkpt lat="35.384189" lon="-97.190174"></trkpt>
      <trkpt lat="35.384117" lon="-97.189114"></trkpt>
      <trkpt lat="35.384045" lon="-97.188145"></trkpt>
      <trkpt lat="35.383949" lon="-97.186499"></trkpt>
      <trkpt lat="35.383896" lon="-97.185147"></trkpt>
      <trkpt lat="35.383862" lon="-97.183831"></trkpt>
      <trkpt lat="35.383860" lon="-97.183531"></trkpt>
      <trkpt lat="35.383840" lon="-97.181045"></trkpt>
      <trkpt lat="35.383828" lon="-97.176889"></trkpt>
      <trkpt lat="35.383861" lon="-97.173744"></trkpt>
      <trkpt lat="35.383886" lon="-97.173182"></trkpt>
      <trkpt lat="35.383985" lon="-97.171302"></trkpt>
      <trkpt lat="35.384049" lon="-97.170320"></trkpt>
      <trkpt lat="35.384095" lon="-97.169503"></trkpt>
      <trkpt lat="35.384122" lon="-97.168823"></trkpt>
      <trkpt lat="35.384159" lon="-97.167926"></trkpt>
      <trkpt lat="35.384179" lon="-97.167050"></trkpt>
      <trkpt lat="35.384193" lon="-97.166102"></trkpt>
      <trkpt lat="35.384196" lon="-97.165116"></trkpt>
      <trkpt lat="35.384198" lon="-97.164281"></trkpt>
      <trkpt lat="35.384191" lon="-97.161042"></trkpt>
      <trkpt lat="35.384189" lon="-97.160566"></trkpt>
      <trkpt lat="35.384186" lon="-97.159906"></trkpt>
      <trkpt lat="35.384185" lon="-97.159637"></trkpt>
      <trkpt lat="35.384102" lon="-97.142070"></trkpt>
      <trkpt lat="35.384047" lon="-97.124983"></trkpt>
      <trkpt lat="35.384045" lon="-97.124722"></trkpt>
      <trkpt lat="35.383969" lon="-97.108967"></trkpt>
      <trkpt lat="35.383944" lon="-97.107844"></trkpt>
      <trkpt lat="35.383918" lon="-97.107305"></trkpt>
      <trkpt lat="35.383909" lon="-97.107032"></trkpt>
      <trkpt lat="35.383899" lon="-97.106719"></trkpt>
      <trkpt lat="35.383845" lon="-97.105645"></trkpt>
      <trkpt lat="35.383754" lon="-97.104203"></trkpt>
      <trkpt lat="35.383686" lon="-97.103054"></trkpt>
      <trkpt lat="35.383643" lon="-97.102165"></trkpt>
      <trkpt lat="35.383608" lon="-97.101099"></trkpt>
      <trkpt lat="35.383591" lon="-97.100299"></trkpt>
      <trkpt lat="35.383600" lon="-97.099564"></trkpt>
      <trkpt lat="35.383624" lon="-97.098734"></trkpt>
      <trkpt lat="35.383669" lon="-97.097662"></trkpt>
      <trkpt lat="35.383738" lon="-97.096461"></trkpt>
      <trkpt lat="35.383788" lon="-97.095385"></trkpt>
      <trkpt lat="35.383824" lon="-97.094625"></trkpt>
      <trkpt lat="35.383848" lon="-97.093970"></trkpt>
      <trkpt lat="35.383888" lon="-97.091681"></trkpt>
      <trkpt lat="35.383886" lon="-97.089654"></trkpt>
      <trkpt lat="35.383886" lon="-97.089289"></trkpt>
      <trkpt lat="35.383870" lon="-97.086538"></trkpt>
      <trkpt lat="35.383865" lon="-97.086101"></trkpt>
      <trkpt lat="35.383840" lon="-97.083827"></trkpt>
      <trkpt lat="35.383798" lon="-97.082729"></trkpt>
      <trkpt lat="35.383770" lon="-97.082073"></trkpt>
      <trkpt lat="35.383741" lon="-97.081421"></trkpt>
      <trkpt lat="35.383636" lon="-97.080010"></trkpt>
      <trkpt lat="35.383505" lon="-97.078581"></trkpt>
      <trkpt lat="35.383321" lon="-97.076979"></trkpt>
      <trkpt lat="35.383189" lon="-97.075903"></trkpt>
      <trkpt lat="35.383054" lon="-97.074983"></trkpt>
      <trkpt lat="35.382834" lon="-97.073668"></trkpt>
      <trkpt lat="35.382596" lon="-97.072358"></trkpt>
      <trkpt lat="35.382488" lon="-97.071794"></trkpt>
      <trkpt lat="35.382430" lon="-97.071503"></trkpt>
      <trkpt lat="35.382247" lon="-97.070677"></trkpt>
      <trkpt lat="35.381921" lon="-97.069282"></trkpt>
      <trkpt lat="35.381727" lon="-97.068493"></trkpt>
      <trkpt lat="35.381427" lon="-97.067305"></trkpt>
      <trkpt lat="35.381080" lon="-97.066119"></trkpt>
      <trkpt lat="35.380804" lon="-97.065195"></trkpt>
      <trkpt lat="35.380237" lon="-97.063468"></trkpt>
      <trkpt lat="35.379632" lon="-97.061747"></trkpt>
      <trkpt lat="35.379484" lon="-97.061373"></trkpt>
      <trkpt lat="35.378801" lon="-97.059643"></trkpt>
      <trkpt lat="35.378716" lon="-97.059429"></trkpt>
      <trkpt lat="35.378180" lon="-97.057974"></trkpt>
      <trkpt lat="35.377835" lon="-97.056903"></trkpt>
      <trkpt lat="35.377492" lon="-97.055705"></trkpt>
      <trkpt lat="35.377268" lon="-97.054833"></trkpt>
      <trkpt lat="35.377184" lon="-97.054508"></trkpt>
      <trkpt lat="35.377066" lon="-97.053951"></trkpt>
      <trkpt lat="35.376794" lon="-97.052483"></trkpt>
      <trkpt lat="35.376665" lon="-97.051643"></trkpt>
      <trkpt lat="35.376558" lon="-97.050811"></trkpt>
      <trkpt lat="35.376450" lon="-97.049679"></trkpt>
      <trkpt lat="35.376374" lon="-97.048609"></trkpt>
      <trkpt lat="35.376346" lon="-97.047863"></trkpt>
      <trkpt lat="35.376327" lon="-97.046833"></trkpt>
      <trkpt lat="35.376339" lon="-97.046006"></trkpt>
      <trkpt lat="35.376361" lon="-97.045279"></trkpt>
      <trkpt lat="35.376393" lon="-97.044697"></trkpt>
      <trkpt lat="35.376436" lon="-97.044142"></trkpt>
      <trkpt lat="35.376509" lon="-97.043288"></trkpt>
      <trkpt lat="35.376624" lon="-97.042261"></trkpt>
      <trkpt lat="35.376763" lon="-97.041344"></trkpt>
      <trkpt lat="35.377173" lon="-97.038883"></trkpt>
      <trkpt lat="35.377596" lon="-97.036357"></trkpt>
      <trkpt lat="35.377670" lon="-97.035921"></trkpt>
      <trkpt lat="35.377743" lon="-97.035487"></trkpt>
      <trkpt lat="35.378515" lon="-97.030911"></trkpt>
      <trkpt lat="35.378748" lon="-97.029516"></trkpt>
      <trkpt lat="35.378962" lon="-97.028233"></trkpt>
      <trkpt lat="35.380604" lon="-97.018488"></trkpt>
      <trkpt lat="35.380642" lon="-97.018259"></trkpt>
      <trkpt lat="35.382063" lon="-97.009706"></trkpt>
      <trkpt lat="35.382167" lon="-97.009079"></trkpt>
      <trkpt lat="35.382337" lon="-97.008050"></trkpt>
      <trkpt lat="35.382630" lon="-97.006274"></trkpt>
      <trkpt lat="35.383024" lon="-97.003935"></trkpt>
      <trkpt lat="35.383150" lon="-97.003057"></trkpt>
      <trkpt lat="35.383274" lon="-97.002128"></trkpt>
      <trkpt lat="35.383349" lon="-97.001454"></trkpt>
      <trkpt lat="35.383400" lon="-97.000937"></trkpt>
      <trkpt lat="35.383456" lon="-97.000346"></trkpt>
      <trkpt lat="35.383494" lon="-96.999713"></trkpt>
      <trkpt lat="35.383532" lon="-96.999054"></trkpt>
      <trkpt lat="35.383548" lon="-96.998788"></trkpt>
      <trkpt lat="35.383590" lon="-96.997807"></trkpt>
      <trkpt lat="35.383608" lon="-96.995319"></trkpt>
      <trkpt lat="35.383815" lon="-96.965347"></trkpt>
      <trkpt lat="35.383818" lon="-96.965100"></trkpt>
      <trkpt lat="35.383825" lon="-96.964311"></trkpt>
      <trkpt lat="35.383805" lon="-96.962087"></trkpt>
      <trkpt lat="35.383770" lon="-96.960622"></trkpt>
      <trkpt lat="35.383657" lon="-96.958133"></trkpt>
      <trkpt lat="35.383596" lon="-96.956910"></trkpt>
      <trkpt lat="35.383552" lon="-96.955687"></trkpt>
      <trkpt lat="35.383493" lon="-96.953131"></trkpt>
      <trkpt lat="35.383520" lon="-96.951120"></trkpt>
      <trkpt lat="35.383694" lon="-96.943180"></trkpt>
      <trkpt lat="35.383792" lon="-96.938848"></trkpt>
      <trkpt lat="35.383842" lon="-96.935769"></trkpt>
      <trkpt lat="35.383834" lon="-96.934411"></trkpt>
      <trkpt lat="35.383839" lon="-96.933520"></trkpt>
      <trkpt lat="35.383855" lon="-96.930048"></trkpt>
      <trkpt lat="35.383848" lon="-96.929486"></trkpt>
      <trkpt lat="35.383832" lon="-96.925768"></trkpt>
      <trkpt lat="35.383834" lon="-96.924506"></trkpt>
      <trkpt lat="35.383819" lon="-96.922054"></trkpt>
      <trkpt lat="35.383796" lon="-96.917103"></trkpt>
      <trkpt lat="35.383792" lon="-96.916491"></trkpt>
      <trkpt lat="35.383794" lon="-96.915903"></trkpt>
      <trkpt lat="35.383793" lon="-96.915706"></trkpt>
      <trkpt lat="35.383778" lon="-96.912597"></trkpt>
      <trkpt lat="35.383777" lon="-96.912155"></trkpt>
      <trkpt lat="35.383776" lon="-96.911591"></trkpt>
      <trkpt lat="35.383763" lon="-96.908931"></trkpt>
      <trkpt lat="35.383756" lon="-96.906752"></trkpt>
      <trkpt lat="35.383748" lon="-96.905340"></trkpt>
      <trkpt lat="35.383734" lon="-96.902038"></trkpt>
      <trkpt lat="35.383726" lon="-96.898723"></trkpt>
      <trkpt lat="35.383724" lon="-96.898348"></trkpt>
      <trkpt lat="35.383730" lon="-96.897473"></trkpt>
      <trkpt lat="35.383751" lon="-96.896483"></trkpt>
      <trkpt lat="35.383780" lon="-96.895475"></trkpt>
      <trkpt lat="35.383822" lon="-96.894537"></trkpt>
      <trkpt lat="35.383882" lon="-96.893414"></trkpt>
      <trkpt lat="35.383918" lon="-96.892831"></trkpt>
      <trkpt lat="35.383961" lon="-96.892271"></trkpt>
      <trkpt lat="35.384048" lon="-96.891211"></trkpt>
      <trkpt lat="35.384155" lon="-96.890005"></trkpt>
      <trkpt lat="35.384255" lon="-96.889070"></trkpt>
      <trkpt lat="35.384371" lon="-96.888084"></trkpt>
      <trkpt lat="35.384501" lon="-96.887082"></trkpt>
      <trkpt lat="35.384653" lon="-96.885950"></trkpt>
      <trkpt lat="35.384793" lon="-96.885034"></trkpt>
      <trkpt lat="35.385055" lon="-96.883461"></trkpt>
      <trkpt lat="35.385393" lon="-96.881493"></trkpt>
      <trkpt lat="35.385922" lon="-96.878381"></trkpt>
      <trkpt lat="35.386223" lon="-96.876669"></trkpt>
      <trkpt lat="35.386681" lon="-96.874107"></trkpt>
      <trkpt lat="35.387162" lon="-96.871550"></trkpt>
      <trkpt lat="35.387769" lon="-96.868447"></trkpt>
      <trkpt lat="35.388241" lon="-96.866168"></trkpt>
      <trkpt lat="35.388474" lon="-96.865043"></trkpt>
      <trkpt lat="35.389125" lon="-96.861900"></trkpt>
      <trkpt lat="35.389402" lon="-96.860499"></trkpt>
      <trkpt lat="35.389543" lon="-96.859777"></trkpt>
      <trkpt lat="35.389693" lon="-96.858905"></trkpt>
      <trkpt lat="35.389834" lon="-96.857919"></trkpt>
      <trkpt lat="35.389942" lon="-96.857072"></trkpt>
      <trkpt lat="35.390010" lon="-96.856414"></trkpt>
      <trkpt lat="35.390072" lon="-96.855605"></trkpt>
      <trkpt lat="35.390114" lon="-96.854979"></trkpt>
      <trkpt lat="35.390155" lon="-96.854102"></trkpt>
      <trkpt lat="35.390171" lon="-96.853386"></trkpt>
      <trkpt lat="35.390175" lon="-96.852550"></trkpt>
      <trkpt lat="35.390165" lon="-96.851918"></trkpt>
      <trkpt lat="35.390149" lon="-96.851416"></trkpt>
      <trkpt lat="35.390116" lon="-96.850659"></trkpt>
      <trkpt lat="35.390083" lon="-96.850139"></trkpt>
      <trkpt lat="35.390044" lon="-96.849571"></trkpt>
      <trkpt lat="35.389969" lon="-96.848760"></trkpt>
      <trkpt lat="35.389912" lon="-96.848226"></trkpt>
      <trkpt lat="35.389820" lon="-96.847533"></trkpt>
      <trkpt lat="35.389710" lon="-96.846774"></trkpt>
      <trkpt lat="35.389550" lon="-96.845833"></trkpt>
      <trkpt lat="35.389354" lon="-96.844795"></trkpt>
      <trkpt lat="35.389105" lon="-96.843615"></trkpt>
      <trkpt lat="35.387726" lon="-96.836912"></trkpt>
      <trkpt lat="35.387006" lon="-96.833390"></trkpt>
      <trkpt lat="35.386063" lon="-96.828784"></trkpt>
      <trkpt lat="35.385559" lon="-96.826370"></trkpt>
      <trkpt lat="35.385282" lon="-96.824957"></trkpt>
      <trkpt lat="35.385055" lon="-96.823656"></trkpt>
      <trkpt lat="35.384916" lon="-96.822756"></trkpt>
      <trkpt lat="35.384782" lon="-96.821859"></trkpt>
      <trkpt lat="35.384639" lon="-96.820885"></trkpt>
      <trkpt lat="35.384458" lon="-96.819162"></trkpt>
      <trkpt lat="35.384337" lon="-96.817791"></trkpt>
      <trkpt lat="35.384241" lon="-96.816374"></trkpt>
      <trkpt lat="35.384177" lon="-96.815073"></trkpt>
      <trkpt lat="35.384137" lon="-96.813793"></trkpt>
      <trkpt lat="35.384119" lon="-96.812525"></trkpt>
      <trkpt lat="35.384099" lon="-96.811092"></trkpt>
      <trkpt lat="35.384055" lon="-96.807294"></trkpt>
      <trkpt lat="35.384053" lon="-96.806864"></trkpt>
      <trkpt lat="35.384008" lon="-96.802226"></trkpt>
      <trkpt lat="35.383933" lon="-96.795810"></trkpt>
      <trkpt lat="35.383859" lon="-96.789511"></trkpt>
      <trkpt lat="35.383857" lon="-96.789262"></trkpt>
      <trkpt lat="35.383817" lon="-96.785748"></trkpt>
      <trkpt lat="35.383825" lon="-96.783711"></trkpt>
      <trkpt lat="35.383842" lon="-96.782029"></trkpt>
      <trkpt lat="35.383896" lon="-96.779785"></trkpt>
      <trkpt lat="35.383969" lon="-96.777526"></trkpt>
      <trkpt lat="35.384003" lon="-96.776736"></trkpt>
      <trkpt lat="35.384104" lon="-96.773931"></trkpt>
      <trkpt lat="35.384188" lon="-96.771132"></trkpt>
      <trkpt lat="35.384223" lon="-96.769683"></trkpt>
      <trkpt lat="35.384252" lon="-96.768242"></trkpt>
      <trkpt lat="35.384273" lon="-96.767064"></trkpt>
      <trkpt lat="35.384306" lon="-96.763144"></trkpt>
      <trkpt lat="35.384308" lon="-96.761137"></trkpt>
      <trkpt lat="35.384309" lon="-96.759430"></trkpt>
      <trkpt lat="35.384297" lon="-96.744096"></trkpt>
      <trkpt lat="35.384302" lon="-96.741834"></trkpt>
      <trkpt lat="35.384298" lon="-96.741499"></trkpt>
      <trkpt lat="35.384273" lon="-96.738666"></trkpt>
      <trkpt lat="35.384232" lon="-96.737190"></trkpt>
      <trkpt lat="35.384207" lon="-96.736427"></trkpt>
      <trkpt lat="35.384171" lon="-96.735664"></trkpt>
      <trkpt lat="35.384101" lon="-96.734302"></trkpt>
      <trkpt lat="35.384013" lon="-96.732970"></trkpt>
      <trkpt lat="35.383952" lon="-96.731995"></trkpt>
      <trkpt lat="35.383920" lon="-96.731359"></trkpt>
      <trkpt lat="35.383880" lon="-96.730256"></trkpt>
      <trkpt lat="35.383862" lon="-96.729686"></trkpt>
      <trkpt lat="35.383852" lon="-96.729125"></trkpt>
      <trkpt lat="35.383858" lon="-96.727313"></trkpt>
      <trkpt lat="35.383860" lon="-96.726893"></trkpt>
      <trkpt lat="35.383871" lon="-96.726359"></trkpt>
      <trkpt lat="35.383928" lon="-96.724406"></trkpt>
      <trkpt lat="35.383981" lon="-96.722519"></trkpt>
      <trkpt lat="35.384152" lon="-96.716920"></trkpt>
      <trkpt lat="35.384192" lon="-96.715521"></trkpt>
      <trkpt lat="35.384197" lon="-96.713745"></trkpt>
      <trkpt lat="35.384177" lon="-96.712131"></trkpt>
      <trkpt lat="35.384150" lon="-96.710943"></trkpt>
      <trkpt lat="35.384100" lon="-96.709760"></trkpt>
      <trkpt lat="35.384028" lon="-96.708383"></trkpt>
      <trkpt lat="35.383982" lon="-96.707678"></trkpt>
      <trkpt lat="35.383926" lon="-96.706779"></trkpt>
      <trkpt lat="35.383857" lon="-96.705822"></trkpt>
      <trkpt lat="35.383795" lon="-96.704665"></trkpt>
      <trkpt lat="35.383759" lon="-96.703740"></trkpt>
      <trkpt lat="35.383726" lon="-96.702767"></trkpt>
      <trkpt lat="35.383712" lon="-96.702176"></trkpt>
      <trkpt lat="35.383703" lon="-96.701027"></trkpt>
      <trkpt lat="35.383694" lon="-96.700233"></trkpt>
      <trkpt lat="35.383704" lon="-96.699453"></trkpt>
      <trkpt lat="35.383738" lon="-96.697913"></trkpt>
      <trkpt lat="35.383797" lon="-96.696535"></trkpt>
      <trkpt lat="35.383891" lon="-96.694812"></trkpt>
      <trkpt lat="35.384065" lon="-96.692558"></trkpt>
      <trkpt lat="35.384161" lon="-96.691431"></trkpt>
      <trkpt lat="35.384217" lon="-96.690594"></trkpt>
      <trkpt lat="35.384258" lon="-96.689844"></trkpt>
      <trkpt lat="35.384284" lon="-96.689214"></trkpt>
      <trkpt lat="35.384299" lon="-96.688703"></trkpt>
      <trkpt lat="35.384304" lon="-96.688115"></trkpt>
      <trkpt lat="35.384305" lon="-96.687473"></trkpt>
      <trkpt lat="35.384301" lon="-96.686996"></trkpt>
      <trkpt lat="35.384287" lon="-96.686199"></trkpt>
      <trkpt lat="35.384250" lon="-96.685384"></trkpt>
      <trkpt lat="35.384194" lon="-96.684366"></trkpt>
      <trkpt lat="35.384149" lon="-96.683797"></trkpt>
      <trkpt lat="35.384085" lon="-96.683071"></trkpt>
      <trkpt lat="35.383890" lon="-96.681330"></trkpt>
      <trkpt lat="35.383804" lon="-96.680451"></trkpt>
      <trkpt lat="35.383703" lon="-96.679297"></trkpt>
      <trkpt lat="35.383653" lon="-96.678572"></trkpt>
      <trkpt lat="35.383612" lon="-96.677829"></trkpt>
      <trkpt lat="35.383541" lon="-96.676366"></trkpt>
      <trkpt lat="35.383512" lon="-96.675147"></trkpt>
      <trkpt lat="35.383495" lon="-96.671727"></trkpt>
      <trkpt lat="35.383491" lon="-96.671178"></trkpt>
      <trkpt lat="35.383479" lon="-96.669358"></trkpt>
      <trkpt lat="35.383471" lon="-96.666865"></trkpt>
      <trkpt lat="35.383469" lon="-96.666488"></trkpt>
      <trkpt lat="35.383458" lon="-96.663303"></trkpt>
      <trkpt lat="35.383453" lon="-96.661876"></trkpt>
      <trkpt lat="35.383438" lon="-96.657659"></trkpt>
      <trkpt lat="35.383449" lon="-96.656522"></trkpt>
      <trkpt lat="35.383473" lon="-96.655379"></trkpt>
      <trkpt lat="35.383503" lon="-96.654262"></trkpt>
      <trkpt lat="35.383549" lon="-96.653251"></trkpt>
      <trkpt lat="35.383591" lon="-96.652470"></trkpt>
      <trkpt lat="35.383639" lon="-96.651695"></trkpt>
      <trkpt lat="35.383719" lon="-96.650627"></trkpt>
      <trkpt lat="35.383913" lon="-96.648455"></trkpt>
      <trkpt lat="35.384048" lon="-96.647273"></trkpt>
      <trkpt lat="35.384144" lon="-96.646493"></trkpt>
      <trkpt lat="35.384249" lon="-96.645721"></trkpt>
      <trkpt lat="35.385219" lon="-96.638570"></trkpt>
      <trkpt lat="35.385330" lon="-96.637753"></trkpt>
      <trkpt lat="35.385490" lon="-96.636491"></trkpt>
      <trkpt lat="35.385649" lon="-96.634704"></trkpt>
      <trkpt lat="35.385689" lon="-96.634057"></trkpt>
      <trkpt lat="35.385743" lon="-96.632609"></trkpt>
      <trkpt lat="35.385752" lon="-96.631695"></trkpt>
      <trkpt lat="35.385743" lon="-96.630824"></trkpt>
      <trkpt lat="35.385721" lon="-96.629949"></trkpt>
      <trkpt lat="35.385678" lon="-96.629130"></trkpt>
      <trkpt lat="35.385626" lon="-96.628365"></trkpt>
      <trkpt lat="35.385536" lon="-96.627327"></trkpt>
      <trkpt lat="35.385326" lon="-96.625293"></trkpt>
      <trkpt lat="35.385260" lon="-96.624565"></trkpt>
      <trkpt lat="35.385186" lon="-96.623709"></trkpt>
      <trkpt lat="35.385111" lon="-96.622771"></trkpt>
      <trkpt lat="35.385005" lon="-96.621173"></trkpt>
      <trkpt lat="35.384912" lon="-96.619578"></trkpt>
      <trkpt lat="35.384865" lon="-96.618334"></trkpt>
      <trkpt lat="35.384852" lon="-96.617926"></trkpt>
      <trkpt lat="35.384828" lon="-96.617375"></trkpt>
      <trkpt lat="35.384794" lon="-96.615808"></trkpt>
      <trkpt lat="35.384780" lon="-96.614230"></trkpt>
      <trkpt lat="35.384774" lon="-96.613248"></trkpt>
      <trkpt lat="35.384778" lon="-96.611353"></trkpt>
      <trkpt lat="35.384776" lon="-96.608249"></trkpt>
      <trkpt lat="35.384770" lon="-96.606055"></trkpt>
      <trkpt lat="35.384775" lon="-96.600805"></trkpt>
      <trkpt lat="35.384773" lon="-96.600326"></trkpt>
      <trkpt lat="35.384767" lon="-96.597097"></trkpt>
      <trkpt lat="35.384762" lon="-96.594252"></trkpt>
      <trkpt lat="35.384755" lon="-96.591880"></trkpt>
      <trkpt lat="35.384749" lon="-96.590363"></trkpt>
      <trkpt lat="35.384716" lon="-96.587656"></trkpt>
      <trkpt lat="35.384683" lon="-96.585865"></trkpt>
      <trkpt lat="35.384628" lon="-96.583618"></trkpt>
      <trkpt lat="35.384478" lon="-96.579359"></trkpt>
      <trkpt lat="35.383933" lon="-96.567764"></trkpt>
      <trkpt lat="35.383824" lon="-96.565447"></trkpt>
      <trkpt lat="35.383807" lon="-96.564971"></trkpt>
      <trkpt lat="35.383718" lon="-96.563407"></trkpt>
      <trkpt lat="35.383630" lon="-96.562127"></trkpt>
      <trkpt lat="35.383507" lon="-96.560704"></trkpt>
      <trkpt lat="35.383353" lon="-96.559262"></trkpt>
      <trkpt lat="35.383252" lon="-96.558388"></trkpt>
      <trkpt lat="35.383118" lon="-96.557303"></trkpt>
      <trkpt lat="35.382975" lon="-96.556252"></trkpt>
      <trkpt lat="35.382789" lon="-96.555061"></trkpt>
      <trkpt lat="35.382699" lon="-96.554498"></trkpt>
      <trkpt lat="35.382580" lon="-96.553811"></trkpt>
      <trkpt lat="35.382360" lon="-96.552600"></trkpt>
      <trkpt lat="35.382238" lon="-96.551994"></trkpt>
      <trkpt lat="35.382101" lon="-96.551331"></trkpt>
      <trkpt lat="35.381940" lon="-96.550562"></trkpt>
      <trkpt lat="35.381783" lon="-96.549822"></trkpt>
      <trkpt lat="35.381659" lon="-96.549296"></trkpt>
      <trkpt lat="35.381421" lon="-96.548225"></trkpt>
      <trkpt lat="35.381210" lon="-96.547193"></trkpt>
      <trkpt lat="35.380909" lon="-96.545511"></trkpt>
      <trkpt lat="35.380726" lon="-96.544287"></trkpt>
      <trkpt lat="35.380593" lon="-96.543247"></trkpt>
      <trkpt lat="35.380469" lon="-96.542198"></trkpt>
      <trkpt lat="35.380347" lon="-96.540874"></trkpt>
      <trkpt lat="35.380267" lon="-96.539736"></trkpt>
      <trkpt lat="35.380222" lon="-96.538939"></trkpt>
      <trkpt lat="35.380194" lon="-96.538171"></trkpt>
      <trkpt lat="35.380166" lon="-96.537152"></trkpt>
      <trkpt lat="35.380166" lon="-96.535611"></trkpt>
      <trkpt lat="35.380176" lon="-96.534765"></trkpt>
      <trkpt lat="35.380193" lon="-96.534039"></trkpt>
      <trkpt lat="35.380229" lon="-96.533230"></trkpt>
      <trkpt lat="35.380297" lon="-96.532107"></trkpt>
      <trkpt lat="35.380351" lon="-96.531389"></trkpt>
      <trkpt lat="35.380413" lon="-96.530722"></trkpt>
      <trkpt lat="35.380490" lon="-96.529966"></trkpt>
      <trkpt lat="35.380529" lon="-96.529609"></trkpt>
      <trkpt lat="35.380605" lon="-96.528926"></trkpt>
      <trkpt lat="35.380717" lon="-96.528090"></trkpt>
      <trkpt lat="35.380919" lon="-96.526771"></trkpt>
      <trkpt lat="35.381121" lon="-96.525526"></trkpt>
      <trkpt lat="35.381299" lon="-96.524480"></trkpt>
      <trkpt lat="35.381488" lon="-96.523347"></trkpt>
      <trkpt lat="35.381869" lon="-96.521103"></trkpt>
      <trkpt lat="35.382446" lon="-96.517637"></trkpt>
      <trkpt lat="35.382949" lon="-96.514667"></trkpt>
      <trkpt lat="35.383446" lon="-96.511701"></trkpt>
      <trkpt lat="35.383938" lon="-96.508808"></trkpt>
      <trkpt lat="35.384400" lon="-96.505995"></trkpt>
      <trkpt lat="35.384605" lon="-96.504765"></trkpt>
      <trkpt lat="35.384829" lon="-96.503234"></trkpt>
      <trkpt lat="35.384927" lon="-96.502488"></trkpt>
      <trkpt lat="35.385053" lon="-96.501398"></trkpt>
      <trkpt lat="35.385134" lon="-96.500567"></trkpt>
      <trkpt lat="35.385189" lon="-96.499912"></trkpt>
      <trkpt lat="35.385247" lon="-96.499084"></trkpt>
      <trkpt lat="35.385281" lon="-96.498473"></trkpt>
      <trkpt lat="35.385307" lon="-96.498019"></trkpt>
      <trkpt lat="35.385325" lon="-96.497623"></trkpt>
      <trkpt lat="35.385345" lon="-96.496936"></trkpt>
      <trkpt lat="35.385363" lon="-96.495933"></trkpt>
      <trkpt lat="35.385364" lon="-96.494900"></trkpt>
      <trkpt lat="35.385337" lon="-96.493403"></trkpt>
      <trkpt lat="35.385278" lon="-96.492147"></trkpt>
      <trkpt lat="35.385215" lon="-96.491156"></trkpt>
      <trkpt lat="35.384956" lon="-96.487272"></trkpt>
      <trkpt lat="35.384714" lon="-96.483417"></trkpt>
      <trkpt lat="35.384621" lon="-96.481211"></trkpt>
      <trkpt lat="35.384570" lon="-96.478999"></trkpt>
      <trkpt lat="35.384561" lon="-96.477652"></trkpt>
      <trkpt lat="35.384562" lon="-96.476903"></trkpt>
      <trkpt lat="35.384564" lon="-96.476557"></trkpt>
      <trkpt lat="35.384567" lon="-96.475895"></trkpt>
      <trkpt lat="35.384602" lon="-96.474157"></trkpt>
      <trkpt lat="35.384657" lon="-96.472490"></trkpt>
      <trkpt lat="35.384741" lon="-96.470807"></trkpt>
      <trkpt lat="35.384877" lon="-96.468721"></trkpt>
      <trkpt lat="35.384961" lon="-96.467635"></trkpt>
      <trkpt lat="35.385049" lon="-96.466562"></trkpt>
      <trkpt lat="35.385203" lon="-96.465038"></trkpt>
      <trkpt lat="35.385307" lon="-96.464094"></trkpt>
      <trkpt lat="35.385416" lon="-96.463150"></trkpt>
      <trkpt lat="35.385950" lon="-96.459321"></trkpt>
      <trkpt lat="35.386050" lon="-96.458618"></trkpt>
      <trkpt lat="35.386433" lon="-96.455929"></trkpt>
      <trkpt lat="35.386589" lon="-96.454896"></trkpt>
      <trkpt lat="35.386789" lon="-96.453494"></trkpt>
      <trkpt lat="35.386884" lon="-96.452776"></trkpt>
      <trkpt lat="35.386970" lon="-96.452045"></trkpt>
      <trkpt lat="35.387043" lon="-96.451255"></trkpt>
      <trkpt lat="35.387104" lon="-96.450522"></trkpt>
      <trkpt lat="35.387165" lon="-96.449557"></trkpt>
      <trkpt lat="35.387203" lon="-96.448771"></trkpt>
      <trkpt lat="35.387233" lon="-96.447848"></trkpt>
      <trkpt lat="35.387246" lon="-96.447181"></trkpt>
      <trkpt lat="35.387246" lon="-96.446495"></trkpt>
      <trkpt lat="35.387231" lon="-96.445524"></trkpt>
      <trkpt lat="35.387197" lon="-96.444559"></trkpt>
      <trkpt lat="35.387162" lon="-96.443849"></trkpt>
      <trkpt lat="35.387087" lon="-96.442764"></trkpt>
      <trkpt lat="35.386996" lon="-96.441730"></trkpt>
      <trkpt lat="35.386901" lon="-96.440623"></trkpt>
      <trkpt lat="35.386717" lon="-96.438542"></trkpt>
      <trkpt lat="35.386615" lon="-96.437411"></trkpt>
      <trkpt lat="35.386290" lon="-96.433744"></trkpt>
      <trkpt lat="35.386212" lon="-96.432887"></trkpt>
      <trkpt lat="35.386002" lon="-96.430537"></trkpt>
      <trkpt lat="35.385953" lon="-96.429883"></trkpt>
      <trkpt lat="35.385921" lon="-96.429240"></trkpt>
      <trkpt lat="35.385884" lon="-96.428357"></trkpt>
      <trkpt lat="35.385878" lon="-96.427567"></trkpt>
      <trkpt lat="35.385884" lon="-96.426555"></trkpt>
      <trkpt lat="35.385906" lon="-96.425892"></trkpt>
      <trkpt lat="35.385952" lon="-96.424974"></trkpt>
      <trkpt lat="35.386030" lon="-96.424006"></trkpt>
      <trkpt lat="35.386062" lon="-96.423669"></trkpt>
      <trkpt lat="35.386094" lon="-96.423343"></trkpt>
      <trkpt lat="35.386162" lon="-96.422704"></trkpt>
      <trkpt lat="35.386255" lon="-96.421979"></trkpt>
      <trkpt lat="35.386336" lon="-96.421431"></trkpt>
      <trkpt lat="35.386440" lon="-96.420805"></trkpt>
      <trkpt lat="35.386625" lon="-96.419804"></trkpt>
      <trkpt lat="35.386777" lon="-96.419065"></trkpt>
      <trkpt lat="35.386950" lon="-96.418320"></trkpt>
      <trkpt lat="35.387155" lon="-96.417508"></trkpt>
      <trkpt lat="35.387371" lon="-96.416729"></trkpt>
      <trkpt lat="35.387530" lon="-96.416199"></trkpt>
      <trkpt lat="35.387728" lon="-96.415551"></trkpt>
      <trkpt lat="35.387982" lon="-96.414801"></trkpt>
      <trkpt lat="35.388357" lon="-96.413785"></trkpt>
      <trkpt lat="35.388607" lon="-96.413147"></trkpt>
      <trkpt lat="35.388825" lon="-96.412621"></trkpt>
      <trkpt lat="35.390784" lon="-96.408213"></trkpt>
      <trkpt lat="35.391641" lon="-96.406301"></trkpt>
      <trkpt lat="35.392048" lon="-96.405389"></trkpt>
      <trkpt lat="35.393444" lon="-96.402262"></trkpt>
      <trkpt lat="35.395690" lon="-96.397226"></trkpt>
      <trkpt lat="35.396077" lon="-96.396322"></trkpt>
      <trkpt lat="35.396706" lon="-96.394926"></trkpt>
      <trkpt lat="35.397160" lon="-96.393908"></trkpt>
      <trkpt lat="35.397631" lon="-96.392849"></trkpt>
      <trkpt lat="35.398355" lon="-96.391211"></trkpt>
      <trkpt lat="35.398711" lon="-96.390367"></trkpt>
      <trkpt lat="35.399118" lon="-96.389365"></trkpt>
      <trkpt lat="35.399677" lon="-96.387880"></trkpt>
      <trkpt lat="35.400120" lon="-96.386635"></trkpt>
      <trkpt lat="35.400608" lon="-96.385164"></trkpt>
      <trkpt lat="35.400936" lon="-96.384105"></trkpt>
      <trkpt lat="35.401154" lon="-96.383351"></trkpt>
      <trkpt lat="35.401371" lon="-96.382569"></trkpt>
      <trkpt lat="35.401630" lon="-96.381589"></trkpt>
      <trkpt lat="35.401908" lon="-96.380465"></trkpt>
      <trkpt lat="35.402189" lon="-96.379243"></trkpt>
      <trkpt lat="35.402444" lon="-96.378092"></trkpt>
      <trkpt lat="35.402871" lon="-96.376242"></trkpt>
      <trkpt lat="35.402948" lon="-96.375898"></trkpt>
      <trkpt lat="35.403582" lon="-96.373069"></trkpt>
      <trkpt lat="35.403694" lon="-96.372556"></trkpt>
      <trkpt lat="35.404079" lon="-96.370934"></trkpt>
      <trkpt lat="35.404417" lon="-96.369366"></trkpt>
      <trkpt lat="35.404546" lon="-96.368822"></trkpt>
      <trkpt lat="35.404708" lon="-96.368165"></trkpt>
      <trkpt lat="35.404880" lon="-96.367482"></trkpt>
      <trkpt lat="35.405005" lon="-96.367003"></trkpt>
      <trkpt lat="35.405179" lon="-96.366295"></trkpt>
      <trkpt lat="35.405408" lon="-96.365439"></trkpt>
      <trkpt lat="35.405652" lon="-96.364509"></trkpt>
      <trkpt lat="35.405905" lon="-96.363593"></trkpt>
      <trkpt lat="35.406104" lon="-96.362859"></trkpt>
      <trkpt lat="35.406232" lon="-96.362407"></trkpt>
      <trkpt lat="35.406442" lon="-96.361654"></trkpt>
      <trkpt lat="35.406749" lon="-96.360619"></trkpt>
      <trkpt lat="35.407098" lon="-96.359433"></trkpt>
      <trkpt lat="35.407244" lon="-96.358962"></trkpt>
      <trkpt lat="35.407436" lon="-96.358328"></trkpt>
      <trkpt lat="35.407919" lon="-96.356799"></trkpt>
      <trkpt lat="35.408393" lon="-96.355350"></trkpt>
      <trkpt lat="35.408867" lon="-96.353929"></trkpt>
      <trkpt lat="35.409195" lon="-96.352940"></trkpt>
      <trkpt lat="35.409910" lon="-96.350855"></trkpt>
      <trkpt lat="35.410232" lon="-96.349895"></trkpt>
      <trkpt lat="35.410881" lon="-96.347996"></trkpt>
      <trkpt lat="35.411471" lon="-96.346249"></trkpt>
      <trkpt lat="35.411891" lon="-96.344969"></trkpt>
      <trkpt lat="35.412660" lon="-96.342730"></trkpt>
      <trkpt lat="35.413236" lon="-96.341026"></trkpt>
      <trkpt lat="35.413647" lon="-96.339811"></trkpt>
      <trkpt lat="35.413876" lon="-96.339127"></trkpt>
      <trkpt lat="35.414059" lon="-96.338585"></trkpt>
      <trkpt lat="35.414271" lon="-96.337869"></trkpt>
      <trkpt lat="35.414407" lon="-96.337384"></trkpt>
      <trkpt lat="35.414638" lon="-96.336512"></trkpt>
      <trkpt lat="35.414837" lon="-96.335663"></trkpt>
      <trkpt lat="35.414962" lon="-96.335105"></trkpt>
      <trkpt lat="35.415086" lon="-96.334499"></trkpt>
      <trkpt lat="35.415230" lon="-96.333743"></trkpt>
      <trkpt lat="35.415386" lon="-96.332833"></trkpt>
      <trkpt lat="35.415510" lon="-96.331984"></trkpt>
      <trkpt lat="35.415578" lon="-96.331450"></trkpt>
      <trkpt lat="35.415613" lon="-96.331156"></trkpt>
      <trkpt lat="35.415704" lon="-96.330290"></trkpt>
      <trkpt lat="35.415757" lon="-96.329730"></trkpt>
      <trkpt lat="35.415811" lon="-96.328962"></trkpt>
      <trkpt lat="35.415850" lon="-96.328336"></trkpt>
      <trkpt lat="35.415891" lon="-96.327206"></trkpt>
      <trkpt lat="35.415924" lon="-96.326021"></trkpt>
      <trkpt lat="35.415964" lon="-96.325083"></trkpt>
      <trkpt lat="35.416013" lon="-96.324314"></trkpt>
      <trkpt lat="35.416111" lon="-96.323356"></trkpt>
      <trkpt lat="35.416240" lon="-96.322345"></trkpt>
      <trkpt lat="35.416403" lon="-96.321312"></trkpt>
      <trkpt lat="35.416567" lon="-96.320423"></trkpt>
      <trkpt lat="35.416738" lon="-96.319675"></trkpt>
      <trkpt lat="35.416938" lon="-96.318884"></trkpt>
      <trkpt lat="35.417111" lon="-96.318221"></trkpt>
      <trkpt lat="35.417272" lon="-96.317664"></trkpt>
      <trkpt lat="35.417420" lon="-96.317188"></trkpt>
      <trkpt lat="35.417649" lon="-96.316501"></trkpt>
      <trkpt lat="35.417926" lon="-96.315748"></trkpt>
      <trkpt lat="35.418194" lon="-96.315069"></trkpt>
      <trkpt lat="35.418428" lon="-96.314523"></trkpt>
      <trkpt lat="35.418687" lon="-96.313949"></trkpt>
      <trkpt lat="35.419352" lon="-96.312525"></trkpt>
      <trkpt lat="35.419673" lon="-96.311816"></trkpt>
      <trkpt lat="35.419908" lon="-96.311268"></trkpt>
      <trkpt lat="35.420064" lon="-96.310888"></trkpt>
      <trkpt lat="35.420244" lon="-96.310408"></trkpt>
      <trkpt lat="35.420456" lon="-96.309826"></trkpt>
      <trkpt lat="35.420648" lon="-96.309258"></trkpt>
      <trkpt lat="35.420925" lon="-96.308340"></trkpt>
      <trkpt lat="35.421194" lon="-96.307358"></trkpt>
      <trkpt lat="35.421363" lon="-96.306670"></trkpt>
      <trkpt lat="35.421559" lon="-96.305749"></trkpt>
      <trkpt lat="35.421674" lon="-96.305188"></trkpt>
      <trkpt lat="35.421853" lon="-96.304061"></trkpt>
      <trkpt lat="35.421998" lon="-96.302903"></trkpt>
      <trkpt lat="35.422057" lon="-96.302227"></trkpt>
      <trkpt lat="35.422102" lon="-96.301488"></trkpt>
      <trkpt lat="35.422171" lon="-96.299937"></trkpt>
      <trkpt lat="35.422172" lon="-96.299871"></trkpt>
      <trkpt lat="35.422181" lon="-96.299506"></trkpt>
      <trkpt lat="35.422183" lon="-96.299441"></trkpt>
      <trkpt lat="35.422304" lon="-96.295255"></trkpt>
      <trkpt lat="35.422368" lon="-96.293158"></trkpt>
      <trkpt lat="35.422413" lon="-96.291315"></trkpt>
      <trkpt lat="35.422465" lon="-96.289509"></trkpt>
      <trkpt lat="35.422508" lon="-96.288270"></trkpt>
      <trkpt lat="35.422545" lon="-96.287344"></trkpt>
      <trkpt lat="35.422609" lon="-96.286185"></trkpt>
      <trkpt lat="35.422675" lon="-96.285257"></trkpt>
      <trkpt lat="35.422777" lon="-96.284103"></trkpt>
      <trkpt lat="35.422875" lon="-96.283147"></trkpt>
      <trkpt lat="35.422981" lon="-96.282256"></trkpt>
      <trkpt lat="35.423143" lon="-96.280969"></trkpt>
      <trkpt lat="35.423291" lon="-96.280017"></trkpt>
      <trkpt lat="35.423457" lon="-96.278995"></trkpt>
      <trkpt lat="35.423657" lon="-96.277835"></trkpt>
      <trkpt lat="35.423878" lon="-96.276723"></trkpt>
      <trkpt lat="35.424246" lon="-96.274998"></trkpt>
      <trkpt lat="35.424553" lon="-96.273609"></trkpt>
      <trkpt lat="35.424711" lon="-96.272914"></trkpt>
      <trkpt lat="35.425829" lon="-96.267777"></trkpt>
      <trkpt lat="35.426065" lon="-96.266583"></trkpt>
      <trkpt lat="35.426286" lon="-96.265462"></trkpt>
      <trkpt lat="35.426462" lon="-96.264559"></trkpt>
      <trkpt lat="35.426524" lon="-96.264216"></trkpt>
      <trkpt lat="35.426651" lon="-96.263467"></trkpt>
      <trkpt lat="35.426754" lon="-96.262841"></trkpt>
      <trkpt lat="35.426994" lon="-96.261446"></trkpt>
      <trkpt lat="35.427131" lon="-96.260562"></trkpt>
      <trkpt lat="35.427265" lon="-96.259636"></trkpt>
      <trkpt lat="35.427456" lon="-96.258210"></trkpt>
      <trkpt lat="35.427589" lon="-96.257123"></trkpt>
      <trkpt lat="35.427716" lon="-96.255952"></trkpt>
      <trkpt lat="35.427828" lon="-96.254858"></trkpt>
      <trkpt lat="35.427944" lon="-96.253581"></trkpt>
      <trkpt lat="35.428082" lon="-96.251735"></trkpt>
      <trkpt lat="35.428126" lon="-96.251059"></trkpt>
      <trkpt lat="35.428189" lon="-96.250002"></trkpt>
      <trkpt lat="35.428280" lon="-96.248347"></trkpt>
      <trkpt lat="35.428318" lon="-96.247019"></trkpt>
      <trkpt lat="35.428327" lon="-96.246678"></trkpt>
      <trkpt lat="35.428361" lon="-96.244925"></trkpt>
      <trkpt lat="35.428363" lon="-96.243714"></trkpt>
      <trkpt lat="35.428360" lon="-96.242614"></trkpt>
      <trkpt lat="35.428345" lon="-96.241402"></trkpt>
      <trkpt lat="35.428314" lon="-96.240182"></trkpt>
      <trkpt lat="35.428245" lon="-96.237750"></trkpt>
      <trkpt lat="35.428106" lon="-96.232890"></trkpt>
      <trkpt lat="35.427946" lon="-96.227152"></trkpt>
      <trkpt lat="35.427853" lon="-96.223694"></trkpt>
      <trkpt lat="35.427820" lon="-96.222405"></trkpt>
      <trkpt lat="35.427824" lon="-96.220998"></trkpt>
      <trkpt lat="35.427837" lon="-96.219910"></trkpt>
      <trkpt lat="35.427865" lon="-96.219020"></trkpt>
      <trkpt lat="35.427903" lon="-96.218233"></trkpt>
      <trkpt lat="35.427934" lon="-96.217599"></trkpt>
      <trkpt lat="35.427989" lon="-96.216675"></trkpt>
      <trkpt lat="35.428013" lon="-96.216343"></trkpt>
      <trkpt lat="35.428098" lon="-96.215264"></trkpt>
      <trkpt lat="35.428218" lon="-96.214036"></trkpt>
      <trkpt lat="35.428324" lon="-96.213122"></trkpt>
      <trkpt lat="35.428510" lon="-96.211712"></trkpt>
      <trkpt lat="35.428540" lon="-96.211467"></trkpt>
      <trkpt lat="35.428686" lon="-96.210346"></trkpt>
      <trkpt lat="35.428778" lon="-96.209665"></trkpt>
      <trkpt lat="35.428968" lon="-96.208098"></trkpt>
      <trkpt lat="35.429109" lon="-96.207009"></trkpt>
      <trkpt lat="35.429299" lon="-96.205595"></trkpt>
      <trkpt lat="35.429431" lon="-96.204578"></trkpt>
      <trkpt lat="35.429606" lon="-96.203241"></trkpt>
      <trkpt lat="35.429751" lon="-96.202119"></trkpt>
      <trkpt lat="35.429857" lon="-96.201160"></trkpt>
      <trkpt lat="35.429958" lon="-96.200086"></trkpt>
      <trkpt lat="35.430026" lon="-96.199378"></trkpt>
      <trkpt lat="35.430077" lon="-96.198730"></trkpt>
      <trkpt lat="35.430136" lon="-96.197767"></trkpt>
      <trkpt lat="35.430203" lon="-96.196408"></trkpt>
      <trkpt lat="35.430233" lon="-96.195658"></trkpt>
      <trkpt lat="35.430266" lon="-96.194404"></trkpt>
      <trkpt lat="35.430255" lon="-96.193772"></trkpt>
      <trkpt lat="35.430255" lon="-96.193618"></trkpt>
      <trkpt lat="35.430255" lon="-96.192376"></trkpt>
      <trkpt lat="35.430208" lon="-96.191219"></trkpt>
      <trkpt lat="35.430171" lon="-96.190212"></trkpt>
      <trkpt lat="35.430114" lon="-96.189302"></trkpt>
      <trkpt lat="35.429997" lon="-96.187890"></trkpt>
      <trkpt lat="35.429916" lon="-96.187201"></trkpt>
      <trkpt lat="35.429815" lon="-96.186389"></trkpt>
      <trkpt lat="35.429705" lon="-96.185563"></trkpt>
      <trkpt lat="35.429526" lon="-96.184329"></trkpt>
      <trkpt lat="35.429351" lon="-96.183301"></trkpt>
      <trkpt lat="35.429185" lon="-96.182270"></trkpt>
      <trkpt lat="35.429019" lon="-96.181314"></trkpt>
      <trkpt lat="35.428874" lon="-96.180501"></trkpt>
      <trkpt lat="35.428672" lon="-96.179213"></trkpt>
      <trkpt lat="35.428509" lon="-96.178016"></trkpt>
      <trkpt lat="35.428360" lon="-96.176861"></trkpt>
      <trkpt lat="35.428266" lon="-96.176054"></trkpt>
      <trkpt lat="35.428181" lon="-96.175064"></trkpt>
      <trkpt lat="35.428052" lon="-96.173399"></trkpt>
      <trkpt lat="35.427997" lon="-96.172349"></trkpt>
      <trkpt lat="35.427963" lon="-96.171573"></trkpt>
      <trkpt lat="35.427924" lon="-96.170806"></trkpt>
      <trkpt lat="35.427889" lon="-96.170022"></trkpt>
      <trkpt lat="35.427795" lon="-96.168387"></trkpt>
      <trkpt lat="35.427706" lon="-96.166610"></trkpt>
      <trkpt lat="35.427615" lon="-96.164901"></trkpt>
      <trkpt lat="35.427521" lon="-96.163108"></trkpt>
      <trkpt lat="35.427488" lon="-96.162491"></trkpt>
      <trkpt lat="35.427433" lon="-96.160785"></trkpt>
      <trkpt lat="35.427413" lon="-96.159419"></trkpt>
      <trkpt lat="35.427422" lon="-96.158196"></trkpt>
      <trkpt lat="35.427449" lon="-96.156796"></trkpt>
      <trkpt lat="35.427488" lon="-96.155838"></trkpt>
      <trkpt lat="35.427535" lon="-96.154933"></trkpt>
      <trkpt lat="35.427586" lon="-96.154043"></trkpt>
      <trkpt lat="35.427641" lon="-96.153413"></trkpt>
      <trkpt lat="35.427740" lon="-96.152278"></trkpt>
      <trkpt lat="35.427881" lon="-96.150975"></trkpt>
      <trkpt lat="35.428009" lon="-96.149920"></trkpt>
      <trkpt lat="35.428174" lon="-96.148745"></trkpt>
      <trkpt lat="35.428338" lon="-96.147686"></trkpt>
      <trkpt lat="35.428509" lon="-96.146682"></trkpt>
      <trkpt lat="35.428674" lon="-96.145749"></trkpt>
      <trkpt lat="35.428808" lon="-96.144876"></trkpt>
      <trkpt lat="35.428862" lon="-96.144572"></trkpt>
      <trkpt lat="35.429025" lon="-96.143706"></trkpt>
      <trkpt lat="35.429414" lon="-96.141444"></trkpt>
      <trkpt lat="35.429783" lon="-96.139267"></trkpt>
      <trkpt lat="35.430483" lon="-96.135223"></trkpt>
      <trkpt lat="35.430615" lon="-96.134459"></trkpt>
      <trkpt lat="35.430752" lon="-96.133644"></trkpt>
      <trkpt lat="35.430948" lon="-96.132501"></trkpt>
      <trkpt lat="35.431118" lon="-96.131378"></trkpt>
      <trkpt lat="35.431229" lon="-96.130508"></trkpt>
      <trkpt lat="35.431332" lon="-96.129628"></trkpt>
      <trkpt lat="35.431408" lon="-96.128905"></trkpt>
      <trkpt lat="35.431474" lon="-96.128173"></trkpt>
      <trkpt lat="35.431520" lon="-96.127570"></trkpt>
      <trkpt lat="35.431587" lon="-96.126479"></trkpt>
      <trkpt lat="35.431620" lon="-96.125719"></trkpt>
      <trkpt lat="35.431639" lon="-96.125001"></trkpt>
      <trkpt lat="35.431665" lon="-96.124165"></trkpt>
      <trkpt lat="35.431672" lon="-96.123327"></trkpt>
      <trkpt lat="35.431672" lon="-96.122949"></trkpt>
      <trkpt lat="35.431643" lon="-96.121518"></trkpt>
      <trkpt lat="35.431616" lon="-96.120692"></trkpt>
      <trkpt lat="35.431565" lon="-96.119850"></trkpt>
      <trkpt lat="35.431489" lon="-96.118728"></trkpt>
      <trkpt lat="35.431386" lon="-96.117507"></trkpt>
      <trkpt lat="35.431183" lon="-96.115757"></trkpt>
      <trkpt lat="35.431070" lon="-96.114993"></trkpt>
      <trkpt lat="35.430935" lon="-96.114109"></trkpt>
      <trkpt lat="35.430763" lon="-96.113063"></trkpt>
      <trkpt lat="35.430539" lon="-96.111847"></trkpt>
      <trkpt lat="35.429956" lon="-96.108879"></trkpt>
      <trkpt lat="35.429721" lon="-96.107628"></trkpt>
      <trkpt lat="35.429321" lon="-96.105518"></trkpt>
      <trkpt lat="35.428559" lon="-96.101556"></trkpt>
      <trkpt lat="35.428363" lon="-96.100419"></trkpt>
      <trkpt lat="35.428241" lon="-96.099675"></trkpt>
      <trkpt lat="35.428040" lon="-96.098268"></trkpt>
      <trkpt lat="35.427956" lon="-96.097552"></trkpt>
      <trkpt lat="35.427856" lon="-96.096604"></trkpt>
      <trkpt lat="35.427759" lon="-96.095506"></trkpt>
      <trkpt lat="35.427670" lon="-96.094330"></trkpt>
      <trkpt lat="35.427593" lon="-96.092755"></trkpt>
      <trkpt lat="35.427579" lon="-96.092234"></trkpt>
      <trkpt lat="35.427567" lon="-96.091617"></trkpt>
      <trkpt lat="35.427539" lon="-96.087806"></trkpt>
      <trkpt lat="35.427539" lon="-96.087459"></trkpt>
      <trkpt lat="35.427499" lon="-96.081652"></trkpt>
      <trkpt lat="35.427499" lon="-96.080682"></trkpt>
      <trkpt lat="35.427455" lon="-96.072440"></trkpt>
      <trkpt lat="35.427443" lon="-96.070775"></trkpt>
      <trkpt lat="35.427437" lon="-96.069166"></trkpt>
      <trkpt lat="35.427435" lon="-96.068113"></trkpt>
      <trkpt lat="35.427446" lon="-96.067146"></trkpt>
      <trkpt lat="35.427468" lon="-96.066351"></trkpt>
      <trkpt lat="35.427492" lon="-96.065579"></trkpt>
      <trkpt lat="35.427534" lon="-96.064715"></trkpt>
      <trkpt lat="35.427587" lon="-96.063859"></trkpt>
      <trkpt lat="35.427660" lon="-96.062854"></trkpt>
      <trkpt lat="35.427728" lon="-96.062028"></trkpt>
      <trkpt lat="35.427815" lon="-96.061146"></trkpt>
      <trkpt lat="35.427947" lon="-96.059965"></trkpt>
      <trkpt lat="35.428040" lon="-96.059246"></trkpt>
      <trkpt lat="35.428095" lon="-96.058852"></trkpt>
      <trkpt lat="35.428221" lon="-96.057983"></trkpt>
      <trkpt lat="35.428350" lon="-96.057127"></trkpt>
      <trkpt lat="35.428530" lon="-96.056097"></trkpt>
      <trkpt lat="35.429005" lon="-96.053592"></trkpt>
      <trkpt lat="35.429257" lon="-96.052259"></trkpt>
      <trkpt lat="35.429582" lon="-96.050558"></trkpt>
      <trkpt lat="35.429898" lon="-96.048893"></trkpt>
      <trkpt lat="35.430522" lon="-96.045637"></trkpt>
      <trkpt lat="35.430774" lon="-96.044305"></trkpt>
      <trkpt lat="35.431027" lon="-96.042958"></trkpt>
      <trkpt lat="35.431345" lon="-96.041261"></trkpt>
      <trkpt lat="35.431384" lon="-96.041059"></trkpt>
      <trkpt lat="35.431619" lon="-96.039839"></trkpt>
      <trkpt lat="35.431739" lon="-96.039088"></trkpt>
      <trkpt lat="35.431839" lon="-96.038420"></trkpt>
      <trkpt lat="35.431921" lon="-96.037819"></trkpt>
      <trkpt lat="35.431995" lon="-96.037177"></trkpt>
      <trkpt lat="35.432093" lon="-96.036285"></trkpt>
      <trkpt lat="35.432149" lon="-96.035655"></trkpt>
      <trkpt lat="35.432207" lon="-96.034969"></trkpt>
      <trkpt lat="35.432260" lon="-96.033985"></trkpt>
      <trkpt lat="35.432300" lon="-96.033119"></trkpt>
      <trkpt lat="35.432326" lon="-96.032195"></trkpt>
      <trkpt lat="35.432329" lon="-96.031111"></trkpt>
      <trkpt lat="35.432314" lon="-96.028202"></trkpt>
      <trkpt lat="35.432288" lon="-96.025855"></trkpt>
      <trkpt lat="35.432291" lon="-96.024755"></trkpt>
      <trkpt lat="35.432322" lon="-96.023655"></trkpt>
      <trkpt lat="35.432375" lon="-96.022563"></trkpt>
      <trkpt lat="35.432469" lon="-96.021184"></trkpt>
      <trkpt lat="35.432549" lon="-96.020259"></trkpt>
      <trkpt lat="35.432648" lon="-96.019262"></trkpt>
      <trkpt lat="35.432749" lon="-96.018412"></trkpt>
      <trkpt lat="35.432874" lon="-96.017481"></trkpt>
      <trkpt lat="35.432920" lon="-96.017164"></trkpt>
      <trkpt lat="35.433004" lon="-96.016592"></trkpt>
      <trkpt lat="35.433183" lon="-96.015458"></trkpt>
      <trkpt lat="35.433303" lon="-96.014640"></trkpt>
      <trkpt lat="35.433638" lon="-96.012375"></trkpt>
      <trkpt lat="35.433795" lon="-96.011049"></trkpt>
      <trkpt lat="35.433870" lon="-96.010267"></trkpt>
      <trkpt lat="35.433916" lon="-96.009662"></trkpt>
      <trkpt lat="35.433959" lon="-96.008916"></trkpt>
      <trkpt lat="35.433997" lon="-96.007886"></trkpt>
      <trkpt lat="35.434014" lon="-96.007055"></trkpt>
      <trkpt lat="35.434011" lon="-96.005937"></trkpt>
      <trkpt lat="35.433978" lon="-96.004921"></trkpt>
      <trkpt lat="35.433922" lon="-96.003831"></trkpt>
      <trkpt lat="35.433842" lon="-96.002742"></trkpt>
      <trkpt lat="35.433715" lon="-96.001275"></trkpt>
      <trkpt lat="35.433590" lon="-95.999813"></trkpt>
      <trkpt lat="35.433442" lon="-95.998065"></trkpt>
      <trkpt lat="35.433105" lon="-95.994242"></trkpt>
      <trkpt lat="35.433055" lon="-95.993649"></trkpt>
      <trkpt lat="35.432999" lon="-95.992999"></trkpt>
      <trkpt lat="35.432944" lon="-95.992363"></trkpt>
      <trkpt lat="35.432852" lon="-95.991156"></trkpt>
      <trkpt lat="35.432796" lon="-95.990228"></trkpt>
      <trkpt lat="35.432714" lon="-95.988727"></trkpt>
      <trkpt lat="35.432681" lon="-95.987953"></trkpt>
      <trkpt lat="35.432613" lon="-95.986107"></trkpt>
      <trkpt lat="35.432608" lon="-95.985523"></trkpt>
      <trkpt lat="35.432606" lon="-95.985359"></trkpt>
      <trkpt lat="35.432596" lon="-95.984608"></trkpt>
      <trkpt lat="35.432589" lon="-95.983064"></trkpt>
      <trkpt lat="35.432592" lon="-95.981690"></trkpt>
      <trkpt lat="35.432592" lon="-95.981131"></trkpt>
      <trkpt lat="35.432583" lon="-95.978764"></trkpt>
      <trkpt lat="35.432572" lon="-95.978237"></trkpt>
      <trkpt lat="35.432539" lon="-95.977257"></trkpt>
      <trkpt lat="35.432486" lon="-95.976065"></trkpt>
      <trkpt lat="35.432424" lon="-95.975110"></trkpt>
      <trkpt lat="35.432390" lon="-95.974638"></trkpt>
      <trkpt lat="35.432358" lon="-95.974195"></trkpt>
      <trkpt lat="35.432291" lon="-95.973449"></trkpt>
      <trkpt lat="35.432221" lon="-95.972651"></trkpt>
      <trkpt lat="35.432129" lon="-95.971845"></trkpt>
      <trkpt lat="35.432056" lon="-95.971290"></trkpt>
      <trkpt lat="35.431943" lon="-95.970461"></trkpt>
      <trkpt lat="35.431369" lon="-95.966401"></trkpt>
      <trkpt lat="35.431193" lon="-95.965209"></trkpt>
      <trkpt lat="35.430540" lon="-95.960705"></trkpt>
      <trkpt lat="35.430474" lon="-95.960113"></trkpt>
      <trkpt lat="35.430412" lon="-95.959516"></trkpt>
      <trkpt lat="35.430390" lon="-95.959313"></trkpt>
      <trkpt lat="35.430347" lon="-95.958716"></trkpt>
      <trkpt lat="35.430312" lon="-95.958047"></trkpt>
      <trkpt lat="35.430288" lon="-95.957481"></trkpt>
      <trkpt lat="35.430289" lon="-95.956417"></trkpt>
      <trkpt lat="35.430302" lon="-95.955758"></trkpt>
      <trkpt lat="35.430328" lon="-95.955220"></trkpt>
      <trkpt lat="35.430375" lon="-95.954484"></trkpt>
      <trkpt lat="35.430410" lon="-95.954064"></trkpt>
      <trkpt lat="35.430491" lon="-95.953313"></trkpt>
      <trkpt lat="35.430584" lon="-95.952611"></trkpt>
      <trkpt lat="35.430644" lon="-95.952216"></trkpt>
      <trkpt lat="35.430711" lon="-95.951831"></trkpt>
      <trkpt lat="35.430863" lon="-95.951011"></trkpt>
      <trkpt lat="35.431167" lon="-95.949629"></trkpt>
      <trkpt lat="35.431376" lon="-95.948715"></trkpt>
      <trkpt lat="35.431614" lon="-95.947686"></trkpt>
      <trkpt lat="35.431825" lon="-95.946656"></trkpt>
      <trkpt lat="35.432062" lon="-95.945367"></trkpt>
      <trkpt lat="35.432153" lon="-95.944812"></trkpt>
      <trkpt lat="35.432267" lon="-95.944025"></trkpt>
      <trkpt lat="35.432385" lon="-95.943136"></trkpt>
      <trkpt lat="35.432471" lon="-95.942363"></trkpt>
      <trkpt lat="35.432559" lon="-95.941385"></trkpt>
      <trkpt lat="35.432621" lon="-95.940593"></trkpt>
      <trkpt lat="35.432669" lon="-95.939805"></trkpt>
      <trkpt lat="35.432700" lon="-95.939107"></trkpt>
      <trkpt lat="35.432727" lon="-95.938380"></trkpt>
      <trkpt lat="35.432732" lon="-95.937658"></trkpt>
      <trkpt lat="35.432742" lon="-95.936808"></trkpt>
      <trkpt lat="35.432707" lon="-95.935492"></trkpt>
      <trkpt lat="35.432676" lon="-95.934656"></trkpt>
      <trkpt lat="35.432622" lon="-95.933741"></trkpt>
      <trkpt lat="35.432568" lon="-95.933050"></trkpt>
      <trkpt lat="35.432499" lon="-95.932242"></trkpt>
      <trkpt lat="35.432401" lon="-95.931357"></trkpt>
      <trkpt lat="35.432278" lon="-95.930366"></trkpt>
      <trkpt lat="35.430813" lon="-95.919252"></trkpt>
      <trkpt lat="35.430332" lon="-95.915629"></trkpt>
      <trkpt lat="35.430273" lon="-95.915171"></trkpt>
      <trkpt lat="35.429721" lon="-95.910990"></trkpt>
      <trkpt lat="35.429674" lon="-95.910608"></trkpt>
      <trkpt lat="35.429602" lon="-95.909952"></trkpt>
      <trkpt lat="35.429537" lon="-95.909255"></trkpt>
      <trkpt lat="35.429485" lon="-95.908631"></trkpt>
      <trkpt lat="35.429449" lon="-95.908067"></trkpt>
      <trkpt lat="35.429414" lon="-95.907441"></trkpt>
      <trkpt lat="35.429391" lon="-95.906903"></trkpt>
      <trkpt lat="35.429364" lon="-95.906033"></trkpt>
      <trkpt lat="35.429355" lon="-95.905183"></trkpt>
      <trkpt lat="35.429366" lon="-95.903986"></trkpt>
      <trkpt lat="35.429389" lon="-95.903349"></trkpt>
      <trkpt lat="35.429421" lon="-95.902719"></trkpt>
      <trkpt lat="35.429463" lon="-95.901924"></trkpt>
      <trkpt lat="35.429513" lon="-95.901268"></trkpt>
      <trkpt lat="35.429608" lon="-95.900218"></trkpt>
      <trkpt lat="35.429675" lon="-95.899664"></trkpt>
      <trkpt lat="35.429734" lon="-95.899134"></trkpt>
      <trkpt lat="35.429844" lon="-95.898377"></trkpt>
      <trkpt lat="35.429949" lon="-95.897688"></trkpt>
      <trkpt lat="35.430044" lon="-95.897133"></trkpt>
      <trkpt lat="35.430804" lon="-95.892860"></trkpt>
      <trkpt lat="35.430933" lon="-95.892070"></trkpt>
      <trkpt lat="35.431055" lon="-95.891271"></trkpt>
      <trkpt lat="35.431157" lon="-95.890545"></trkpt>
      <trkpt lat="35.431273" lon="-95.889679"></trkpt>
      <trkpt lat="35.431374" lon="-95.888856"></trkpt>
      <trkpt lat="35.431453" lon="-95.888177"></trkpt>
      <trkpt lat="35.431617" lon="-95.886549"></trkpt>
      <trkpt lat="35.431697" lon="-95.885614"></trkpt>
      <trkpt lat="35.431779" lon="-95.884493"></trkpt>
      <trkpt lat="35.431889" lon="-95.882469"></trkpt>
      <trkpt lat="35.431924" lon="-95.881604"></trkpt>
      <trkpt lat="35.431951" lon="-95.880593"></trkpt>
      <trkpt lat="35.431966" lon="-95.879819"></trkpt>
      <trkpt lat="35.431976" lon="-95.878748"></trkpt>
      <trkpt lat="35.431967" lon="-95.877441"></trkpt>
      <trkpt lat="35.431931" lon="-95.875532"></trkpt>
      <trkpt lat="35.431924" lon="-95.875340"></trkpt>
      <trkpt lat="35.431873" lon="-95.872540"></trkpt>
      <trkpt lat="35.431873" lon="-95.871269"></trkpt>
      <trkpt lat="35.431902" lon="-95.869544"></trkpt>
      <trkpt lat="35.431986" lon="-95.867749"></trkpt>
      <trkpt lat="35.432090" lon="-95.866241"></trkpt>
      <trkpt lat="35.432199" lon="-95.864999"></trkpt>
      <trkpt lat="35.432322" lon="-95.863786"></trkpt>
      <trkpt lat="35.432472" lon="-95.862425"></trkpt>
      <trkpt lat="35.432545" lon="-95.861561"></trkpt>
      <trkpt lat="35.432623" lon="-95.860383"></trkpt>
      <trkpt lat="35.432670" lon="-95.859451"></trkpt>
      <trkpt lat="35.432708" lon="-95.858477"></trkpt>
      <trkpt lat="35.432724" lon="-95.857571"></trkpt>
      <trkpt lat="35.432730" lon="-95.856913"></trkpt>
      <trkpt lat="35.432725" lon="-95.856298"></trkpt>
      <trkpt lat="35.432683" lon="-95.854587"></trkpt>
      <trkpt lat="35.432623" lon="-95.853230"></trkpt>
      <trkpt lat="35.432604" lon="-95.852330"></trkpt>
      <trkpt lat="35.432608" lon="-95.851666"></trkpt>
      <trkpt lat="35.432629" lon="-95.850977"></trkpt>
      <trkpt lat="35.432687" lon="-95.850064"></trkpt>
      <trkpt lat="35.432745" lon="-95.849466"></trkpt>
      <trkpt lat="35.432838" lon="-95.848717"></trkpt>
      <trkpt lat="35.432931" lon="-95.848078"></trkpt>
      <trkpt lat="35.433032" lon="-95.847530"></trkpt>
      <trkpt lat="35.433159" lon="-95.846882"></trkpt>
      <trkpt lat="35.433266" lon="-95.846413"></trkpt>
      <trkpt lat="35.433376" lon="-95.845963"></trkpt>
      <trkpt lat="35.433486" lon="-95.845555"></trkpt>
      <trkpt lat="35.433725" lon="-95.844709"></trkpt>
      <trkpt lat="35.433970" lon="-95.843871"></trkpt>
      <trkpt lat="35.434930" lon="-95.840552"></trkpt>
      <trkpt lat="35.435073" lon="-95.840070"></trkpt>
      <trkpt lat="35.435467" lon="-95.838711"></trkpt>
      <trkpt lat="35.435653" lon="-95.838054"></trkpt>
      <trkpt lat="35.435757" lon="-95.837643"></trkpt>
      <trkpt lat="35.435868" lon="-95.837184"></trkpt>
      <trkpt lat="35.435998" lon="-95.836612"></trkpt>
      <trkpt lat="35.436125" lon="-95.835992"></trkpt>
      <trkpt lat="35.436245" lon="-95.835333"></trkpt>
      <trkpt lat="35.436346" lon="-95.834725"></trkpt>
      <trkpt lat="35.436435" lon="-95.834086"></trkpt>
      <trkpt lat="35.436502" lon="-95.833527"></trkpt>
      <trkpt lat="35.436549" lon="-95.833087"></trkpt>
      <trkpt lat="35.436610" lon="-95.832389"></trkpt>
      <trkpt lat="35.436641" lon="-95.831908"></trkpt>
      <trkpt lat="35.436696" lon="-95.830538"></trkpt>
      <trkpt lat="35.436702" lon="-95.829613"></trkpt>
      <trkpt lat="35.436686" lon="-95.828855"></trkpt>
      <trkpt lat="35.436636" lon="-95.827850"></trkpt>
      <trkpt lat="35.436571" lon="-95.827015"></trkpt>
      <trkpt lat="35.436470" lon="-95.826077"></trkpt>
      <trkpt lat="35.436366" lon="-95.825286"></trkpt>
      <trkpt lat="35.436238" lon="-95.824474"></trkpt>
      <trkpt lat="35.436014" lon="-95.823331"></trkpt>
      <trkpt lat="35.435762" lon="-95.822245"></trkpt>
      <trkpt lat="35.434883" lon="-95.818838"></trkpt>
      <trkpt lat="35.434225" lon="-95.816237"></trkpt>
      <trkpt lat="35.433544" lon="-95.813565"></trkpt>
      <trkpt lat="35.433370" lon="-95.812811"></trkpt>
      <trkpt lat="35.433197" lon="-95.811964"></trkpt>
      <trkpt lat="35.433116" lon="-95.811493"></trkpt>
      <trkpt lat="35.433014" lon="-95.810853"></trkpt>
      <trkpt lat="35.432893" lon="-95.810006"></trkpt>
      <trkpt lat="35.432827" lon="-95.809446"></trkpt>
      <trkpt lat="35.432776" lon="-95.808937"></trkpt>
      <trkpt lat="35.432714" lon="-95.808134"></trkpt>
      <trkpt lat="35.432672" lon="-95.807439"></trkpt>
      <trkpt lat="35.432651" lon="-95.806868"></trkpt>
      <trkpt lat="35.432638" lon="-95.806306"></trkpt>
      <trkpt lat="35.432639" lon="-95.805500"></trkpt>
      <trkpt lat="35.432637" lon="-95.805011"></trkpt>
      <trkpt lat="35.432641" lon="-95.804728"></trkpt>
      <trkpt lat="35.432654" lon="-95.804274"></trkpt>
      <trkpt lat="35.432686" lon="-95.803761"></trkpt>
      <trkpt lat="35.432745" lon="-95.803135"></trkpt>
      <trkpt lat="35.432804" lon="-95.802456"></trkpt>
      <trkpt lat="35.432868" lon="-95.801891"></trkpt>
      <trkpt lat="35.432939" lon="-95.801338"></trkpt>
      <trkpt lat="35.433040" lon="-95.800645"></trkpt>
      <trkpt lat="35.433159" lon="-95.799956"></trkpt>
      <trkpt lat="35.433301" lon="-95.799224"></trkpt>
      <trkpt lat="35.433396" lon="-95.798777"></trkpt>
      <trkpt lat="35.433568" lon="-95.798025"></trkpt>
      <trkpt lat="35.433742" lon="-95.797336"></trkpt>
      <trkpt lat="35.433938" lon="-95.796640"></trkpt>
      <trkpt lat="35.434097" lon="-95.796098"></trkpt>
      <trkpt lat="35.434328" lon="-95.795369"></trkpt>
      <trkpt lat="35.434594" lon="-95.794600"></trkpt>
      <trkpt lat="35.434826" lon="-95.794005"></trkpt>
      <trkpt lat="35.435063" lon="-95.793407"></trkpt>
      <trkpt lat="35.435218" lon="-95.793046"></trkpt>
      <trkpt lat="35.435390" lon="-95.792649"></trkpt>
      <trkpt lat="35.435679" lon="-95.792028"></trkpt>
      <trkpt lat="35.435862" lon="-95.791651"></trkpt>
      <trkpt lat="35.436008" lon="-95.791349"></trkpt>
      <trkpt lat="35.436490" lon="-95.790418"></trkpt>
      <trkpt lat="35.437255" lon="-95.788985"></trkpt>
      <trkpt lat="35.437968" lon="-95.787606"></trkpt>
      <trkpt lat="35.438522" lon="-95.786555"></trkpt>
      <trkpt lat="35.439252" lon="-95.785166"></trkpt>
      <trkpt lat="35.439958" lon="-95.783809"></trkpt>
      <trkpt lat="35.440245" lon="-95.783227"></trkpt>
      <trkpt lat="35.440584" lon="-95.782490"></trkpt>
      <trkpt lat="35.440855" lon="-95.781849"></trkpt>
      <trkpt lat="35.441113" lon="-95.781175"></trkpt>
      <trkpt lat="35.441445" lon="-95.780250"></trkpt>
      <trkpt lat="35.441647" lon="-95.779622"></trkpt>
      <trkpt lat="35.441823" lon="-95.779036"></trkpt>
      <trkpt lat="35.442069" lon="-95.778135"></trkpt>
      <trkpt lat="35.442258" lon="-95.777422"></trkpt>
      <trkpt lat="35.442546" lon="-95.776436"></trkpt>
      <trkpt lat="35.442861" lon="-95.775443"></trkpt>
      <trkpt lat="35.443139" lon="-95.774614"></trkpt>
      <trkpt lat="35.443463" lon="-95.773720"></trkpt>
      <trkpt lat="35.443771" lon="-95.772912"></trkpt>
      <trkpt lat="35.444213" lon="-95.771789"></trkpt>
      <trkpt lat="35.445894" lon="-95.767566"></trkpt>
      <trkpt lat="35.446287" lon="-95.766527"></trkpt>
      <trkpt lat="35.446727" lon="-95.765261"></trkpt>
      <trkpt lat="35.447056" lon="-95.764251"></trkpt>
      <trkpt lat="35.447402" lon="-95.763114"></trkpt>
      <trkpt lat="35.447790" lon="-95.761695"></trkpt>
      <trkpt lat="35.447995" lon="-95.760880"></trkpt>
      <trkpt lat="35.448208" lon="-95.760013"></trkpt>
      <trkpt lat="35.448343" lon="-95.759397"></trkpt>
      <trkpt lat="35.448520" lon="-95.758551"></trkpt>
      <trkpt lat="35.448688" lon="-95.757681"></trkpt>
      <trkpt lat="35.448913" lon="-95.756383"></trkpt>
      <trkpt lat="35.449049" lon="-95.755498"></trkpt>
      <trkpt lat="35.449233" lon="-95.754129"></trkpt>
      <trkpt lat="35.449332" lon="-95.753330"></trkpt>
      <trkpt lat="35.449375" lon="-95.752864"></trkpt>
      <trkpt lat="35.449442" lon="-95.752164"></trkpt>
      <trkpt lat="35.449502" lon="-95.751441"></trkpt>
      <trkpt lat="35.449550" lon="-95.750744"></trkpt>
      <trkpt lat="35.449592" lon="-95.750034"></trkpt>
      <trkpt lat="35.449638" lon="-95.748921"></trkpt>
      <trkpt lat="35.449711" lon="-95.746075"></trkpt>
      <trkpt lat="35.449782" lon="-95.743206"></trkpt>
      <trkpt lat="35.449860" lon="-95.740347"></trkpt>
      <trkpt lat="35.449966" lon="-95.737537"></trkpt>
      <trkpt lat="35.450020" lon="-95.736385"></trkpt>
      <trkpt lat="35.450191" lon="-95.733266"></trkpt>
      <trkpt lat="35.450273" lon="-95.732011"></trkpt>
      <trkpt lat="35.450434" lon="-95.729813"></trkpt>
      <trkpt lat="35.450614" lon="-95.727608"></trkpt>
      <trkpt lat="35.450934" lon="-95.724154"></trkpt>
      <trkpt lat="35.451094" lon="-95.722411"></trkpt>
      <trkpt lat="35.451148" lon="-95.721783"></trkpt>
      <trkpt lat="35.451251" lon="-95.720644"></trkpt>
      <trkpt lat="35.451326" lon="-95.719641"></trkpt>
      <trkpt lat="35.451382" lon="-95.718899"></trkpt>
      <trkpt lat="35.451436" lon="-95.718098"></trkpt>
      <trkpt lat="35.451530" lon="-95.716558"></trkpt>
      <trkpt lat="35.451544" lon="-95.716206"></trkpt>
      <trkpt lat="35.451598" lon="-95.715038"></trkpt>
      <trkpt lat="35.451640" lon="-95.713873"></trkpt>
      <trkpt lat="35.451699" lon="-95.711367"></trkpt>
      <trkpt lat="35.451711" lon="-95.709724"></trkpt>
      <trkpt lat="35.451730" lon="-95.708355"></trkpt>
      <trkpt lat="35.451770" lon="-95.706640"></trkpt>
      <trkpt lat="35.451800" lon="-95.705766"></trkpt>
      <trkpt lat="35.451834" lon="-95.704892"></trkpt>
      <trkpt lat="35.451950" lon="-95.702610"></trkpt>
      <trkpt lat="35.452026" lon="-95.701474"></trkpt>
      <trkpt lat="35.452105" lon="-95.700355"></trkpt>
      <trkpt lat="35.452207" lon="-95.699085"></trkpt>
      <trkpt lat="35.452327" lon="-95.697759"></trkpt>
      <trkpt lat="35.452496" lon="-95.696058"></trkpt>
      <trkpt lat="35.452770" lon="-95.693608"></trkpt>
      <trkpt lat="35.453109" lon="-95.690543"></trkpt>
      <trkpt lat="35.453276" lon="-95.689003"></trkpt>
      <trkpt lat="35.453355" lon="-95.688209"></trkpt>
      <trkpt lat="35.453439" lon="-95.687309"></trkpt>
      <trkpt lat="35.453592" lon="-95.685566"></trkpt>
      <trkpt lat="35.453666" lon="-95.684624"></trkpt>
      <trkpt lat="35.453722" lon="-95.683882"></trkpt>
      <trkpt lat="35.453822" lon="-95.682412"></trkpt>
      <trkpt lat="35.453913" lon="-95.680896"></trkpt>
      <trkpt lat="35.453994" lon="-95.679370"></trkpt>
      <trkpt lat="35.454060" lon="-95.677840"></trkpt>
      <trkpt lat="35.454107" lon="-95.676400"></trkpt>
      <trkpt lat="35.454147" lon="-95.674939"></trkpt>
      <trkpt lat="35.454169" lon="-95.673479"></trkpt>
      <trkpt lat="35.454180" lon="-95.672028"></trkpt>
      <trkpt lat="35.454179" lon="-95.664291"></trkpt>
      <trkpt lat="35.454170" lon="-95.660410"></trkpt>
      <trkpt lat="35.454171" lon="-95.656557"></trkpt>
      <trkpt lat="35.454193" lon="-95.655232"></trkpt>
      <trkpt lat="35.454211" lon="-95.654547"></trkpt>
      <trkpt lat="35.454235" lon="-95.653943"></trkpt>
      <trkpt lat="35.454287" lon="-95.652738"></trkpt>
      <trkpt lat="35.454355" lon="-95.651665"></trkpt>
      <trkpt lat="35.454417" lon="-95.650776"></trkpt>
      <trkpt lat="35.454515" lon="-95.649561"></trkpt>
      <trkpt lat="35.454594" lon="-95.648745"></trkpt>
      <trkpt lat="35.454739" lon="-95.647407"></trkpt>
      <trkpt lat="35.454900" lon="-95.646107"></trkpt>
      <trkpt lat="35.454963" lon="-95.645620"></trkpt>
      <trkpt lat="35.455151" lon="-95.644289"></trkpt>
      <trkpt lat="35.455276" lon="-95.643517"></trkpt>
      <trkpt lat="35.455415" lon="-95.642676"></trkpt>
      <trkpt lat="35.455471" lon="-95.642377"></trkpt>
      <trkpt lat="35.455854" lon="-95.640324"></trkpt>
      <trkpt lat="35.456147" lon="-95.638904"></trkpt>
      <trkpt lat="35.456453" lon="-95.637561"></trkpt>
      <trkpt lat="35.456905" lon="-95.635535"></trkpt>
      <trkpt lat="35.457324" lon="-95.633719"></trkpt>
      <trkpt lat="35.457708" lon="-95.632040"></trkpt>
      <trkpt lat="35.457982" lon="-95.630815"></trkpt>
      <trkpt lat="35.458330" lon="-95.629271"></trkpt>
      <trkpt lat="35.458468" lon="-95.628594"></trkpt>
      <trkpt lat="35.458613" lon="-95.627858"></trkpt>
      <trkpt lat="35.458763" lon="-95.627011"></trkpt>
      <trkpt lat="35.458919" lon="-95.626029"></trkpt>
      <trkpt lat="35.459046" lon="-95.625112"></trkpt>
      <trkpt lat="35.459154" lon="-95.624233"></trkpt>
      <trkpt lat="35.459256" lon="-95.623340"></trkpt>
      <trkpt lat="35.459340" lon="-95.622485"></trkpt>
      <trkpt lat="35.459399" lon="-95.621758"></trkpt>
      <trkpt lat="35.459445" lon="-95.621126"></trkpt>
      <trkpt lat="35.459504" lon="-95.620000"></trkpt>
      <trkpt lat="35.459551" lon="-95.618639"></trkpt>
      <trkpt lat="35.459565" lon="-95.617594"></trkpt>
      <trkpt lat="35.459553" lon="-95.616295"></trkpt>
      <trkpt lat="35.459525" lon="-95.615165"></trkpt>
      <trkpt lat="35.459489" lon="-95.614288"></trkpt>
      <trkpt lat="35.459430" lon="-95.613390"></trkpt>
      <trkpt lat="35.459365" lon="-95.612576"></trkpt>
      <trkpt lat="35.459272" lon="-95.611507"></trkpt>
      <trkpt lat="35.459150" lon="-95.610171"></trkpt>
      <trkpt lat="35.459003" lon="-95.608624"></trkpt>
      <trkpt lat="35.458037" lon="-95.598480"></trkpt>
      <trkpt lat="35.457929" lon="-95.597331"></trkpt>
      <trkpt lat="35.457834" lon="-95.596367"></trkpt>
      <trkpt lat="35.457639" lon="-95.594383"></trkpt>
      <trkpt lat="35.457483" lon="-95.592800"></trkpt>
      <trkpt lat="35.457452" lon="-95.592451"></trkpt>
      <trkpt lat="35.457114" lon="-95.588695"></trkpt>
      <trkpt lat="35.457079" lon="-95.588222"></trkpt>
      <trkpt lat="35.457006" lon="-95.587201"></trkpt>
      <trkpt lat="35.456945" lon="-95.586262"></trkpt>
      <trkpt lat="35.456887" lon="-95.584964"></trkpt>
      <trkpt lat="35.456844" lon="-95.583682"></trkpt>
      <trkpt lat="35.456825" lon="-95.582405"></trkpt>
      <trkpt lat="35.456829" lon="-95.579937"></trkpt>
      <trkpt lat="35.456857" lon="-95.578661"></trkpt>
      <trkpt lat="35.456905" lon="-95.577342"></trkpt>
      <trkpt lat="35.457047" lon="-95.574610"></trkpt>
      <trkpt lat="35.457146" lon="-95.572978"></trkpt>
      <trkpt lat="35.457303" lon="-95.570143"></trkpt>
      <trkpt lat="35.457509" lon="-95.566388"></trkpt>
      <trkpt lat="35.457666" lon="-95.563422"></trkpt>
      <trkpt lat="35.457829" lon="-95.560428"></trkpt>
      <trkpt lat="35.457979" lon="-95.557636"></trkpt>
      <trkpt lat="35.457994" lon="-95.557301"></trkpt>
      <trkpt lat="35.458009" lon="-95.556987"></trkpt>
      <trkpt lat="35.458098" lon="-95.555551"></trkpt>
      <trkpt lat="35.458182" lon="-95.553963"></trkpt>
      <trkpt lat="35.458209" lon="-95.553367"></trkpt>
      <trkpt lat="35.458288" lon="-95.551453"></trkpt>
      <trkpt lat="35.458328" lon="-95.550241"></trkpt>
      <trkpt lat="35.458347" lon="-95.549299"></trkpt>
      <trkpt lat="35.458377" lon="-95.547831"></trkpt>
      <trkpt lat="35.458392" lon="-95.545413"></trkpt>
      <trkpt lat="35.458389" lon="-95.544333"></trkpt>
      <trkpt lat="35.458378" lon="-95.542928"></trkpt>
      <trkpt lat="35.458322" lon="-95.540476"></trkpt>
      <trkpt lat="35.458308" lon="-95.539891"></trkpt>
      <trkpt lat="35.458235" lon="-95.538075"></trkpt>
      <trkpt lat="35.458117" lon="-95.535527"></trkpt>
      <trkpt lat="35.458067" lon="-95.534706"></trkpt>
      <trkpt lat="35.458011" lon="-95.533886"></trkpt>
      <trkpt lat="35.457719" lon="-95.529888"></trkpt>
      <trkpt lat="35.457663" lon="-95.529025"></trkpt>
      <trkpt lat="35.457605" lon="-95.528134"></trkpt>
      <trkpt lat="35.457585" lon="-95.527849"></trkpt>
      <trkpt lat="35.457498" lon="-95.526556"></trkpt>
      <trkpt lat="35.457454" lon="-95.525363"></trkpt>
      <trkpt lat="35.457414" lon="-95.524085"></trkpt>
      <trkpt lat="35.457387" lon="-95.522682"></trkpt>
      <trkpt lat="35.457397" lon="-95.522256"></trkpt>
      <trkpt lat="35.457421" lon="-95.521320"></trkpt>
      <trkpt lat="35.457450" lon="-95.520366"></trkpt>
      <trkpt lat="35.457490" lon="-95.519367"></trkpt>
      <trkpt lat="35.457561" lon="-95.518401"></trkpt>
      <trkpt lat="35.457653" lon="-95.517281"></trkpt>
      <trkpt lat="35.457861" lon="-95.514591"></trkpt>
      <trkpt lat="35.457944" lon="-95.512948"></trkpt>
      <trkpt lat="35.457977" lon="-95.511659"></trkpt>
      <trkpt lat="35.457977" lon="-95.509966"></trkpt>
      <trkpt lat="35.457953" lon="-95.509066"></trkpt>
      <trkpt lat="35.457918" lon="-95.508135"></trkpt>
      <trkpt lat="35.457860" lon="-95.507035"></trkpt>
      <trkpt lat="35.457764" lon="-95.505828"></trkpt>
      <trkpt lat="35.457668" lon="-95.504750"></trkpt>
      <trkpt lat="35.457580" lon="-95.503949"></trkpt>
      <trkpt lat="35.457451" lon="-95.502944"></trkpt>
      <trkpt lat="35.457198" lon="-95.501248"></trkpt>
      <trkpt lat="35.456957" lon="-95.499600"></trkpt>
      <trkpt lat="35.456842" lon="-95.498685"></trkpt>
      <trkpt lat="35.456722" lon="-95.497570"></trkpt>
      <trkpt lat="35.456643" lon="-95.496721"></trkpt>
      <trkpt lat="35.456564" lon="-95.495785"></trkpt>
      <trkpt lat="35.456468" lon="-95.494372"></trkpt>
      <trkpt lat="35.456435" lon="-95.493743"></trkpt>
      <trkpt lat="35.456413" lon="-95.493015"></trkpt>
      <trkpt lat="35.456378" lon="-95.491761"></trkpt>
      <trkpt lat="35.456369" lon="-95.490221"></trkpt>
      <trkpt lat="35.456369" lon="-95.487124"></trkpt>
      <trkpt lat="35.456370" lon="-95.486774"></trkpt>
      <trkpt lat="35.456412" lon="-95.482787"></trkpt>
      <trkpt lat="35.456432" lon="-95.478804"></trkpt>
      <trkpt lat="35.456477" lon="-95.467995"></trkpt>
      <trkpt lat="35.456504" lon="-95.463191"></trkpt>
      <trkpt lat="35.456523" lon="-95.461907"></trkpt>
      <trkpt lat="35.456549" lon="-95.460657"></trkpt>
      <trkpt lat="35.456600" lon="-95.458962"></trkpt>
      <trkpt lat="35.456642" lon="-95.457769"></trkpt>
      <trkpt lat="35.456677" lon="-95.456937"></trkpt>
      <trkpt lat="35.456739" lon="-95.455512"></trkpt>
      <trkpt lat="35.456927" lon="-95.451668"></trkpt>
      <trkpt lat="35.456947" lon="-95.451249"></trkpt>
      <trkpt lat="35.457100" lon="-95.448073"></trkpt>
      <trkpt lat="35.457133" lon="-95.447436"></trkpt>
      <trkpt lat="35.457220" lon="-95.445728"></trkpt>
      <trkpt lat="35.457396" lon="-95.440623"></trkpt>
      <trkpt lat="35.457412" lon="-95.439520"></trkpt>
      <trkpt lat="35.457466" lon="-95.436438"></trkpt>
      <trkpt lat="35.457466" lon="-95.433369"></trkpt>
      <trkpt lat="35.457466" lon="-95.431640"></trkpt>
      <trkpt lat="35.457416" lon="-95.429160"></trkpt>
      <trkpt lat="35.457347" lon="-95.426425"></trkpt>
      <trkpt lat="35.457306" lon="-95.425328"></trkpt>
      <trkpt lat="35.457273" lon="-95.424391"></trkpt>
      <trkpt lat="35.457211" lon="-95.422992"></trkpt>
      <trkpt lat="35.457193" lon="-95.422579"></trkpt>
      <trkpt lat="35.457142" lon="-95.421448"></trkpt>
      <trkpt lat="35.457080" lon="-95.420358"></trkpt>
      <trkpt lat="35.457016" lon="-95.419332"></trkpt>
      <trkpt lat="35.456874" lon="-95.416981"></trkpt>
      <trkpt lat="35.456803" lon="-95.415731"></trkpt>
      <trkpt lat="35.456755" lon="-95.414942"></trkpt>
      <trkpt lat="35.456711" lon="-95.414166"></trkpt>
      <trkpt lat="35.456626" lon="-95.412756"></trkpt>
      <trkpt lat="35.456568" lon="-95.411840"></trkpt>
      <trkpt lat="35.456519" lon="-95.411057"></trkpt>
      <trkpt lat="35.456469" lon="-95.410196"></trkpt>
      <trkpt lat="35.456405" lon="-95.409050"></trkpt>
      <trkpt lat="35.456337" lon="-95.407925"></trkpt>
      <trkpt lat="35.456274" lon="-95.406772"></trkpt>
      <trkpt lat="35.456215" lon="-95.405745"></trkpt>
      <trkpt lat="35.456155" lon="-95.404056"></trkpt>
      <trkpt lat="35.456123" lon="-95.402353"></trkpt>
      <trkpt lat="35.456110" lon="-95.400248"></trkpt>
      <trkpt lat="35.456121" lon="-95.398932"></trkpt>
      <trkpt lat="35.456158" lon="-95.397149"></trkpt>
      <trkpt lat="35.456187" lon="-95.396034"></trkpt>
      <trkpt lat="35.456324" lon="-95.393459"></trkpt>
      <trkpt lat="35.456411" lon="-95.392208"></trkpt>
      <trkpt lat="35.456495" lon="-95.391051"></trkpt>
      <trkpt lat="35.456605" lon="-95.389799"></trkpt>
      <trkpt lat="35.456746" lon="-95.388368"></trkpt>
      <trkpt lat="35.456965" lon="-95.386229"></trkpt>
      <trkpt lat="35.457096" lon="-95.384953"></trkpt>
      <trkpt lat="35.457233" lon="-95.383639"></trkpt>
      <trkpt lat="35.457494" lon="-95.381117"></trkpt>
      <trkpt lat="35.457545" lon="-95.380586"></trkpt>
      <trkpt lat="35.457592" lon="-95.380129"></trkpt>
      <trkpt lat="35.457826" lon="-95.377877"></trkpt>
      <trkpt lat="35.457960" lon="-95.376602"></trkpt>
      <trkpt lat="35.458053" lon="-95.375666"></trkpt>
      <trkpt lat="35.458148" lon="-95.374815"></trkpt>
      <trkpt lat="35.458231" lon="-95.373976"></trkpt>
      <trkpt lat="35.458299" lon="-95.373298"></trkpt>
      <trkpt lat="35.458408" lon="-95.372423"></trkpt>
      <trkpt lat="35.458556" lon="-95.371360"></trkpt>
      <trkpt lat="35.458697" lon="-95.370470"></trkpt>
      <trkpt lat="35.458846" lon="-95.369620"></trkpt>
      <trkpt lat="35.459030" lon="-95.368643"></trkpt>
      <trkpt lat="35.459187" lon="-95.367833"></trkpt>
      <trkpt lat="35.459514" lon="-95.366411"></trkpt>
      <trkpt lat="35.459779" lon="-95.365343"></trkpt>
      <trkpt lat="35.459956" lon="-95.364679"></trkpt>
      <trkpt lat="35.460257" lon="-95.363628"></trkpt>
      <trkpt lat="35.460727" lon="-95.362071"></trkpt>
      <trkpt lat="35.461080" lon="-95.361019"></trkpt>
      <trkpt lat="35.461341" lon="-95.360309"></trkpt>
      <trkpt lat="35.461570" lon="-95.359688"></trkpt>
      <trkpt lat="35.461945" lon="-95.358749"></trkpt>
      <trkpt lat="35.462418" lon="-95.357591"></trkpt>
      <trkpt lat="35.462794" lon="-95.356735"></trkpt>
      <trkpt lat="35.464025" lon="-95.354068"></trkpt>
      <trkpt lat="35.464445" lon="-95.353179"></trkpt>
      <trkpt lat="35.465245" lon="-95.351488"></trkpt>
      <trkpt lat="35.465647" lon="-95.350621"></trkpt>
      <trkpt lat="35.465973" lon="-95.349893"></trkpt>
      <trkpt lat="35.466264" lon="-95.349229"></trkpt>
      <trkpt lat="35.466570" lon="-95.348481"></trkpt>
      <trkpt lat="35.466913" lon="-95.347625"></trkpt>
      <trkpt lat="35.467199" lon="-95.346880"></trkpt>
      <trkpt lat="35.467560" lon="-95.345910"></trkpt>
      <trkpt lat="35.467893" lon="-95.344959"></trkpt>
      <trkpt lat="35.468292" lon="-95.343767"></trkpt>
      <trkpt lat="35.468673" lon="-95.342555"></trkpt>
      <trkpt lat="35.468901" lon="-95.341756"></trkpt>
      <trkpt lat="35.469108" lon="-95.341033"></trkpt>
      <trkpt lat="35.469309" lon="-95.340296"></trkpt>
      <trkpt lat="35.469519" lon="-95.339451"></trkpt>
      <trkpt lat="35.469786" lon="-95.338355"></trkpt>
      <trkpt lat="35.470064" lon="-95.337100"></trkpt>
      <trkpt lat="35.470224" lon="-95.336364"></trkpt>
      <trkpt lat="35.471774" lon="-95.329250"></trkpt>
      <trkpt lat="35.472106" lon="-95.327683"></trkpt>
      <trkpt lat="35.472181" lon="-95.327339"></trkpt>
      <trkpt lat="35.472426" lon="-95.326234"></trkpt>
      <trkpt lat="35.475231" lon="-95.313380"></trkpt>
      <trkpt lat="35.475512" lon="-95.312082"></trkpt>
      <trkpt lat="35.476345" lon="-95.308169"></trkpt>
      <trkpt lat="35.476673" lon="-95.306686"></trkpt>
      <trkpt lat="35.476690" lon="-95.306612"></trkpt>
      <trkpt lat="35.476850" lon="-95.305842"></trkpt>
      <trkpt lat="35.478084" lon="-95.300308"></trkpt>
      <trkpt lat="35.478293" lon="-95.299323"></trkpt>
      <trkpt lat="35.478662" lon="-95.297603"></trkpt>
      <trkpt lat="35.478820" lon="-95.296863"></trkpt>
      <trkpt lat="35.479130" lon="-95.295470"></trkpt>
      <trkpt lat="35.479366" lon="-95.294356"></trkpt>
      <trkpt lat="35.479632" lon="-95.293128"></trkpt>
      <trkpt lat="35.479879" lon="-95.291964"></trkpt>
      <trkpt lat="35.480168" lon="-95.290501"></trkpt>
      <trkpt lat="35.480468" lon="-95.288928"></trkpt>
      <trkpt lat="35.480609" lon="-95.288093"></trkpt>
      <trkpt lat="35.480742" lon="-95.287279"></trkpt>
      <trkpt lat="35.480921" lon="-95.286149"></trkpt>
      <trkpt lat="35.481122" lon="-95.284766"></trkpt>
      <trkpt lat="35.481304" lon="-95.283445"></trkpt>
      <trkpt lat="35.481513" lon="-95.281752"></trkpt>
      <trkpt lat="35.481636" lon="-95.280583"></trkpt>
      <trkpt lat="35.481748" lon="-95.279414"></trkpt>
      <trkpt lat="35.481884" lon="-95.277856"></trkpt>
      <trkpt lat="35.481977" lon="-95.276587"></trkpt>
      <trkpt lat="35.482006" lon="-95.276142"></trkpt>
      <trkpt lat="35.482116" lon="-95.274364"></trkpt>
      <trkpt lat="35.482132" lon="-95.274022"></trkpt>
      <trkpt lat="35.482180" lon="-95.272662"></trkpt>
      <trkpt lat="35.482219" lon="-95.271374"></trkpt>
      <trkpt lat="35.482255" lon="-95.269218"></trkpt>
      <trkpt lat="35.482273" lon="-95.263783"></trkpt>
      <trkpt lat="35.482299" lon="-95.255980"></trkpt>
      <trkpt lat="35.482304" lon="-95.254042"></trkpt>
      <trkpt lat="35.482324" lon="-95.246670"></trkpt>
      <trkpt lat="35.482327" lon="-95.245927"></trkpt>
      <trkpt lat="35.482340" lon="-95.242617"></trkpt>
      <trkpt lat="35.482347" lon="-95.240839"></trkpt>
      <trkpt lat="35.482349" lon="-95.240457"></trkpt>
      <trkpt lat="35.482348" lon="-95.238945"></trkpt>
      <trkpt lat="35.482354" lon="-95.238555"></trkpt>
      <trkpt lat="35.482358" lon="-95.237988"></trkpt>
      <trkpt lat="35.482356" lon="-95.237014"></trkpt>
      <trkpt lat="35.482355" lon="-95.236040"></trkpt>
      <trkpt lat="35.482337" lon="-95.235207"></trkpt>
      <trkpt lat="35.482316" lon="-95.234449"></trkpt>
      <trkpt lat="35.482296" lon="-95.233999"></trkpt>
      <trkpt lat="35.482265" lon="-95.233256"></trkpt>
      <trkpt lat="35.482225" lon="-95.232448"></trkpt>
      <trkpt lat="35.482174" lon="-95.231630"></trkpt>
      <trkpt lat="35.482119" lon="-95.230846"></trkpt>
      <trkpt lat="35.482053" lon="-95.230018"></trkpt>
      <trkpt lat="35.481926" lon="-95.228629"></trkpt>
      <trkpt lat="35.481848" lon="-95.227904"></trkpt>
      <trkpt lat="35.481777" lon="-95.227210"></trkpt>
      <trkpt lat="35.481637" lon="-95.226058"></trkpt>
      <trkpt lat="35.481518" lon="-95.224946"></trkpt>
      <trkpt lat="35.481395" lon="-95.223925"></trkpt>
      <trkpt lat="35.481298" lon="-95.223049"></trkpt>
      <trkpt lat="35.481223" lon="-95.222227"></trkpt>
      <trkpt lat="35.481163" lon="-95.221404"></trkpt>
      <trkpt lat="35.481122" lon="-95.220572"></trkpt>
      <trkpt lat="35.481094" lon="-95.219732"></trkpt>
      <trkpt lat="35.481086" lon="-95.218927"></trkpt>
      <trkpt lat="35.481094" lon="-95.218140"></trkpt>
      <trkpt lat="35.481120" lon="-95.216773"></trkpt>
      <trkpt lat="35.481175" lon="-95.215833"></trkpt>
      <trkpt lat="35.481217" lon="-95.215242"></trkpt>
      <trkpt lat="35.481267" lon="-95.214661"></trkpt>
      <trkpt lat="35.481350" lon="-95.213840"></trkpt>
      <trkpt lat="35.481476" lon="-95.212821"></trkpt>
      <trkpt lat="35.481599" lon="-95.211964"></trkpt>
      <trkpt lat="35.481741" lon="-95.211120"></trkpt>
      <trkpt lat="35.481911" lon="-95.210251"></trkpt>
      <trkpt lat="35.482085" lon="-95.209388"></trkpt>
      <trkpt lat="35.482421" lon="-95.207838"></trkpt>
      <trkpt lat="35.482665" lon="-95.206680"></trkpt>
      <trkpt lat="35.482916" lon="-95.205538"></trkpt>
      <trkpt lat="35.483045" lon="-95.204932"></trkpt>
      <trkpt lat="35.483171" lon="-95.204364"></trkpt>
      <trkpt lat="35.483275" lon="-95.203884"></trkpt>
      <trkpt lat="35.483347" lon="-95.203497"></trkpt>
      <trkpt lat="35.483456" lon="-95.203019"></trkpt>
      <trkpt lat="35.483912" lon="-95.200960"></trkpt>
      <trkpt lat="35.484321" lon="-95.199068"></trkpt>
      <trkpt lat="35.485064" lon="-95.195643"></trkpt>
      <trkpt lat="35.486438" lon="-95.189307"></trkpt>
      <trkpt lat="35.486711" lon="-95.188016"></trkpt>
      <trkpt lat="35.486932" lon="-95.187001"></trkpt>
      <trkpt lat="35.487110" lon="-95.186162"></trkpt>
      <trkpt lat="35.487277" lon="-95.185325"></trkpt>
      <trkpt lat="35.487396" lon="-95.184576"></trkpt>
      <trkpt lat="35.487520" lon="-95.183746"></trkpt>
      <trkpt lat="35.487653" lon="-95.182712"></trkpt>
      <trkpt lat="35.487707" lon="-95.182093"></trkpt>
      <trkpt lat="35.487781" lon="-95.181174"></trkpt>
      <trkpt lat="35.487834" lon="-95.180310"></trkpt>
      <trkpt lat="35.487860" lon="-95.179507"></trkpt>
      <trkpt lat="35.487872" lon="-95.178536"></trkpt>
      <trkpt lat="35.487855" lon="-95.177533"></trkpt>
      <trkpt lat="35.487809" lon="-95.176334"></trkpt>
      <trkpt lat="35.487768" lon="-95.175696"></trkpt>
      <trkpt lat="35.487719" lon="-95.175091"></trkpt>
      <trkpt lat="35.487641" lon="-95.174321"></trkpt>
      <trkpt lat="35.487563" lon="-95.173673"></trkpt>
      <trkpt lat="35.487486" lon="-95.173085"></trkpt>
      <trkpt lat="35.487391" lon="-95.172468"></trkpt>
      <trkpt lat="35.487331" lon="-95.172085"></trkpt>
      <trkpt lat="35.487251" lon="-95.171627"></trkpt>
      <trkpt lat="35.487081" lon="-95.170760"></trkpt>
      <trkpt lat="35.486931" lon="-95.170073"></trkpt>
      <trkpt lat="35.486616" lon="-95.168643"></trkpt>
      <trkpt lat="35.486456" lon="-95.167945"></trkpt>
      <trkpt lat="35.486241" lon="-95.166945"></trkpt>
      <trkpt lat="35.485828" lon="-95.165055"></trkpt>
      <trkpt lat="35.485034" lon="-95.161306"></trkpt>
      <trkpt lat="35.484592" lon="-95.159487"></trkpt>
      <trkpt lat="35.484107" lon="-95.157324"></trkpt>
      <trkpt lat="35.483863" lon="-95.156236"></trkpt>
      <trkpt lat="35.483637" lon="-95.155152"></trkpt>
      <trkpt lat="35.483347" lon="-95.153660"></trkpt>
      <trkpt lat="35.483231" lon="-95.153010"></trkpt>
      <trkpt lat="35.483110" lon="-95.152320"></trkpt>
      <trkpt lat="35.482913" lon="-95.151106"></trkpt>
      <trkpt lat="35.482742" lon="-95.149984"></trkpt>
      <trkpt lat="35.482683" lon="-95.149597"></trkpt>
      <trkpt lat="35.482480" lon="-95.147869"></trkpt>
      <trkpt lat="35.482343" lon="-95.146638"></trkpt>
      <trkpt lat="35.482209" lon="-95.145169"></trkpt>
      <trkpt lat="35.482055" lon="-95.143113"></trkpt>
      <trkpt lat="35.481960" lon="-95.141150"></trkpt>
      <trkpt lat="35.481909" lon="-95.139655"></trkpt>
      <trkpt lat="35.481884" lon="-95.136223"></trkpt>
      <trkpt lat="35.481871" lon="-95.132232"></trkpt>
      <trkpt lat="35.481818" lon="-95.123841"></trkpt>
      <trkpt lat="35.481816" lon="-95.123468"></trkpt>
      <trkpt lat="35.481812" lon="-95.120033"></trkpt>
      <trkpt lat="35.481817" lon="-95.118659"></trkpt>
      <trkpt lat="35.481841" lon="-95.117690"></trkpt>
      <trkpt lat="35.481877" lon="-95.116828"></trkpt>
      <trkpt lat="35.481928" lon="-95.115956"></trkpt>
      <trkpt lat="35.481980" lon="-95.115236"></trkpt>
      <trkpt lat="35.482020" lon="-95.114774"></trkpt>
      <trkpt lat="35.482097" lon="-95.114002"></trkpt>
      <trkpt lat="35.482194" lon="-95.113157"></trkpt>
      <trkpt lat="35.482334" lon="-95.112166"></trkpt>
      <trkpt lat="35.482427" lon="-95.111558"></trkpt>
      <trkpt lat="35.482557" lon="-95.110764"></trkpt>
      <trkpt lat="35.482687" lon="-95.110040"></trkpt>
      <trkpt lat="35.482878" lon="-95.109092"></trkpt>
      <trkpt lat="35.483071" lon="-95.108219"></trkpt>
      <trkpt lat="35.483260" lon="-95.107444"></trkpt>
      <trkpt lat="35.483455" lon="-95.106695"></trkpt>
      <trkpt lat="35.483697" lon="-95.105811"></trkpt>
      <trkpt lat="35.483951" lon="-95.104938"></trkpt>
      <trkpt lat="35.484316" lon="-95.103795"></trkpt>
      <trkpt lat="35.484624" lon="-95.102920"></trkpt>
      <trkpt lat="35.485124" lon="-95.101564"></trkpt>
      <trkpt lat="35.485585" lon="-95.100343"></trkpt>
      <trkpt lat="35.487976" lon="-95.093919"></trkpt>
      <trkpt lat="35.488366" lon="-95.092829"></trkpt>
      <trkpt lat="35.488564" lon="-95.092255"></trkpt>
      <trkpt lat="35.488769" lon="-95.091602"></trkpt>
      <trkpt lat="35.488906" lon="-95.091094"></trkpt>
      <trkpt lat="35.489042" lon="-95.090552"></trkpt>
      <trkpt lat="35.489173" lon="-95.089972"></trkpt>
      <trkpt lat="35.489295" lon="-95.089377"></trkpt>
      <trkpt lat="35.489395" lon="-95.088777"></trkpt>
      <trkpt lat="35.489504" lon="-95.088060"></trkpt>
      <trkpt lat="35.489584" lon="-95.087283"></trkpt>
      <trkpt lat="35.489636" lon="-95.086590"></trkpt>
      <trkpt lat="35.489674" lon="-95.085887"></trkpt>
      <trkpt lat="35.489683" lon="-95.085039"></trkpt>
      <trkpt lat="35.489677" lon="-95.084538"></trkpt>
      <trkpt lat="35.489633" lon="-95.083548"></trkpt>
      <trkpt lat="35.489539" lon="-95.082504"></trkpt>
      <trkpt lat="35.489453" lon="-95.081793"></trkpt>
      <trkpt lat="35.489343" lon="-95.081087"></trkpt>
      <trkpt lat="35.489201" lon="-95.080147"></trkpt>
      <trkpt lat="35.489124" lon="-95.079575"></trkpt>
      <trkpt lat="35.489068" lon="-95.079063"></trkpt>
      <trkpt lat="35.489000" lon="-95.078423"></trkpt>
      <trkpt lat="35.488918" lon="-95.077493"></trkpt>
      <trkpt lat="35.488874" lon="-95.076855"></trkpt>
      <trkpt lat="35.488833" lon="-95.076155"></trkpt>
      <trkpt lat="35.488806" lon="-95.075597"></trkpt>
      <trkpt lat="35.488789" lon="-95.075077"></trkpt>
      <trkpt lat="35.488779" lon="-95.074596"></trkpt>
      <trkpt lat="35.488773" lon="-95.073884"></trkpt>
      <trkpt lat="35.488775" lon="-95.073134"></trkpt>
      <trkpt lat="35.488806" lon="-95.071934"></trkpt>
      <trkpt lat="35.488840" lon="-95.071164"></trkpt>
      <trkpt lat="35.488876" lon="-95.070564"></trkpt>
      <trkpt lat="35.488919" lon="-95.069995"></trkpt>
      <trkpt lat="35.488970" lon="-95.069434"></trkpt>
      <trkpt lat="35.489019" lon="-95.068915"></trkpt>
      <trkpt lat="35.489066" lon="-95.068467"></trkpt>
      <trkpt lat="35.489142" lon="-95.067827"></trkpt>
      <trkpt lat="35.489252" lon="-95.067025"></trkpt>
      <trkpt lat="35.489349" lon="-95.066406"></trkpt>
      <trkpt lat="35.489454" lon="-95.065785"></trkpt>
      <trkpt lat="35.489644" lon="-95.064635"></trkpt>
      <trkpt lat="35.489880" lon="-95.063268"></trkpt>
      <trkpt lat="35.490170" lon="-95.061591"></trkpt>
      <trkpt lat="35.490634" lon="-95.058884"></trkpt>
      <trkpt lat="35.490824" lon="-95.057742"></trkpt>
      <trkpt lat="35.490944" lon="-95.056901"></trkpt>
      <trkpt lat="35.491015" lon="-95.056287"></trkpt>
      <trkpt lat="35.491091" lon="-95.055533"></trkpt>
      <trkpt lat="35.491149" lon="-95.054703"></trkpt>
      <trkpt lat="35.491192" lon="-95.053927"></trkpt>
      <trkpt lat="35.491216" lon="-95.053008"></trkpt>
      <trkpt lat="35.491211" lon="-95.052246"></trkpt>
      <trkpt lat="35.491184" lon="-95.051396"></trkpt>
      <trkpt lat="35.491142" lon="-95.050655"></trkpt>
      <trkpt lat="35.491091" lon="-95.049949"></trkpt>
      <trkpt lat="35.491025" lon="-95.049281"></trkpt>
      <trkpt lat="35.490961" lon="-95.048711"></trkpt>
      <trkpt lat="35.490856" lon="-95.047972"></trkpt>
      <trkpt lat="35.490712" lon="-95.047143"></trkpt>
      <trkpt lat="35.490540" lon="-95.046233"></trkpt>
      <trkpt lat="35.490323" lon="-95.045284"></trkpt>
      <trkpt lat="35.490115" lon="-95.044381"></trkpt>
      <trkpt lat="35.489951" lon="-95.043676"></trkpt>
      <trkpt lat="35.489829" lon="-95.043050"></trkpt>
      <trkpt lat="35.489695" lon="-95.042320"></trkpt>
      <trkpt lat="35.489589" lon="-95.041634"></trkpt>
      <trkpt lat="35.489468" lon="-95.040859"></trkpt>
      <trkpt lat="35.489359" lon="-95.039977"></trkpt>
      <trkpt lat="35.489269" lon="-95.039044"></trkpt>
      <trkpt lat="35.489216" lon="-95.038377"></trkpt>
      <trkpt lat="35.489175" lon="-95.037709"></trkpt>
      <trkpt lat="35.489138" lon="-95.036941"></trkpt>
      <trkpt lat="35.489123" lon="-95.036140"></trkpt>
      <trkpt lat="35.489115" lon="-95.035453"></trkpt>
      <trkpt lat="35.489129" lon="-95.034588"></trkpt>
      <trkpt lat="35.489161" lon="-95.033776"></trkpt>
      <trkpt lat="35.489202" lon="-95.033101"></trkpt>
      <trkpt lat="35.489247" lon="-95.032441"></trkpt>
      <trkpt lat="35.489304" lon="-95.031747"></trkpt>
      <trkpt lat="35.489389" lon="-95.031031"></trkpt>
      <trkpt lat="35.489648" lon="-95.029050"></trkpt>
      <trkpt lat="35.489923" lon="-95.027068"></trkpt>
      <trkpt lat="35.490033" lon="-95.026209"></trkpt>
      <trkpt lat="35.490084" lon="-95.025823"></trkpt>
      <trkpt lat="35.490497" lon="-95.022977"></trkpt>
      <trkpt lat="35.490677" lon="-95.021621"></trkpt>
      <trkpt lat="35.490773" lon="-95.020898"></trkpt>
      <trkpt lat="35.490896" lon="-95.019995"></trkpt>
      <trkpt lat="35.491090" lon="-95.018580"></trkpt>
      <trkpt lat="35.491259" lon="-95.017377"></trkpt>
      <trkpt lat="35.491415" lon="-95.016347"></trkpt>
      <trkpt lat="35.491509" lon="-95.015827"></trkpt>
      <trkpt lat="35.491602" lon="-95.015308"></trkpt>
      <trkpt lat="35.491791" lon="-95.014349"></trkpt>
      <trkpt lat="35.491949" lon="-95.013616"></trkpt>
      <trkpt lat="35.492085" lon="-95.013017"></trkpt>
      <trkpt lat="35.492232" lon="-95.012427"></trkpt>
      <trkpt lat="35.492373" lon="-95.011883"></trkpt>
      <trkpt lat="35.492566" lon="-95.011191"></trkpt>
      <trkpt lat="35.492750" lon="-95.010510"></trkpt>
      <trkpt lat="35.492889" lon="-95.009958"></trkpt>
      <trkpt lat="35.492993" lon="-95.009505"></trkpt>
      <trkpt lat="35.493085" lon="-95.009060"></trkpt>
      <trkpt lat="35.493137" lon="-95.008705"></trkpt>
      <trkpt lat="35.493197" lon="-95.008147"></trkpt>
      <trkpt lat="35.493238" lon="-95.007634"></trkpt>
      <trkpt lat="35.493252" lon="-95.007165"></trkpt>
      <trkpt lat="35.493242" lon="-95.006666"></trkpt>
      <trkpt lat="35.493220" lon="-95.006228"></trkpt>
      <trkpt lat="35.493174" lon="-95.005724"></trkpt>
      <trkpt lat="35.493113" lon="-95.005242"></trkpt>
      <trkpt lat="35.493016" lon="-95.004738"></trkpt>
      <trkpt lat="35.492920" lon="-95.004272"></trkpt>
      <trkpt lat="35.492766" lon="-95.003713"></trkpt>
      <trkpt lat="35.492593" lon="-95.003191"></trkpt>
      <trkpt lat="35.492385" lon="-95.002651"></trkpt>
      <trkpt lat="35.492129" lon="-95.002083"></trkpt>
      <trkpt lat="35.491714" lon="-95.001266"></trkpt>
      <trkpt lat="35.491296" lon="-95.000461"></trkpt>
      <trkpt lat="35.491057" lon="-94.999994"></trkpt>
      <trkpt lat="35.490840" lon="-94.999566"></trkpt>
      <trkpt lat="35.490662" lon="-94.999177"></trkpt>
      <trkpt lat="35.490481" lon="-94.998770"></trkpt>
      <trkpt lat="35.490270" lon="-94.998255"></trkpt>
      <trkpt lat="35.490063" lon="-94.997695"></trkpt>
      <trkpt lat="35.489893" lon="-94.997203"></trkpt>
      <trkpt lat="35.489632" lon="-94.996338"></trkpt>
      <trkpt lat="35.489512" lon="-94.995862"></trkpt>
      <trkpt lat="35.489397" lon="-94.995351"></trkpt>
      <trkpt lat="35.489277" lon="-94.994769"></trkpt>
      <trkpt lat="35.489182" lon="-94.994199"></trkpt>
      <trkpt lat="35.489042" lon="-94.993217"></trkpt>
      <trkpt lat="35.488994" lon="-94.992761"></trkpt>
      <trkpt lat="35.488963" lon="-94.992250"></trkpt>
      <trkpt lat="35.488931" lon="-94.991470"></trkpt>
      <trkpt lat="35.488926" lon="-94.990747"></trkpt>
      <trkpt lat="35.488941" lon="-94.990059"></trkpt>
      <trkpt lat="35.488972" lon="-94.989559"></trkpt>
      <trkpt lat="35.489035" lon="-94.988789"></trkpt>
      <trkpt lat="35.489140" lon="-94.987691"></trkpt>
      <trkpt lat="35.489248" lon="-94.986200"></trkpt>
      <trkpt lat="35.489287" lon="-94.985555"></trkpt>
      <trkpt lat="35.489317" lon="-94.985018"></trkpt>
      <trkpt lat="35.489344" lon="-94.984535"></trkpt>
      <trkpt lat="35.489355" lon="-94.984133"></trkpt>
      <trkpt lat="35.489370" lon="-94.983475"></trkpt>
      <trkpt lat="35.489380" lon="-94.982314"></trkpt>
      <trkpt lat="35.489370" lon="-94.981233"></trkpt>
      <trkpt lat="35.489338" lon="-94.980160"></trkpt>
      <trkpt lat="35.489287" lon="-94.979054"></trkpt>
      <trkpt lat="35.489271" lon="-94.978784"></trkpt>
      <trkpt lat="35.489200" lon="-94.977542"></trkpt>
      <trkpt lat="35.489155" lon="-94.976916"></trkpt>
      <trkpt lat="35.489118" lon="-94.976395"></trkpt>
      <trkpt lat="35.489056" lon="-94.975688"></trkpt>
      <trkpt lat="35.488962" lon="-94.974883"></trkpt>
      <trkpt lat="35.488857" lon="-94.974101"></trkpt>
      <trkpt lat="35.488760" lon="-94.973469"></trkpt>
      <trkpt lat="35.488699" lon="-94.973102"></trkpt>
      <trkpt lat="35.488607" lon="-94.972602"></trkpt>
      <trkpt lat="35.488472" lon="-94.971898"></trkpt>
      <trkpt lat="35.488306" lon="-94.971120"></trkpt>
      <trkpt lat="35.488121" lon="-94.970340"></trkpt>
      <trkpt lat="35.487859" lon="-94.969321"></trkpt>
      <trkpt lat="35.487600" lon="-94.968449"></trkpt>
      <trkpt lat="35.487258" lon="-94.967383"></trkpt>
      <trkpt lat="35.487054" lon="-94.966797"></trkpt>
      <trkpt lat="35.486858" lon="-94.966272"></trkpt>
      <trkpt lat="35.486480" lon="-94.965295"></trkpt>
      <trkpt lat="35.486188" lon="-94.964626"></trkpt>
      <trkpt lat="35.485907" lon="-94.964002"></trkpt>
      <trkpt lat="35.485748" lon="-94.963653"></trkpt>
      <trkpt lat="35.485367" lon="-94.962862"></trkpt>
      <trkpt lat="35.485126" lon="-94.962396"></trkpt>
      <trkpt lat="35.484880" lon="-94.961932"></trkpt>
      <trkpt lat="35.484325" lon="-94.960959"></trkpt>
      <trkpt lat="35.483926" lon="-94.960284"></trkpt>
      <trkpt lat="35.483465" lon="-94.959558"></trkpt>
      <trkpt lat="35.483174" lon="-94.959119"></trkpt>
      <trkpt lat="35.482769" lon="-94.958541"></trkpt>
      <trkpt lat="35.481309" lon="-94.956457"></trkpt>
      <trkpt lat="35.480858" lon="-94.955820"></trkpt>
      <trkpt lat="35.479674" lon="-94.954125"></trkpt>
      <trkpt lat="35.478363" lon="-94.952273"></trkpt>
      <trkpt lat="35.473162" lon="-94.944853"></trkpt>
      <trkpt lat="35.472110" lon="-94.943349"></trkpt>
      <trkpt lat="35.468009" lon="-94.937488"></trkpt>
      <trkpt lat="35.467597" lon="-94.936880"></trkpt>
      <trkpt lat="35.467185" lon="-94.936258"></trkpt>
      <trkpt lat="35.466880" lon="-94.935798"></trkpt>
      <trkpt lat="35.466630" lon="-94.935400"></trkpt>
      <trkpt lat="35.466429" lon="-94.935079"></trkpt>
      <trkpt lat="35.465770" lon="-94.934032"></trkpt>
      <trkpt lat="35.464898" lon="-94.932574"></trkpt>
      <trkpt lat="35.464041" lon="-94.931033"></trkpt>
      <trkpt lat="35.463615" lon="-94.930233"></trkpt>
      <trkpt lat="35.463178" lon="-94.929398"></trkpt>
      <trkpt lat="35.462741" lon="-94.928531"></trkpt>
      <trkpt lat="35.462320" lon="-94.927682"></trkpt>
      <trkpt lat="35.461482" lon="-94.925883"></trkpt>
      <trkpt lat="35.460894" lon="-94.924545"></trkpt>
      <trkpt lat="35.460363" lon="-94.923262"></trkpt>
      <trkpt lat="35.460086" lon="-94.922579"></trkpt>
      <trkpt lat="35.459834" lon="-94.921948"></trkpt>
      <trkpt lat="35.459403" lon="-94.920811"></trkpt>
      <trkpt lat="35.459266" lon="-94.920452"></trkpt>
      <trkpt lat="35.459095" lon="-94.919998"></trkpt>
      <trkpt lat="35.458795" lon="-94.919100"></trkpt>
      <trkpt lat="35.458390" lon="-94.917913"></trkpt>
      <trkpt lat="35.457879" lon="-94.916304"></trkpt>
      <trkpt lat="35.457633" lon="-94.915474"></trkpt>
      <trkpt lat="35.457408" lon="-94.914680"></trkpt>
      <trkpt lat="35.457083" lon="-94.913524"></trkpt>
      <trkpt lat="35.456691" lon="-94.912003"></trkpt>
      <trkpt lat="35.456453" lon="-94.911027"></trkpt>
      <trkpt lat="35.456213" lon="-94.910013"></trkpt>
      <trkpt lat="35.455932" lon="-94.908688"></trkpt>
      <trkpt lat="35.455669" lon="-94.907391"></trkpt>
      <trkpt lat="35.455424" lon="-94.906049"></trkpt>
      <trkpt lat="35.455225" lon="-94.904863"></trkpt>
      <trkpt lat="35.455131" lon="-94.904273"></trkpt>
      <trkpt lat="35.455047" lon="-94.903696"></trkpt>
      <trkpt lat="35.454899" lon="-94.902643"></trkpt>
      <trkpt lat="35.454763" lon="-94.901567"></trkpt>
      <trkpt lat="35.454687" lon="-94.900922"></trkpt>
      <trkpt lat="35.454611" lon="-94.900251"></trkpt>
      <trkpt lat="35.454472" lon="-94.898804"></trkpt>
      <trkpt lat="35.454410" lon="-94.898075"></trkpt>
      <trkpt lat="35.454348" lon="-94.897254"></trkpt>
      <trkpt lat="35.454280" lon="-94.896255"></trkpt>
      <trkpt lat="35.454205" lon="-94.894813"></trkpt>
      <trkpt lat="35.454176" lon="-94.894083"></trkpt>
      <trkpt lat="35.454150" lon="-94.893323"></trkpt>
      <trkpt lat="35.454088" lon="-94.890401"></trkpt>
      <trkpt lat="35.454063" lon="-94.889245"></trkpt>
      <trkpt lat="35.454041" lon="-94.888328"></trkpt>
      <trkpt lat="35.454029" lon="-94.887613"></trkpt>
      <trkpt lat="35.453981" lon="-94.885367"></trkpt>
      <trkpt lat="35.453973" lon="-94.884863"></trkpt>
      <trkpt lat="35.453896" lon="-94.881748"></trkpt>
      <trkpt lat="35.453869" lon="-94.880282"></trkpt>
      <trkpt lat="35.453830" lon="-94.878263"></trkpt>
      <trkpt lat="35.453821" lon="-94.876668"></trkpt>
      <trkpt lat="35.453834" lon="-94.875078"></trkpt>
      <trkpt lat="35.453873" lon="-94.873520"></trkpt>
      <trkpt lat="35.453916" lon="-94.872047"></trkpt>
      <trkpt lat="35.453985" lon="-94.870697"></trkpt>
      <trkpt lat="35.454050" lon="-94.869558"></trkpt>
      <trkpt lat="35.454201" lon="-94.867459"></trkpt>
      <trkpt lat="35.454230" lon="-94.867103"></trkpt>
      <trkpt lat="35.454300" lon="-94.866281"></trkpt>
      <trkpt lat="35.454391" lon="-94.865284"></trkpt>
      <trkpt lat="35.454487" lon="-94.864324"></trkpt>
      <trkpt lat="35.454687" lon="-94.862466"></trkpt>
      <trkpt lat="35.455098" lon="-94.858728"></trkpt>
      <trkpt lat="35.455306" lon="-94.856771"></trkpt>
      <trkpt lat="35.455388" lon="-94.856069"></trkpt>
      <trkpt lat="35.455469" lon="-94.855085"></trkpt>
      <trkpt lat="35.455515" lon="-94.854325"></trkpt>
      <trkpt lat="35.455549" lon="-94.853554"></trkpt>
      <trkpt lat="35.455569" lon="-94.852667"></trkpt>
      <trkpt lat="35.455579" lon="-94.851780"></trkpt>
      <trkpt lat="35.455560" lon="-94.850858"></trkpt>
      <trkpt lat="35.455534" lon="-94.850108"></trkpt>
      <trkpt lat="35.455502" lon="-94.849610"></trkpt>
      <trkpt lat="35.455469" lon="-94.849102"></trkpt>
      <trkpt lat="35.455410" lon="-94.848390"></trkpt>
      <trkpt lat="35.455341" lon="-94.847649"></trkpt>
      <trkpt lat="35.455284" lon="-94.847192"></trkpt>
      <trkpt lat="35.455238" lon="-94.846808"></trkpt>
      <trkpt lat="35.455129" lon="-94.846007"></trkpt>
      <trkpt lat="35.455003" lon="-94.845215"></trkpt>
      <trkpt lat="35.454851" lon="-94.844411"></trkpt>
      <trkpt lat="35.454678" lon="-94.843544"></trkpt>
      <trkpt lat="35.454360" lon="-94.842108"></trkpt>
      <trkpt lat="35.454061" lon="-94.840815"></trkpt>
      <trkpt lat="35.453948" lon="-94.840333"></trkpt>
      <trkpt lat="35.453823" lon="-94.839800"></trkpt>
      <trkpt lat="35.453440" lon="-94.838147"></trkpt>
      <trkpt lat="35.452048" lon="-94.832087"></trkpt>
      <trkpt lat="35.451950" lon="-94.831673"></trkpt>
      <trkpt lat="35.451735" lon="-94.830755"></trkpt>
      <trkpt lat="35.451387" lon="-94.829225"></trkpt>
      <trkpt lat="35.451132" lon="-94.828126"></trkpt>
      <trkpt lat="35.450599" lon="-94.825828"></trkpt>
      <trkpt lat="35.450354" lon="-94.824800"></trkpt>
      <trkpt lat="35.449846" lon="-94.822584"></trkpt>
      <trkpt lat="35.449545" lon="-94.821274"></trkpt>
      <trkpt lat="35.449304" lon="-94.820181"></trkpt>
      <trkpt lat="35.449062" lon="-94.819015"></trkpt>
      <trkpt lat="35.448864" lon="-94.817965"></trkpt>
      <trkpt lat="35.448769" lon="-94.817413"></trkpt>
      <trkpt lat="35.448670" lon="-94.816835"></trkpt>
      <trkpt lat="35.448491" lon="-94.815598"></trkpt>
      <trkpt lat="35.448432" lon="-94.815127"></trkpt>
      <trkpt lat="35.448415" lon="-94.814984"></trkpt>
      <trkpt lat="35.448341" lon="-94.814397"></trkpt>
      <trkpt lat="35.448195" lon="-94.812927"></trkpt>
      <trkpt lat="35.448117" lon="-94.811979"></trkpt>
      <trkpt lat="35.448072" lon="-94.811191"></trkpt>
      <trkpt lat="35.448016" lon="-94.810044"></trkpt>
      <trkpt lat="35.447999" lon="-94.809670"></trkpt>
      <trkpt lat="35.447985" lon="-94.809300"></trkpt>
      <trkpt lat="35.447971" lon="-94.807946"></trkpt>
      <trkpt lat="35.447976" lon="-94.805743"></trkpt>
      <trkpt lat="35.447975" lon="-94.805297"></trkpt>
      <trkpt lat="35.447984" lon="-94.801989"></trkpt>
      <trkpt lat="35.447988" lon="-94.800516"></trkpt>
      <trkpt lat="35.447974" lon="-94.799739"></trkpt>
      <trkpt lat="35.447951" lon="-94.799077"></trkpt>
      <trkpt lat="35.447936" lon="-94.798786"></trkpt>
      <trkpt lat="35.447911" lon="-94.798346"></trkpt>
      <trkpt lat="35.447879" lon="-94.797822"></trkpt>
      <trkpt lat="35.447806" lon="-94.796821"></trkpt>
      <trkpt lat="35.447777" lon="-94.796493"></trkpt>
      <trkpt lat="35.447735" lon="-94.796101"></trkpt>
      <trkpt lat="35.447674" lon="-94.795616"></trkpt>
      <trkpt lat="35.447586" lon="-94.794930"></trkpt>
      <trkpt lat="35.447436" lon="-94.793921"></trkpt>
      <trkpt lat="35.447290" lon="-94.793047"></trkpt>
      <trkpt lat="35.447124" lon="-94.792200"></trkpt>
      <trkpt lat="35.446988" lon="-94.791450"></trkpt>
      <trkpt lat="35.446899" lon="-94.790920"></trkpt>
      <trkpt lat="35.446820" lon="-94.790294"></trkpt>
      <trkpt lat="35.446757" lon="-94.789723"></trkpt>
      <trkpt lat="35.446715" lon="-94.789089"></trkpt>
      <trkpt lat="35.446687" lon="-94.788284"></trkpt>
      <trkpt lat="35.446686" lon="-94.787770"></trkpt>
      <trkpt lat="35.446713" lon="-94.787006"></trkpt>
      <trkpt lat="35.446772" lon="-94.786183"></trkpt>
      <trkpt lat="35.446876" lon="-94.785323"></trkpt>
      <trkpt lat="35.446973" lon="-94.784665"></trkpt>
      <trkpt lat="35.447070" lon="-94.784169"></trkpt>
      <trkpt lat="35.447215" lon="-94.783494"></trkpt>
      <trkpt lat="35.447416" lon="-94.782753"></trkpt>
      <trkpt lat="35.447636" lon="-94.782009"></trkpt>
      <trkpt lat="35.447835" lon="-94.781381"></trkpt>
      <trkpt lat="35.447991" lon="-94.780881"></trkpt>
      <trkpt lat="35.448173" lon="-94.780261"></trkpt>
      <trkpt lat="35.448367" lon="-94.779545"></trkpt>
      <trkpt lat="35.448549" lon="-94.778745"></trkpt>
      <trkpt lat="35.448710" lon="-94.777849"></trkpt>
      <trkpt lat="35.448790" lon="-94.777334"></trkpt>
      <trkpt lat="35.448867" lon="-94.776720"></trkpt>
      <trkpt lat="35.448945" lon="-94.775913"></trkpt>
      <trkpt lat="35.449005" lon="-94.774980"></trkpt>
      <trkpt lat="35.449042" lon="-94.773457"></trkpt>
      <trkpt lat="35.449118" lon="-94.771729"></trkpt>
      <trkpt lat="35.449183" lon="-94.770593"></trkpt>
      <trkpt lat="35.449257" lon="-94.769560"></trkpt>
      <trkpt lat="35.449505" lon="-94.766904"></trkpt>
      <trkpt lat="35.449762" lon="-94.764704"></trkpt>
      <trkpt lat="35.449840" lon="-94.764060"></trkpt>
      <trkpt lat="35.449953" lon="-94.763115"></trkpt>
      <trkpt lat="35.450120" lon="-94.761731"></trkpt>
      <trkpt lat="35.450249" lon="-94.760626"></trkpt>
      <trkpt lat="35.450484" lon="-94.758603"></trkpt>
      <trkpt lat="35.450498" lon="-94.758483"></trkpt>
      <trkpt lat="35.450606" lon="-94.757597"></trkpt>
      <trkpt lat="35.450655" lon="-94.757140"></trkpt>
      <trkpt lat="35.450691" lon="-94.756658"></trkpt>
      <trkpt lat="35.450727" lon="-94.756129"></trkpt>
      <trkpt lat="35.450737" lon="-94.755747"></trkpt>
      <trkpt lat="35.450738" lon="-94.755225"></trkpt>
      <trkpt lat="35.450732" lon="-94.754824"></trkpt>
      <trkpt lat="35.450702" lon="-94.754229"></trkpt>
      <trkpt lat="35.450659" lon="-94.753728"></trkpt>
      <trkpt lat="35.450622" lon="-94.753296"></trkpt>
      <trkpt lat="35.450558" lon="-94.752778"></trkpt>
      <trkpt lat="35.450491" lon="-94.752323"></trkpt>
      <trkpt lat="35.450361" lon="-94.751656"></trkpt>
      <trkpt lat="35.450196" lon="-94.750959"></trkpt>
      <trkpt lat="35.450053" lon="-94.750412"></trkpt>
      <trkpt lat="35.449931" lon="-94.749993"></trkpt>
      <trkpt lat="35.449689" lon="-94.749255"></trkpt>
      <trkpt lat="35.449504" lon="-94.748752"></trkpt>
      <trkpt lat="35.449271" lon="-94.748211"></trkpt>
      <trkpt lat="35.449081" lon="-94.747802"></trkpt>
      <trkpt lat="35.448900" lon="-94.747410"></trkpt>
      <trkpt lat="35.448584" lon="-94.746803"></trkpt>
      <trkpt lat="35.448186" lon="-94.746127"></trkpt>
      <trkpt lat="35.447910" lon="-94.745709"></trkpt>
      <trkpt lat="35.447666" lon="-94.745350"></trkpt>
      <trkpt lat="35.446371" lon="-94.743529"></trkpt>
      <trkpt lat="35.444886" lon="-94.741408"></trkpt>
      <trkpt lat="35.444720" lon="-94.741176"></trkpt>
      <trkpt lat="35.444195" lon="-94.740422"></trkpt>
      <trkpt lat="35.443769" lon="-94.739830"></trkpt>
      <trkpt lat="35.443228" lon="-94.739067"></trkpt>
      <trkpt lat="35.442414" lon="-94.737923"></trkpt>
      <trkpt lat="35.441934" lon="-94.737238"></trkpt>
      <trkpt lat="35.441204" lon="-94.736198"></trkpt>
      <trkpt lat="35.440696" lon="-94.735480"></trkpt>
      <trkpt lat="35.439167" lon="-94.733312"></trkpt>
      <trkpt lat="35.437510" lon="-94.730964"></trkpt>
      <trkpt lat="35.436452" lon="-94.729451"></trkpt>
      <trkpt lat="35.435922" lon="-94.728713"></trkpt>
      <trkpt lat="35.435098" lon="-94.727556"></trkpt>
      <trkpt lat="35.434798" lon="-94.727120"></trkpt>
      <trkpt lat="35.434121" lon="-94.726155"></trkpt>
      <trkpt lat="35.433586" lon="-94.725402"></trkpt>
      <trkpt lat="35.433119" lon="-94.724703"></trkpt>
      <trkpt lat="35.432319" lon="-94.723450"></trkpt>
      <trkpt lat="35.431552" lon="-94.722199"></trkpt>
      <trkpt lat="35.430803" lon="-94.720886"></trkpt>
      <trkpt lat="35.430346" lon="-94.720062"></trkpt>
      <trkpt lat="35.429694" lon="-94.718809"></trkpt>
      <trkpt lat="35.429287" lon="-94.718007"></trkpt>
      <trkpt lat="35.427624" lon="-94.714803"></trkpt>
      <trkpt lat="35.427084" lon="-94.713782"></trkpt>
      <trkpt lat="35.426475" lon="-94.712661"></trkpt>
      <trkpt lat="35.425055" lon="-94.710072"></trkpt>
      <trkpt lat="35.424501" lon="-94.709088"></trkpt>
      <trkpt lat="35.424345" lon="-94.708808"></trkpt>
      <trkpt lat="35.423468" lon="-94.707238"></trkpt>
      <trkpt lat="35.422651" lon="-94.705776"></trkpt>
      <trkpt lat="35.421798" lon="-94.704257"></trkpt>
      <trkpt lat="35.420537" lon="-94.702000"></trkpt>
      <trkpt lat="35.419941" lon="-94.700955"></trkpt>
      <trkpt lat="35.419201" lon="-94.699687"></trkpt>
      <trkpt lat="35.418623" lon="-94.698697"></trkpt>
      <trkpt lat="35.418579" lon="-94.698622"></trkpt>
      <trkpt lat="35.418353" lon="-94.698227"></trkpt>
      <trkpt lat="35.417774" lon="-94.697290"></trkpt>
      <trkpt lat="35.417062" lon="-94.696088"></trkpt>
      <trkpt lat="35.416385" lon="-94.695016"></trkpt>
      <trkpt lat="35.414783" lon="-94.692462"></trkpt>
      <trkpt lat="35.414664" lon="-94.692269"></trkpt>
      <trkpt lat="35.414092" lon="-94.691342"></trkpt>
      <trkpt lat="35.413175" lon="-94.689872"></trkpt>
      <trkpt lat="35.411959" lon="-94.687912"></trkpt>
      <trkpt lat="35.411332" lon="-94.686888"></trkpt>
      <trkpt lat="35.410136" lon="-94.684900"></trkpt>
      <trkpt lat="35.409487" lon="-94.683819"></trkpt>
      <trkpt lat="35.408965" lon="-94.682937"></trkpt>
      <trkpt lat="35.406613" lon="-94.678916"></trkpt>
      <trkpt lat="35.406022" lon="-94.677919"></trkpt>
      <trkpt lat="35.405452" lon="-94.676963"></trkpt>
      <trkpt lat="35.404992" lon="-94.676173"></trkpt>
      <trkpt lat="35.404801" lon="-94.675849"></trkpt>
      <trkpt lat="35.404298" lon="-94.674991"></trkpt>
      <trkpt lat="35.403527" lon="-94.673662"></trkpt>
      <trkpt lat="35.402999" lon="-94.672791"></trkpt>
      <trkpt lat="35.402660" lon="-94.672226"></trkpt>
      <trkpt lat="35.401865" lon="-94.670970"></trkpt>
      <trkpt lat="35.400192" lon="-94.668346"></trkpt>
      <trkpt lat="35.399078" lon="-94.666669"></trkpt>
      <trkpt lat="35.398338" lon="-94.665542"></trkpt>
      <trkpt lat="35.398032" lon="-94.665080"></trkpt>
      <trkpt lat="35.397560" lon="-94.664377"></trkpt>
      <trkpt lat="35.397175" lon="-94.663780"></trkpt>
      <trkpt lat="35.396661" lon="-94.662936"></trkpt>
      <trkpt lat="35.396438" lon="-94.662525"></trkpt>
      <trkpt lat="35.396085" lon="-94.661832"></trkpt>
      <trkpt lat="35.395872" lon="-94.661386"></trkpt>
      <trkpt lat="35.395652" lon="-94.660890"></trkpt>
      <trkpt lat="35.395130" lon="-94.659567"></trkpt>
      <trkpt lat="35.394891" lon="-94.658889"></trkpt>
      <trkpt lat="35.394607" lon="-94.657951"></trkpt>
      <trkpt lat="35.394428" lon="-94.657304"></trkpt>
      <trkpt lat="35.394230" lon="-94.656470"></trkpt>
      <trkpt lat="35.394077" lon="-94.655671"></trkpt>
      <trkpt lat="35.393974" lon="-94.655078"></trkpt>
      <trkpt lat="35.393879" lon="-94.654392"></trkpt>
      <trkpt lat="35.393791" lon="-94.653648"></trkpt>
      <trkpt lat="35.393715" lon="-94.652675"></trkpt>
      <trkpt lat="35.393686" lon="-94.652129"></trkpt>
      <trkpt lat="35.393673" lon="-94.651586"></trkpt>
      <trkpt lat="35.393672" lon="-94.649908"></trkpt>
      <trkpt lat="35.393650" lon="-94.637817"></trkpt>
      <trkpt lat="35.393649" lon="-94.637434"></trkpt>
      <trkpt lat="35.393632" lon="-94.622699"></trkpt>
      <trkpt lat="35.393632" lon="-94.622290"></trkpt>
      <trkpt lat="35.393626" lon="-94.618367"></trkpt>
      <trkpt lat="35.393621" lon="-94.616770"></trkpt>
      <trkpt lat="35.393606" lon="-94.615354"></trkpt>
      <trkpt lat="35.393579" lon="-94.613640"></trkpt>
      <trkpt lat="35.393282" lon="-94.601186"></trkpt>
      <trkpt lat="35.393270" lon="-94.600667"></trkpt>
      <trkpt lat="35.393206" lon="-94.597954"></trkpt>
      <trkpt lat="35.393196" lon="-94.597572"></trkpt>
      <trkpt lat="35.393098" lon="-94.593772"></trkpt>
      <trkpt lat="35.392867" lon="-94.584577"></trkpt>
      <trkpt lat="35.392859" lon="-94.584272"></trkpt>
      <trkpt lat="35.392713" lon="-94.578045"></trkpt>
      <trkpt lat="35.392705" lon="-94.577116"></trkpt>
      <trkpt lat="35.392708" lon="-94.576401"></trkpt>
      <trkpt lat="35.392747" lon="-94.575474"></trkpt>
      <trkpt lat="35.392788" lon="-94.574823"></trkpt>
      <trkpt lat="35.392838" lon="-94.574251"></trkpt>
      <trkpt lat="35.392920" lon="-94.573434"></trkpt>
      <trkpt lat="35.392986" lon="-94.572897"></trkpt>
      <trkpt lat="35.393067" lon="-94.572341"></trkpt>
      <trkpt lat="35.393143" lon="-94.571855"></trkpt>
      <trkpt lat="35.393249" lon="-94.571294"></trkpt>
      <trkpt lat="35.393416" lon="-94.570455"></trkpt>
      <trkpt lat="35.393570" lon="-94.569775"></trkpt>
      <trkpt lat="35.393723" lon="-94.569166"></trkpt>
      <trkpt lat="35.393886" lon="-94.568557"></trkpt>
      <trkpt lat="35.394137" lon="-94.567741"></trkpt>
      <trkpt lat="35.394326" lon="-94.567153"></trkpt>
      <trkpt lat="35.394517" lon="-94.566581"></trkpt>
      <trkpt lat="35.395391" lon="-94.563849"></trkpt>
      <trkpt lat="35.395589" lon="-94.563258"></trkpt>
      <trkpt lat="35.395836" lon="-94.562503"></trkpt>
      <trkpt lat="35.396064" lon="-94.561671"></trkpt>
      <trkpt lat="35.396309" lon="-94.560731"></trkpt>
      <trkpt lat="35.396547" lon="-94.559699"></trkpt>
      <trkpt lat="35.396722" lon="-94.558886"></trkpt>
      <trkpt lat="35.396944" lon="-94.557661"></trkpt>
      <trkpt lat="35.397091" lon="-94.556733"></trkpt>
      <trkpt lat="35.397237" lon="-94.555607"></trkpt>
      <trkpt lat="35.397389" lon="-94.554199"></trkpt>
      <trkpt lat="35.397495" lon="-94.552516"></trkpt>
      <trkpt lat="35.397535" lon="-94.551121"></trkpt>
      <trkpt lat="35.397529" lon="-94.549049"></trkpt>
      <trkpt lat="35.397526" lon="-94.548495"></trkpt>
      <trkpt lat="35.397545" lon="-94.546752"></trkpt>
      <trkpt lat="35.397572" lon="-94.545903"></trkpt>
      <trkpt lat="35.397627" lon="-94.545057"></trkpt>
      <trkpt lat="35.397725" lon="-94.543965"></trkpt>
      <trkpt lat="35.397822" lon="-94.543141"></trkpt>
      <trkpt lat="35.397927" lon="-94.542439"></trkpt>
      <trkpt lat="35.398036" lon="-94.541761"></trkpt>
      <trkpt lat="35.398216" lon="-94.540856"></trkpt>
      <trkpt lat="35.398369" lon="-94.540168"></trkpt>
      <trkpt lat="35.398501" lon="-94.539604"></trkpt>
      <trkpt lat="35.398657" lon="-94.539031"></trkpt>
      <trkpt lat="35.398853" lon="-94.538341"></trkpt>
      <trkpt lat="35.399095" lon="-94.537552"></trkpt>
      <trkpt lat="35.399482" lon="-94.536429"></trkpt>
      <trkpt lat="35.399821" lon="-94.535594"></trkpt>
      <trkpt lat="35.400271" lon="-94.534569"></trkpt>
      <trkpt lat="35.400520" lon="-94.534053"></trkpt>
      <trkpt lat="35.400831" lon="-94.533424"></trkpt>
      <trkpt lat="35.401200" lon="-94.532719"></trkpt>
      <trkpt lat="35.401570" lon="-94.532067"></trkpt>
      <trkpt lat="35.402170" lon="-94.531010"></trkpt>
      <trkpt lat="35.402983" lon="-94.529585"></trkpt>
      <trkpt lat="35.403514" lon="-94.528663"></trkpt>
      <trkpt lat="35.404188" lon="-94.527511"></trkpt>
      <trkpt lat="35.404861" lon="-94.526313"></trkpt>
      <trkpt lat="35.405518" lon="-94.525153"></trkpt>
      <trkpt lat="35.406195" lon="-94.523976"></trkpt>
      <trkpt lat="35.406820" lon="-94.522865"></trkpt>
      <trkpt lat="35.407421" lon="-94.521817"></trkpt>
      <trkpt lat="35.407970" lon="-94.520857"></trkpt>
      <trkpt lat="35.408491" lon="-94.519968"></trkpt>
      <trkpt lat="35.409154" lon="-94.518816"></trkpt>
      <trkpt lat="35.410038" lon="-94.517278"></trkpt>
      <trkpt lat="35.410745" lon="-94.516113"></trkpt>
      <trkpt lat="35.411548" lon="-94.514798"></trkpt>
      <trkpt lat="35.412289" lon="-94.513608"></trkpt>
      <trkpt lat="35.412371" lon="-94.513479"></trkpt>
      <trkpt lat="35.412538" lon="-94.513207"></trkpt>
      <trkpt lat="35.413117" lon="-94.512287"></trkpt>
      <trkpt lat="35.414192" lon="-94.510562"></trkpt>
      <trkpt lat="35.415195" lon="-94.508964"></trkpt>
      <trkpt lat="35.416129" lon="-94.507466"></trkpt>
      <trkpt lat="35.416633" lon="-94.506660"></trkpt>
      <trkpt lat="35.417226" lon="-94.505717"></trkpt>
      <trkpt lat="35.417755" lon="-94.504867"></trkpt>
      <trkpt lat="35.418315" lon="-94.503974"></trkpt>
      <trkpt lat="35.418722" lon="-94.503323"></trkpt>
      <trkpt lat="35.419064" lon="-94.502788"></trkpt>
      <trkpt lat="35.419388" lon="-94.502289"></trkpt>
      <trkpt lat="35.419660" lon="-94.501887"></trkpt>
      <trkpt lat="35.420142" lon="-94.501194"></trkpt>
      <trkpt lat="35.420646" lon="-94.500487"></trkpt>
      <trkpt lat="35.421041" lon="-94.499950"></trkpt>
      <trkpt lat="35.421440" lon="-94.499432"></trkpt>
      <trkpt lat="35.422091" lon="-94.498620"></trkpt>
      <trkpt lat="35.422616" lon="-94.497984"></trkpt>
      <trkpt lat="35.423241" lon="-94.497248"></trkpt>
      <trkpt lat="35.423685" lon="-94.496764"></trkpt>
      <trkpt lat="35.424412" lon="-94.495955"></trkpt>
      <trkpt lat="35.425343" lon="-94.494916"></trkpt>
      <trkpt lat="35.426252" lon="-94.493906"></trkpt>
      <trkpt lat="35.427234" lon="-94.492811"></trkpt>
      <trkpt lat="35.428397" lon="-94.491485"></trkpt>
      <trkpt lat="35.429123" lon="-94.490697"></trkpt>
      <trkpt lat="35.429654" lon="-94.490114"></trkpt>
      <trkpt lat="35.430162" lon="-94.489515"></trkpt>
      <trkpt lat="35.430638" lon="-94.488918"></trkpt>
      <trkpt lat="35.431089" lon="-94.488312"></trkpt>
      <trkpt lat="35.431544" lon="-94.487666"></trkpt>
      <trkpt lat="35.431928" lon="-94.487073"></trkpt>
      <trkpt lat="35.432314" lon="-94.486422"></trkpt>
      <trkpt lat="35.432671" lon="-94.485796"></trkpt>
      <trkpt lat="35.432868" lon="-94.485433"></trkpt>
      <trkpt lat="35.433012" lon="-94.485159"></trkpt>
      <trkpt lat="35.433335" lon="-94.484498"></trkpt>
      <trkpt lat="35.433578" lon="-94.483948"></trkpt>
      <trkpt lat="35.433828" lon="-94.483379"></trkpt>
      <trkpt lat="35.434126" lon="-94.482646"></trkpt>
      <trkpt lat="35.434357" lon="-94.482037"></trkpt>
      <trkpt lat="35.434567" lon="-94.481426"></trkpt>
      <trkpt lat="35.434797" lon="-94.480690"></trkpt>
      <trkpt lat="35.435000" lon="-94.479997"></trkpt>
      <trkpt lat="35.435146" lon="-94.479458"></trkpt>
      <trkpt lat="35.435453" lon="-94.478391"></trkpt>
      <trkpt lat="35.435625" lon="-94.477751"></trkpt>
      <trkpt lat="35.436075" lon="-94.476129"></trkpt>
      <trkpt lat="35.436184" lon="-94.475735"></trkpt>
      <trkpt lat="35.437754" lon="-94.470096"></trkpt>
      <trkpt lat="35.438058" lon="-94.469065"></trkpt>
      <trkpt lat="35.438274" lon="-94.468369"></trkpt>
      <trkpt lat="35.438506" lon="-94.467703"></trkpt>
      <trkpt lat="35.438768" lon="-94.467015"></trkpt>
      <trkpt lat="35.439035" lon="-94.466349"></trkpt>
      <trkpt lat="35.439327" lon="-94.465678"></trkpt>
      <trkpt lat="35.439604" lon="-94.465088"></trkpt>
      <trkpt lat="35.439902" lon="-94.464484"></trkpt>
      <trkpt lat="35.440205" lon="-94.463928"></trkpt>
      <trkpt lat="35.440584" lon="-94.463237"></trkpt>
      <trkpt lat="35.441121" lon="-94.462336"></trkpt>
      <trkpt lat="35.441573" lon="-94.461654"></trkpt>
      <trkpt lat="35.442068" lon="-94.460949"></trkpt>
      <trkpt lat="35.442480" lon="-94.460380"></trkpt>
      <trkpt lat="35.442982" lon="-94.459761"></trkpt>
      <trkpt lat="35.443411" lon="-94.459221"></trkpt>
      <trkpt lat="35.443785" lon="-94.458741"></trkpt>
      <trkpt lat="35.444128" lon="-94.458265"></trkpt>
      <trkpt lat="35.444458" lon="-94.457791"></trkpt>
      <trkpt lat="35.444800" lon="-94.457268"></trkpt>
      <trkpt lat="35.445127" lon="-94.456722"></trkpt>
      <trkpt lat="35.445390" lon="-94.456255"></trkpt>
      <trkpt lat="35.445647" lon="-94.455741"></trkpt>
      <trkpt lat="35.445915" lon="-94.455187"></trkpt>
      <trkpt lat="35.446143" lon="-94.454683"></trkpt>
      <trkpt lat="35.446417" lon="-94.454012"></trkpt>
      <trkpt lat="35.446627" lon="-94.453460"></trkpt>
      <trkpt lat="35.446802" lon="-94.452952"></trkpt>
      <trkpt lat="35.447011" lon="-94.452293"></trkpt>
      <trkpt lat="35.447194" lon="-94.451659"></trkpt>
      <trkpt lat="35.447420" lon="-94.450752"></trkpt>
      <trkpt lat="35.447911" lon="-94.448653"></trkpt>
      <trkpt lat="35.448035" lon="-94.448136"></trkpt>
      <trkpt lat="35.448351" lon="-94.447113"></trkpt>
      <trkpt lat="35.448548" lon="-94.446503"></trkpt>
      <trkpt lat="35.448789" lon="-94.445830"></trkpt>
      <trkpt lat="35.448971" lon="-94.445370"></trkpt>
      <trkpt lat="35.449182" lon="-94.444885"></trkpt>
      <trkpt lat="35.449515" lon="-94.444189"></trkpt>
      <trkpt lat="35.449710" lon="-94.443821"></trkpt>
      <trkpt lat="35.449891" lon="-94.443489"></trkpt>
      <trkpt lat="35.450139" lon="-94.443066"></trkpt>
      <trkpt lat="35.450370" lon="-94.442685"></trkpt>
      <trkpt lat="35.450598" lon="-94.442356"></trkpt>
      <trkpt lat="35.450878" lon="-94.441961"></trkpt>
      <trkpt lat="35.451091" lon="-94.441675"></trkpt>
      <trkpt lat="35.451310" lon="-94.441378"></trkpt>
      <trkpt lat="35.451627" lon="-94.440994"></trkpt>
      <trkpt lat="35.451875" lon="-94.440714"></trkpt>
      <trkpt lat="35.452646" lon="-94.439902"></trkpt>
      <trkpt lat="35.453480" lon="-94.439015"></trkpt>
      <trkpt lat="35.453983" lon="-94.438490"></trkpt>
      <trkpt lat="35.457096" lon="-94.435183"></trkpt>
      <trkpt lat="35.457618" lon="-94.434590"></trkpt>
      <trkpt lat="35.458059" lon="-94.434032"></trkpt>
      <trkpt lat="35.458418" lon="-94.433541"></trkpt>
      <trkpt lat="35.458765" lon="-94.433036"></trkpt>
      <trkpt lat="35.459053" lon="-94.432564"></trkpt>
      <trkpt lat="35.459368" lon="-94.432042"></trkpt>
      <trkpt lat="35.459600" lon="-94.431622"></trkpt>
      <trkpt lat="35.459924" lon="-94.430974"></trkpt>
      <trkpt lat="35.460270" lon="-94.430212"></trkpt>
      <trkpt lat="35.460453" lon="-94.429772"></trkpt>
      <trkpt lat="35.460638" lon="-94.429289"></trkpt>
      <trkpt lat="35.460781" lon="-94.428901"></trkpt>
      <trkpt lat="35.460982" lon="-94.428289"></trkpt>
      <trkpt lat="35.461170" lon="-94.427653"></trkpt>
      <trkpt lat="35.461292" lon="-94.427186"></trkpt>
      <trkpt lat="35.461486" lon="-94.426351"></trkpt>
      <trkpt lat="35.461653" lon="-94.425445"></trkpt>
      <trkpt lat="35.461766" lon="-94.424646"></trkpt>
      <trkpt lat="35.461808" lon="-94.424257"></trkpt>
      <trkpt lat="35.461847" lon="-94.423849"></trkpt>
      <trkpt lat="35.461922" lon="-94.422906"></trkpt>
      <trkpt lat="35.462000" lon="-94.421959"></trkpt>
      <trkpt lat="35.462095" lon="-94.420643"></trkpt>
      <trkpt lat="35.462484" lon="-94.415678"></trkpt>
      <trkpt lat="35.462717" lon="-94.412737"></trkpt>
      <trkpt lat="35.462806" lon="-94.411533"></trkpt>
      <trkpt lat="35.462813" lon="-94.411460"></trkpt>
      <trkpt lat="35.462853" lon="-94.411014"></trkpt>
      <trkpt lat="35.462911" lon="-94.410203"></trkpt>
      <trkpt lat="35.462934" lon="-94.409788"></trkpt>
      <trkpt lat="35.462942" lon="-94.409382"></trkpt>
      <trkpt lat="35.462928" lon="-94.408999"></trkpt>
      <trkpt lat="35.462902" lon="-94.408595"></trkpt>
      <trkpt lat="35.462815" lon="-94.407906"></trkpt>
      <trkpt lat="35.462686" lon="-94.407281"></trkpt>
      <trkpt lat="35.462535" lon="-94.406741"></trkpt>
      <trkpt lat="35.462377" lon="-94.406275"></trkpt>
      <trkpt lat="35.462180" lon="-94.405789"></trkpt>
      <trkpt lat="35.462024" lon="-94.405440"></trkpt>
      <trkpt lat="35.461840" lon="-94.405103"></trkpt>
      <trkpt lat="35.461002" lon="-94.403531"></trkpt>
      <trkpt lat="35.460714" lon="-94.402970"></trkpt>
      <trkpt lat="35.460542" lon="-94.402603"></trkpt>
      <trkpt lat="35.460338" lon="-94.402143"></trkpt>
      <trkpt lat="35.460191" lon="-94.401776"></trkpt>
      <trkpt lat="35.460103" lon="-94.401538"></trkpt>
      <trkpt lat="35.459884" lon="-94.400926"></trkpt>
      <trkpt lat="35.459627" lon="-94.400049"></trkpt>
      <trkpt lat="35.459498" lon="-94.399526"></trkpt>
      <trkpt lat="35.459417" lon="-94.399137"></trkpt>
      <trkpt lat="35.459317" lon="-94.398615"></trkpt>
      <trkpt lat="35.459244" lon="-94.398082"></trkpt>
      <trkpt lat="35.459196" lon="-94.397632"></trkpt>
      <trkpt lat="35.459133" lon="-94.396971"></trkpt>
      <trkpt lat="35.459105" lon="-94.396440"></trkpt>
      <trkpt lat="35.459092" lon="-94.396068"></trkpt>
      <trkpt lat="35.459092" lon="-94.395509"></trkpt>
      <trkpt lat="35.459103" lon="-94.395114"></trkpt>
      <trkpt lat="35.459117" lon="-94.394705"></trkpt>
      <trkpt lat="35.459150" lon="-94.394290"></trkpt>
      <trkpt lat="35.459188" lon="-94.393911"></trkpt>
      <trkpt lat="35.459235" lon="-94.393521"></trkpt>
      <trkpt lat="35.459312" lon="-94.392984"></trkpt>
      <trkpt lat="35.459432" lon="-94.392319"></trkpt>
      <trkpt lat="35.459551" lon="-94.391802"></trkpt>
      <trkpt lat="35.459643" lon="-94.391431"></trkpt>
      <trkpt lat="35.459795" lon="-94.390906"></trkpt>
      <trkpt lat="35.459944" lon="-94.390421"></trkpt>
      <trkpt lat="35.460081" lon="-94.390040"></trkpt>
      <trkpt lat="35.460320" lon="-94.389414"></trkpt>
      <trkpt lat="35.460742" lon="-94.388475"></trkpt>
      <trkpt lat="35.460982" lon="-94.388015"></trkpt>
      <trkpt lat="35.461164" lon="-94.387693"></trkpt>
      <trkpt lat="35.461287" lon="-94.387476"></trkpt>
      <trkpt lat="35.461486" lon="-94.387158"></trkpt>
      <trkpt lat="35.461770" lon="-94.386735"></trkpt>
      <trkpt lat="35.462194" lon="-94.386132"></trkpt>
      <trkpt lat="35.462580" lon="-94.385615"></trkpt>
      <trkpt lat="35.463123" lon="-94.384910"></trkpt>
      <trkpt lat="35.463555" lon="-94.384294"></trkpt>
      <trkpt lat="35.464361" lon="-94.383090"></trkpt>
      <trkpt lat="35.464836" lon="-94.382206"></trkpt>
      <trkpt lat="35.465262" lon="-94.380918"></trkpt>
      <trkpt lat="35.465437" lon="-94.379940"></trkpt>
      <trkpt lat="35.465507" lon="-94.378824"></trkpt>
      <trkpt lat="35.465430" lon="-94.377605"></trkpt>
      <trkpt lat="35.464815" lon="-94.373116"></trkpt>
      <trkpt lat="35.463745" lon="-94.365503"></trkpt>
      <trkpt lat="35.463054" lon="-94.360432"></trkpt>
      <trkpt lat="35.462592" lon="-94.357023"></trkpt>
      <trkpt lat="35.462478" lon="-94.356123"></trkpt>
      <trkpt lat="35.462045" lon="-94.352697"></trkpt>
      <trkpt lat="35.461893" lon="-94.351495"></trkpt>
      <trkpt lat="35.461061" lon="-94.342844"></trkpt>
      <trkpt lat="35.460600" lon="-94.338132"></trkpt>
      <trkpt lat="35.460446" lon="-94.336733"></trkpt>
      <trkpt lat="35.460229" lon="-94.335445"></trkpt>
      <trkpt lat="35.459754" lon="-94.333428"></trkpt>
      <trkpt lat="35.459341" lon="-94.332235"></trkpt>
      <trkpt lat="35.458859" lon="-94.331016"></trkpt>
      <trkpt lat="35.457348" lon="-94.327549"></trkpt>
      <trkpt lat="35.456969" lon="-94.326677"></trkpt>
      <trkpt lat="35.456006" lon="-94.324433"></trkpt>
      <trkpt lat="35.455672" lon="-94.323622"></trkpt>
      <trkpt lat="35.455414" lon="-94.322720"></trkpt>
      <trkpt lat="35.455264" lon="-94.321650"></trkpt>
      <trkpt lat="35.455197" lon="-94.320989"></trkpt>
      <trkpt lat="35.455176" lon="-94.320478"></trkpt>
      <trkpt lat="35.455186" lon="-94.319931"></trkpt>
      <trkpt lat="35.455215" lon="-94.319564"></trkpt>
      <trkpt lat="35.455271" lon="-94.319110"></trkpt>
      <trkpt lat="35.455377" lon="-94.318298"></trkpt>
      <trkpt lat="35.455432" lon="-94.317846"></trkpt>
      <trkpt lat="35.455677" lon="-94.315952"></trkpt>
      <trkpt lat="35.456550" lon="-94.309861"></trkpt>
      <trkpt lat="35.457476" lon="-94.303244"></trkpt>
      <trkpt lat="35.457707" lon="-94.301911"></trkpt>
      <trkpt lat="35.458094" lon="-94.300086"></trkpt>
      <trkpt lat="35.458290" lon="-94.299200"></trkpt>
      <trkpt lat="35.458630" lon="-94.297847"></trkpt>
      <trkpt lat="35.459203" lon="-94.295984"></trkpt>
      <trkpt lat="35.460898" lon="-94.291507"></trkpt>
      <trkpt lat="35.462147" lon="-94.288229"></trkpt>
      <trkpt lat="35.463069" lon="-94.285693"></trkpt>
      <trkpt lat="35.465572" lon="-94.279058"></trkpt>
      <trkpt lat="35.469291" lon="-94.269222"></trkpt>
      <trkpt lat="35.471149" lon="-94.264367"></trkpt>
      <trkpt lat="35.471856" lon="-94.262519"></trkpt>
      <trkpt lat="35.472702" lon="-94.260236"></trkpt>
      <trkpt lat="35.473191" lon="-94.258802"></trkpt>
      <trkpt lat="35.473792" lon="-94.257077"></trkpt>
      <trkpt lat="35.474453" lon="-94.255126"></trkpt>
      <trkpt lat="35.474802" lon="-94.254259"></trkpt>
      <trkpt lat="35.475313" lon="-94.253229"></trkpt>
      <trkpt lat="35.475788" lon="-94.252448"></trkpt>
      <trkpt lat="35.476774" lon="-94.250989"></trkpt>
      <trkpt lat="35.478219" lon="-94.248905"></trkpt>
      <trkpt lat="35.478423" lon="-94.248611"></trkpt>
      <trkpt lat="35.478950" lon="-94.247822"></trkpt>
      <trkpt lat="35.479726" lon="-94.246665"></trkpt>
      <trkpt lat="35.480618" lon="-94.245254"></trkpt>
      <trkpt lat="35.482491" lon="-94.242277"></trkpt>
      <trkpt lat="35.483280" lon="-94.241057"></trkpt>
      <trkpt lat="35.483735" lon="-94.240286"></trkpt>
      <trkpt lat="35.485608" lon="-94.237385"></trkpt>
      <trkpt lat="35.485903" lon="-94.236879"></trkpt>
      <trkpt lat="35.486230" lon="-94.236320"></trkpt>
      <trkpt lat="35.486740" lon="-94.235239"></trkpt>
      <trkpt lat="35.487180" lon="-94.234132"></trkpt>
      <trkpt lat="35.487516" lon="-94.232827"></trkpt>
      <trkpt lat="35.487754" lon="-94.231737"></trkpt>
      <trkpt lat="35.487888" lon="-94.231078"></trkpt>
      <trkpt lat="35.487949" lon="-94.230776"></trkpt>
      <trkpt lat="35.488411" lon="-94.228450"></trkpt>
      <trkpt lat="35.488825" lon="-94.226457"></trkpt>
      <trkpt lat="35.488987" lon="-94.225676"></trkpt>
      <trkpt lat="35.489161" lon="-94.224759"></trkpt>
      <trkpt lat="35.489344" lon="-94.223841"></trkpt>
      <trkpt lat="35.489866" lon="-94.221098"></trkpt>
      <trkpt lat="35.492555" lon="-94.207292"></trkpt>
      <trkpt lat="35.492722" lon="-94.206134"></trkpt>
      <trkpt lat="35.492841" lon="-94.204915"></trkpt>
      <trkpt lat="35.492876" lon="-94.203902"></trkpt>
      <trkpt lat="35.492869" lon="-94.202898"></trkpt>
      <trkpt lat="35.492820" lon="-94.201834"></trkpt>
      <trkpt lat="35.492694" lon="-94.200031"></trkpt>
      <trkpt lat="35.492471" lon="-94.198314"></trkpt>
      <trkpt lat="35.492099" lon="-94.195039"></trkpt>
      <trkpt lat="35.491513" lon="-94.189886"></trkpt>
      <trkpt lat="35.491423" lon="-94.188762"></trkpt>
      <trkpt lat="35.491360" lon="-94.187783"></trkpt>
      <trkpt lat="35.491353" lon="-94.186496"></trkpt>
      <trkpt lat="35.491402" lon="-94.185122"></trkpt>
      <trkpt lat="35.491541" lon="-94.183904"></trkpt>
      <trkpt lat="35.491751" lon="-94.182556"></trkpt>
      <trkpt lat="35.492003" lon="-94.181372"></trkpt>
      <trkpt lat="35.492331" lon="-94.180178"></trkpt>
      <trkpt lat="35.492671" lon="-94.179122"></trkpt>
      <trkpt lat="35.493393" lon="-94.177315"></trkpt>
      <trkpt lat="35.495266" lon="-94.172806"></trkpt>
      <trkpt lat="35.495598" lon="-94.171872"></trkpt>
      <trkpt lat="35.495864" lon="-94.171040"></trkpt>
      <trkpt lat="35.496058" lon="-94.170352"></trkpt>
      <trkpt lat="35.496336" lon="-94.169175"></trkpt>
      <trkpt lat="35.496458" lon="-94.168543"></trkpt>
      <trkpt lat="35.496612" lon="-94.167542"></trkpt>
      <trkpt lat="35.496748" lon="-94.166290"></trkpt>
      <trkpt lat="35.497135" lon="-94.161532"></trkpt>
      <trkpt lat="35.497362" lon="-94.158795"></trkpt>
      <trkpt lat="35.497470" lon="-94.157695"></trkpt>
      <trkpt lat="35.497642" lon="-94.156476"></trkpt>
      <trkpt lat="35.497859" lon="-94.155361"></trkpt>
      <trkpt lat="35.498229" lon="-94.153925"></trkpt>
      <trkpt lat="35.498603" lon="-94.152795"></trkpt>
      <trkpt lat="35.499053" lon="-94.151588"></trkpt>
      <trkpt lat="35.499879" lon="-94.149888"></trkpt>
      <trkpt lat="35.501485" lon="-94.146737"></trkpt>
      <trkpt lat="35.503678" lon="-94.142440"></trkpt>
      <trkpt lat="35.504338" lon="-94.141125"></trkpt>
      <trkpt lat="35.504882" lon="-94.139936"></trkpt>
      <trkpt lat="35.505161" lon="-94.139299"></trkpt>
      <trkpt lat="35.505626" lon="-94.138140"></trkpt>
      <trkpt lat="35.506466" lon="-94.136028"></trkpt>
      <trkpt lat="35.508363" lon="-94.131218"></trkpt>
      <trkpt lat="35.509982" lon="-94.127128"></trkpt>
      <trkpt lat="35.511272" lon="-94.123855"></trkpt>
      <trkpt lat="35.512915" lon="-94.119722"></trkpt>
      <trkpt lat="35.513169" lon="-94.119075"></trkpt>
      <trkpt lat="35.514212" lon="-94.116447"></trkpt>
      <trkpt lat="35.516693" lon="-94.110161"></trkpt>
      <trkpt lat="35.517792" lon="-94.107407"></trkpt>
      <trkpt lat="35.518288" lon="-94.106295"></trkpt>
      <trkpt lat="35.519155" lon="-94.104457"></trkpt>
      <trkpt lat="35.519641" lon="-94.103422"></trkpt>
      <trkpt lat="35.520230" lon="-94.102131"></trkpt>
      <trkpt lat="35.521087" lon="-94.100144"></trkpt>
      <trkpt lat="35.521572" lon="-94.098878"></trkpt>
      <trkpt lat="35.522102" lon="-94.097456"></trkpt>
      <trkpt lat="35.522472" lon="-94.096376"></trkpt>
      <trkpt lat="35.522868" lon="-94.095149"></trkpt>
      <trkpt lat="35.523315" lon="-94.093690"></trkpt>
      <trkpt lat="35.523797" lon="-94.091896"></trkpt>
      <trkpt lat="35.524349" lon="-94.089604"></trkpt>
      <trkpt lat="35.524733" lon="-94.087939"></trkpt>
      <trkpt lat="35.525935" lon="-94.082686"></trkpt>
      <trkpt lat="35.527456" lon="-94.076046"></trkpt>
      <trkpt lat="35.527737" lon="-94.074793"></trkpt>
      <trkpt lat="35.528005" lon="-94.073523"></trkpt>
      <trkpt lat="35.528122" lon="-94.072810"></trkpt>
      <trkpt lat="35.528230" lon="-94.071963"></trkpt>
      <trkpt lat="35.528304" lon="-94.070983"></trkpt>
      <trkpt lat="35.528330" lon="-94.069985"></trkpt>
      <trkpt lat="35.528319" lon="-94.068547"></trkpt>
      <trkpt lat="35.528247" lon="-94.064530"></trkpt>
      <trkpt lat="35.528147" lon="-94.057092"></trkpt>
      <trkpt lat="35.528074" lon="-94.052500"></trkpt>
      <trkpt lat="35.527898" lon="-94.041493"></trkpt>
      <trkpt lat="35.527855" lon="-94.038160"></trkpt>
      <trkpt lat="35.527834" lon="-94.036242"></trkpt>
      <trkpt lat="35.527755" lon="-94.031583"></trkpt>
      <trkpt lat="35.527539" lon="-94.016809"></trkpt>
      <trkpt lat="35.527532" lon="-94.016230"></trkpt>
      <trkpt lat="35.527437" lon="-94.010487"></trkpt>
      <trkpt lat="35.527415" lon="-94.009762"></trkpt>
      <trkpt lat="35.527363" lon="-94.008844"></trkpt>
      <trkpt lat="35.527266" lon="-94.007564"></trkpt>
      <trkpt lat="35.527105" lon="-94.005994"></trkpt>
      <trkpt lat="35.526489" lon="-94.000104"></trkpt>
      <trkpt lat="35.525429" lon="-93.989994"></trkpt>
      <trkpt lat="35.525362" lon="-93.989376"></trkpt>
      <trkpt lat="35.525305" lon="-93.988636"></trkpt>
      <trkpt lat="35.525282" lon="-93.987690"></trkpt>
      <trkpt lat="35.525301" lon="-93.987009"></trkpt>
      <trkpt lat="35.525369" lon="-93.986143"></trkpt>
      <trkpt lat="35.525462" lon="-93.985436"></trkpt>
      <trkpt lat="35.525554" lon="-93.984907"></trkpt>
      <trkpt lat="35.525673" lon="-93.984333"></trkpt>
      <trkpt lat="35.525820" lon="-93.983731"></trkpt>
      <trkpt lat="35.526055" lon="-93.982971"></trkpt>
      <trkpt lat="35.526522" lon="-93.981741"></trkpt>
      <trkpt lat="35.529220" lon="-93.975245"></trkpt>
      <trkpt lat="35.529587" lon="-93.974258"></trkpt>
      <trkpt lat="35.529890" lon="-93.973323"></trkpt>
      <trkpt lat="35.530144" lon="-93.972423"></trkpt>
      <trkpt lat="35.530345" lon="-93.971652"></trkpt>
      <trkpt lat="35.530515" lon="-93.970899"></trkpt>
      <trkpt lat="35.530634" lon="-93.970299"></trkpt>
      <trkpt lat="35.530791" lon="-93.969420"></trkpt>
      <trkpt lat="35.530943" lon="-93.968301"></trkpt>
      <trkpt lat="35.531031" lon="-93.967437"></trkpt>
      <trkpt lat="35.531080" lon="-93.966785"></trkpt>
      <trkpt lat="35.531106" lon="-93.966432"></trkpt>
      <trkpt lat="35.531144" lon="-93.965307"></trkpt>
      <trkpt lat="35.531154" lon="-93.964678"></trkpt>
      <trkpt lat="35.531104" lon="-93.963303"></trkpt>
      <trkpt lat="35.531047" lon="-93.962371"></trkpt>
      <trkpt lat="35.530974" lon="-93.961638"></trkpt>
      <trkpt lat="35.530889" lon="-93.960923"></trkpt>
      <trkpt lat="35.530346" lon="-93.957465"></trkpt>
      <trkpt lat="35.530260" lon="-93.956842"></trkpt>
      <trkpt lat="35.530200" lon="-93.956356"></trkpt>
      <trkpt lat="35.530147" lon="-93.955683"></trkpt>
      <trkpt lat="35.530127" lon="-93.955177"></trkpt>
      <trkpt lat="35.530126" lon="-93.954570"></trkpt>
      <trkpt lat="35.530149" lon="-93.954031"></trkpt>
      <trkpt lat="35.530187" lon="-93.953474"></trkpt>
      <trkpt lat="35.530283" lon="-93.952663"></trkpt>
      <trkpt lat="35.530356" lon="-93.952192"></trkpt>
      <trkpt lat="35.530514" lon="-93.951388"></trkpt>
      <trkpt lat="35.532690" lon="-93.941863"></trkpt>
      <trkpt lat="35.532851" lon="-93.941109"></trkpt>
      <trkpt lat="35.533002" lon="-93.940233"></trkpt>
      <trkpt lat="35.533073" lon="-93.939677"></trkpt>
      <trkpt lat="35.533138" lon="-93.939004"></trkpt>
      <trkpt lat="35.533180" lon="-93.938414"></trkpt>
      <trkpt lat="35.533199" lon="-93.937757"></trkpt>
      <trkpt lat="35.533194" lon="-93.936976"></trkpt>
      <trkpt lat="35.533150" lon="-93.936050"></trkpt>
      <trkpt lat="35.533094" lon="-93.935388"></trkpt>
      <trkpt lat="35.532992" lon="-93.934571"></trkpt>
      <trkpt lat="35.532827" lon="-93.933622"></trkpt>
      <trkpt lat="35.532615" lon="-93.932720"></trkpt>
      <trkpt lat="35.532390" lon="-93.931909"></trkpt>
      <trkpt lat="35.532229" lon="-93.931396"></trkpt>
      <trkpt lat="35.532008" lon="-93.930763"></trkpt>
      <trkpt lat="35.531745" lon="-93.930104"></trkpt>
      <trkpt lat="35.529416" lon="-93.925039"></trkpt>
      <trkpt lat="35.529153" lon="-93.924486"></trkpt>
      <trkpt lat="35.528493" lon="-93.923035"></trkpt>
      <trkpt lat="35.528208" lon="-93.922345"></trkpt>
      <trkpt lat="35.528000" lon="-93.921822"></trkpt>
      <trkpt lat="35.527603" lon="-93.920713"></trkpt>
      <trkpt lat="35.527374" lon="-93.920004"></trkpt>
      <trkpt lat="35.527206" lon="-93.919431"></trkpt>
      <trkpt lat="35.526972" lon="-93.918539"></trkpt>
      <trkpt lat="35.526817" lon="-93.917887"></trkpt>
      <trkpt lat="35.526646" lon="-93.917122"></trkpt>
      <trkpt lat="35.526494" lon="-93.916295"></trkpt>
      <trkpt lat="35.526363" lon="-93.915504"></trkpt>
      <trkpt lat="35.526242" lon="-93.914475"></trkpt>
      <trkpt lat="35.526138" lon="-93.913477"></trkpt>
      <trkpt lat="35.526054" lon="-93.912278"></trkpt>
      <trkpt lat="35.526038" lon="-93.911338"></trkpt>
      <trkpt lat="35.526054" lon="-93.910124"></trkpt>
      <trkpt lat="35.526078" lon="-93.909337"></trkpt>
      <trkpt lat="35.526136" lon="-93.908454"></trkpt>
      <trkpt lat="35.526253" lon="-93.907293"></trkpt>
      <trkpt lat="35.526462" lon="-93.905844"></trkpt>
      <trkpt lat="35.527055" lon="-93.902280"></trkpt>
      <trkpt lat="35.528205" lon="-93.895429"></trkpt>
      <trkpt lat="35.528388" lon="-93.894306"></trkpt>
      <trkpt lat="35.528546" lon="-93.893337"></trkpt>
      <trkpt lat="35.528614" lon="-93.892758"></trkpt>
      <trkpt lat="35.528665" lon="-93.892041"></trkpt>
      <trkpt lat="35.528685" lon="-93.890753"></trkpt>
      <trkpt lat="35.528624" lon="-93.889696"></trkpt>
      <trkpt lat="35.528533" lon="-93.888998"></trkpt>
      <trkpt lat="35.528426" lon="-93.888362"></trkpt>
      <trkpt lat="35.528305" lon="-93.887766"></trkpt>
      <trkpt lat="35.528056" lon="-93.886820"></trkpt>
      <trkpt lat="35.527712" lon="-93.885828"></trkpt>
      <trkpt lat="35.527432" lon="-93.885134"></trkpt>
      <trkpt lat="35.526860" lon="-93.883985"></trkpt>
      <trkpt lat="35.526214" lon="-93.882837"></trkpt>
      <trkpt lat="35.524245" lon="-93.879308"></trkpt>
      <trkpt lat="35.522574" lon="-93.876301"></trkpt>
      <trkpt lat="35.522272" lon="-93.875742"></trkpt>
      <trkpt lat="35.522008" lon="-93.875186"></trkpt>
      <trkpt lat="35.521748" lon="-93.874567"></trkpt>
      <trkpt lat="35.521481" lon="-93.873825"></trkpt>
      <trkpt lat="35.521174" lon="-93.872697"></trkpt>
      <trkpt lat="35.520983" lon="-93.871808"></trkpt>
      <trkpt lat="35.520857" lon="-93.870988"></trkpt>
      <trkpt lat="35.520781" lon="-93.870196"></trkpt>
      <trkpt lat="35.520757" lon="-93.869667"></trkpt>
      <trkpt lat="35.520741" lon="-93.869121"></trkpt>
      <trkpt lat="35.520745" lon="-93.868561"></trkpt>
      <trkpt lat="35.520944" lon="-93.865656"></trkpt>
      <trkpt lat="35.521018" lon="-93.864586"></trkpt>
      <trkpt lat="35.521367" lon="-93.859814"></trkpt>
      <trkpt lat="35.521750" lon="-93.854671"></trkpt>
      <trkpt lat="35.521753" lon="-93.853886"></trkpt>
      <trkpt lat="35.521727" lon="-93.853458"></trkpt>
      <trkpt lat="35.521660" lon="-93.852965"></trkpt>
      <trkpt lat="35.521525" lon="-93.852301"></trkpt>
      <trkpt lat="35.521367" lon="-93.851735"></trkpt>
      <trkpt lat="35.521132" lon="-93.851162"></trkpt>
      <trkpt lat="35.520838" lon="-93.850520"></trkpt>
      <trkpt lat="35.520566" lon="-93.850069"></trkpt>
      <trkpt lat="35.520084" lon="-93.849461"></trkpt>
      <trkpt lat="35.518496" lon="-93.847793"></trkpt>
      <trkpt lat="35.518010" lon="-93.847327"></trkpt>
      <trkpt lat="35.517479" lon="-93.846608"></trkpt>
      <trkpt lat="35.516931" lon="-93.845686"></trkpt>
      <trkpt lat="35.516516" lon="-93.844628"></trkpt>
      <trkpt lat="35.516248" lon="-93.843503"></trkpt>
      <trkpt lat="35.516164" lon="-93.842756"></trkpt>
      <trkpt lat="35.516145" lon="-93.842292"></trkpt>
      <trkpt lat="35.516145" lon="-93.841834"></trkpt>
      <trkpt lat="35.516153" lon="-93.841544"></trkpt>
      <trkpt lat="35.516175" lon="-93.841256"></trkpt>
      <trkpt lat="35.516358" lon="-93.838960"></trkpt>
      <trkpt lat="35.516421" lon="-93.838208"></trkpt>
      <trkpt lat="35.516508" lon="-93.837148"></trkpt>
      <trkpt lat="35.516593" lon="-93.836092"></trkpt>
      <trkpt lat="35.516867" lon="-93.832497"></trkpt>
      <trkpt lat="35.516981" lon="-93.831279"></trkpt>
      <trkpt lat="35.517021" lon="-93.830679"></trkpt>
      <trkpt lat="35.517052" lon="-93.830074"></trkpt>
      <trkpt lat="35.517076" lon="-93.829079"></trkpt>
      <trkpt lat="35.517030" lon="-93.828016"></trkpt>
      <trkpt lat="35.516918" lon="-93.826673"></trkpt>
      <trkpt lat="35.516781" lon="-93.825693"></trkpt>
      <trkpt lat="35.516618" lon="-93.824742"></trkpt>
      <trkpt lat="35.516413" lon="-93.823832"></trkpt>
      <trkpt lat="35.516101" lon="-93.822676"></trkpt>
      <trkpt lat="35.515804" lon="-93.821758"></trkpt>
      <trkpt lat="35.514401" lon="-93.817770"></trkpt>
      <trkpt lat="35.513148" lon="-93.814169"></trkpt>
      <trkpt lat="35.512571" lon="-93.812496"></trkpt>
      <trkpt lat="35.511309" lon="-93.808824"></trkpt>
      <trkpt lat="35.510931" lon="-93.807697"></trkpt>
      <trkpt lat="35.510365" lon="-93.805700"></trkpt>
      <trkpt lat="35.509720" lon="-93.802789"></trkpt>
      <trkpt lat="35.509643" lon="-93.802395"></trkpt>
      <trkpt lat="35.508856" lon="-93.798653"></trkpt>
      <trkpt lat="35.507859" lon="-93.793781"></trkpt>
      <trkpt lat="35.507372" lon="-93.791276"></trkpt>
      <trkpt lat="35.507164" lon="-93.789703"></trkpt>
      <trkpt lat="35.507061" lon="-93.788414"></trkpt>
      <trkpt lat="35.506928" lon="-93.785298"></trkpt>
      <trkpt lat="35.506579" lon="-93.778183"></trkpt>
      <trkpt lat="35.506055" lon="-93.767565"></trkpt>
      <trkpt lat="35.505992" lon="-93.766235"></trkpt>
      <trkpt lat="35.505712" lon="-93.763703"></trkpt>
      <trkpt lat="35.505519" lon="-93.762115"></trkpt>
      <trkpt lat="35.504376" lon="-93.753389"></trkpt>
      <trkpt lat="35.503293" lon="-93.745156"></trkpt>
      <trkpt lat="35.502946" lon="-93.742312"></trkpt>
      <trkpt lat="35.502853" lon="-93.740985"></trkpt>
      <trkpt lat="35.502811" lon="-93.739687"></trkpt>
      <trkpt lat="35.502812" lon="-93.738752"></trkpt>
      <trkpt lat="35.502979" lon="-93.731818"></trkpt>
      <trkpt lat="35.502843" lon="-93.730276"></trkpt>
      <trkpt lat="35.502774" lon="-93.729890"></trkpt>
      <trkpt lat="35.502683" lon="-93.729483"></trkpt>
      <trkpt lat="35.502417" lon="-93.728544"></trkpt>
      <trkpt lat="35.501576" lon="-93.726280"></trkpt>
      <trkpt lat="35.500868" lon="-93.724248"></trkpt>
      <trkpt lat="35.500367" lon="-93.722200"></trkpt>
      <trkpt lat="35.500024" lon="-93.720359"></trkpt>
      <trkpt lat="35.499715" lon="-93.717879"></trkpt>
      <trkpt lat="35.499618" lon="-93.715777"></trkpt>
      <trkpt lat="35.499656" lon="-93.714043"></trkpt>
      <trkpt lat="35.499831" lon="-93.710468"></trkpt>
      <trkpt lat="35.499944" lon="-93.708246"></trkpt>
      <trkpt lat="35.500099" lon="-93.705491"></trkpt>
      <trkpt lat="35.500421" lon="-93.699079"></trkpt>
      <trkpt lat="35.500825" lon="-93.691565"></trkpt>
      <trkpt lat="35.501019" lon="-93.687398"></trkpt>
      <trkpt lat="35.501239" lon="-93.683174"></trkpt>
      <trkpt lat="35.501384" lon="-93.679941"></trkpt>
      <trkpt lat="35.501405" lon="-93.678577"></trkpt>
      <trkpt lat="35.501309" lon="-93.677129"></trkpt>
      <trkpt lat="35.501170" lon="-93.676090"></trkpt>
      <trkpt lat="35.500968" lon="-93.674935"></trkpt>
      <trkpt lat="35.500747" lon="-93.673895"></trkpt>
      <trkpt lat="35.500415" lon="-93.672738"></trkpt>
      <trkpt lat="35.500221" lon="-93.672070"></trkpt>
      <trkpt lat="35.500085" lon="-93.671716"></trkpt>
      <trkpt lat="35.499840" lon="-93.671090"></trkpt>
      <trkpt lat="35.499600" lon="-93.670400"></trkpt>
      <trkpt lat="35.499250" lon="-93.669550"></trkpt>
      <trkpt lat="35.499060" lon="-93.669120"></trkpt>
      <trkpt lat="35.498250" lon="-93.667060"></trkpt>
      <trkpt lat="35.497800" lon="-93.665830"></trkpt>
      <trkpt lat="35.497536" lon="-93.664916"></trkpt>
      <trkpt lat="35.497413" lon="-93.664367"></trkpt>
      <trkpt lat="35.497330" lon="-93.663920"></trkpt>
      <trkpt lat="35.497240" lon="-93.663170"></trkpt>
      <trkpt lat="35.497200" lon="-93.662770"></trkpt>
      <trkpt lat="35.497190" lon="-93.662300"></trkpt>
      <trkpt lat="35.497200" lon="-93.662010"></trkpt>
      <trkpt lat="35.497224" lon="-93.660728"></trkpt>
      <trkpt lat="35.497234" lon="-93.660269"></trkpt>
      <trkpt lat="35.497253" lon="-93.659543"></trkpt>
      <trkpt lat="35.497390" lon="-93.657040"></trkpt>
      <trkpt lat="35.497510" lon="-93.654240"></trkpt>
      <trkpt lat="35.497590" lon="-93.651980"></trkpt>
      <trkpt lat="35.497620" lon="-93.650350"></trkpt>
      <trkpt lat="35.497720" lon="-93.647980"></trkpt>
      <trkpt lat="35.497820" lon="-93.644420"></trkpt>
      <trkpt lat="35.497830" lon="-93.642910"></trkpt>
      <trkpt lat="35.497810" lon="-93.642380"></trkpt>
      <trkpt lat="35.497750" lon="-93.641244"></trkpt>
      <trkpt lat="35.497660" lon="-93.640378"></trkpt>
      <trkpt lat="35.497500" lon="-93.639330"></trkpt>
      <trkpt lat="35.497140" lon="-93.637600"></trkpt>
      <trkpt lat="35.496871" lon="-93.636482"></trkpt>
      <trkpt lat="35.496566" lon="-93.635184"></trkpt>
      <trkpt lat="35.496422" lon="-93.634521"></trkpt>
      <trkpt lat="35.495931" lon="-93.632290"></trkpt>
      <trkpt lat="35.495529" lon="-93.630530"></trkpt>
      <trkpt lat="35.495239" lon="-93.629264"></trkpt>
      <trkpt lat="35.494820" lon="-93.627260"></trkpt>
      <trkpt lat="35.494550" lon="-93.626060"></trkpt>
      <trkpt lat="35.494470" lon="-93.625660"></trkpt>
      <trkpt lat="35.494360" lon="-93.625000"></trkpt>
      <trkpt lat="35.494160" lon="-93.623890"></trkpt>
      <trkpt lat="35.494090" lon="-93.623290"></trkpt>
      <trkpt lat="35.493880" lon="-93.621710"></trkpt>
      <trkpt lat="35.493785" lon="-93.621087"></trkpt>
      <trkpt lat="35.493606" lon="-93.619745"></trkpt>
      <trkpt lat="35.493240" lon="-93.616780"></trkpt>
      <trkpt lat="35.493110" lon="-93.615890"></trkpt>
      <trkpt lat="35.493060" lon="-93.615473"></trkpt>
      <trkpt lat="35.492860" lon="-93.613810"></trkpt>
      <trkpt lat="35.492718" lon="-93.612840"></trkpt>
      <trkpt lat="35.492600" lon="-93.612030"></trkpt>
      <trkpt lat="35.492330" lon="-93.609810"></trkpt>
      <trkpt lat="35.492288" lon="-93.609529"></trkpt>
      <trkpt lat="35.492110" lon="-93.608350"></trkpt>
      <trkpt lat="35.491880" lon="-93.606380"></trkpt>
      <trkpt lat="35.491672" lon="-93.604728"></trkpt>
      <trkpt lat="35.491590" lon="-93.604040"></trkpt>
      <trkpt lat="35.491310" lon="-93.601940"></trkpt>
      <trkpt lat="35.491180" lon="-93.601150"></trkpt>
      <trkpt lat="35.491020" lon="-93.600420"></trkpt>
      <trkpt lat="35.490916" lon="-93.599895"></trkpt>
      <trkpt lat="35.490842" lon="-93.599611"></trkpt>
      <trkpt lat="35.490742" lon="-93.599230"></trkpt>
      <trkpt lat="35.490660" lon="-93.598930"></trkpt>
      <trkpt lat="35.490040" lon="-93.597100"></trkpt>
      <trkpt lat="35.489750" lon="-93.596350"></trkpt>
      <trkpt lat="35.489170" lon="-93.595120"></trkpt>
      <trkpt lat="35.488693" lon="-93.594222"></trkpt>
      <trkpt lat="35.488240" lon="-93.593370"></trkpt>
      <trkpt lat="35.486417" lon="-93.590135"></trkpt>
      <trkpt lat="35.486308" lon="-93.589942"></trkpt>
      <trkpt lat="35.486240" lon="-93.589820"></trkpt>
      <trkpt lat="35.485360" lon="-93.587960"></trkpt>
      <trkpt lat="35.485030" lon="-93.587130"></trkpt>
      <trkpt lat="35.484470" lon="-93.585530"></trkpt>
      <trkpt lat="35.484230" lon="-93.584700"></trkpt>
      <trkpt lat="35.483940" lon="-93.583750"></trkpt>
      <trkpt lat="35.483924" lon="-93.583672"></trkpt>
      <trkpt lat="35.483618" lon="-93.582188"></trkpt>
      <trkpt lat="35.483450" lon="-93.581370"></trkpt>
      <trkpt lat="35.483217" lon="-93.579785"></trkpt>
      <trkpt lat="35.482847" lon="-93.577263"></trkpt>
      <trkpt lat="35.482520" lon="-93.575032"></trkpt>
      <trkpt lat="35.482260" lon="-93.573260"></trkpt>
      <trkpt lat="35.481808" lon="-93.570084"></trkpt>
      <trkpt lat="35.481178" lon="-93.565639"></trkpt>
      <trkpt lat="35.480810" lon="-93.563010"></trkpt>
      <trkpt lat="35.480400" lon="-93.560290"></trkpt>
      <trkpt lat="35.480040" lon="-93.557960"></trkpt>
      <trkpt lat="35.480000" lon="-93.557580"></trkpt>
      <trkpt lat="35.479810" lon="-93.556030"></trkpt>
      <trkpt lat="35.479610" lon="-93.554610"></trkpt>
      <trkpt lat="35.479587" lon="-93.554472"></trkpt>
      <trkpt lat="35.479440" lon="-93.553610"></trkpt>
      <trkpt lat="35.479247" lon="-93.552888"></trkpt>
      <trkpt lat="35.479060" lon="-93.552200"></trkpt>
      <trkpt lat="35.478910" lon="-93.551680"></trkpt>
      <trkpt lat="35.478510" lon="-93.550600"></trkpt>
      <trkpt lat="35.478401" lon="-93.550327"></trkpt>
      <trkpt lat="35.478310" lon="-93.550100"></trkpt>
      <trkpt lat="35.477720" lon="-93.548850"></trkpt>
      <trkpt lat="35.476602" lon="-93.546408"></trkpt>
      <trkpt lat="35.476387" lon="-93.545951"></trkpt>
      <trkpt lat="35.476080" lon="-93.545300"></trkpt>
      <trkpt lat="35.475180" lon="-93.543460"></trkpt>
      <trkpt lat="35.474780" lon="-93.542580"></trkpt>
      <trkpt lat="35.472006" lon="-93.536623"></trkpt>
      <trkpt lat="35.470660" lon="-93.533720"></trkpt>
      <trkpt lat="35.469779" lon="-93.531840"></trkpt>
      <trkpt lat="35.469552" lon="-93.531355"></trkpt>
      <trkpt lat="35.469470" lon="-93.531180"></trkpt>
      <trkpt lat="35.467860" lon="-93.527660"></trkpt>
      <trkpt lat="35.466340" lon="-93.524430"></trkpt>
      <trkpt lat="35.465290" lon="-93.522160"></trkpt>
      <trkpt lat="35.465082" lon="-93.521685"></trkpt>
      <trkpt lat="35.464909" lon="-93.521307"></trkpt>
      <trkpt lat="35.464382" lon="-93.520241"></trkpt>
      <trkpt lat="35.463340" lon="-93.517930"></trkpt>
      <trkpt lat="35.463010" lon="-93.517260"></trkpt>
      <trkpt lat="35.462913" lon="-93.517054"></trkpt>
      <trkpt lat="35.461930" lon="-93.514970"></trkpt>
      <trkpt lat="35.461229" lon="-93.513401"></trkpt>
      <trkpt lat="35.460880" lon="-93.512620"></trkpt>
      <trkpt lat="35.460710" lon="-93.512210"></trkpt>
      <trkpt lat="35.460280" lon="-93.511040"></trkpt>
      <trkpt lat="35.460020" lon="-93.510150"></trkpt>
      <trkpt lat="35.459831" lon="-93.509365"></trkpt>
      <trkpt lat="35.459550" lon="-93.508170"></trkpt>
      <trkpt lat="35.459400" lon="-93.507160"></trkpt>
      <trkpt lat="35.459330" lon="-93.506520"></trkpt>
      <trkpt lat="35.459270" lon="-93.506020"></trkpt>
      <trkpt lat="35.459230" lon="-93.505300"></trkpt>
      <trkpt lat="35.459200" lon="-93.504340"></trkpt>
      <trkpt lat="35.459190" lon="-93.502060"></trkpt>
      <trkpt lat="35.459220" lon="-93.497460"></trkpt>
      <trkpt lat="35.459241" lon="-93.496630"></trkpt>
      <trkpt lat="35.459248" lon="-93.496023"></trkpt>
      <trkpt lat="35.459260" lon="-93.492690"></trkpt>
      <trkpt lat="35.459270" lon="-93.490110"></trkpt>
      <trkpt lat="35.459250" lon="-93.488940"></trkpt>
      <trkpt lat="35.459250" lon="-93.488619"></trkpt>
      <trkpt lat="35.459250" lon="-93.488370"></trkpt>
      <trkpt lat="35.459210" lon="-93.487600"></trkpt>
      <trkpt lat="35.459120" lon="-93.486620"></trkpt>
      <trkpt lat="35.459060" lon="-93.486040"></trkpt>
      <trkpt lat="35.458760" lon="-93.484420"></trkpt>
      <trkpt lat="35.458485" lon="-93.483368"></trkpt>
      <trkpt lat="35.458410" lon="-93.483080"></trkpt>
      <trkpt lat="35.458214" lon="-93.482462"></trkpt>
      <trkpt lat="35.458107" lon="-93.482123"></trkpt>
      <trkpt lat="35.457870" lon="-93.481380"></trkpt>
      <trkpt lat="35.457330" lon="-93.479800"></trkpt>
      <trkpt lat="35.456880" lon="-93.478570"></trkpt>
      <trkpt lat="35.456151" lon="-93.476420"></trkpt>
      <trkpt lat="35.453717" lon="-93.469152"></trkpt>
      <trkpt lat="35.453274" lon="-93.467847"></trkpt>
      <trkpt lat="35.452580" lon="-93.465900"></trkpt>
      <trkpt lat="35.452476" lon="-93.465556"></trkpt>
      <trkpt lat="35.452201" lon="-93.464733"></trkpt>
      <trkpt lat="35.451858" lon="-93.463701"></trkpt>
      <trkpt lat="35.451601" lon="-93.463000"></trkpt>
      <trkpt lat="35.451070" lon="-93.461400"></trkpt>
      <trkpt lat="35.450610" lon="-93.460050"></trkpt>
      <trkpt lat="35.450460" lon="-93.459510"></trkpt>
      <trkpt lat="35.450249" lon="-93.458602"></trkpt>
      <trkpt lat="35.450030" lon="-93.457660"></trkpt>
      <trkpt lat="35.449890" lon="-93.456920"></trkpt>
      <trkpt lat="35.449836" lon="-93.456591"></trkpt>
      <trkpt lat="35.449790" lon="-93.456310"></trkpt>
      <trkpt lat="35.449550" lon="-93.454650"></trkpt>
      <trkpt lat="35.449490" lon="-93.453940"></trkpt>
      <trkpt lat="35.449400" lon="-93.452700"></trkpt>
      <trkpt lat="35.449360" lon="-93.452220"></trkpt>
      <trkpt lat="35.449340" lon="-93.450480"></trkpt>
      <trkpt lat="35.449380" lon="-93.449270"></trkpt>
      <trkpt lat="35.449440" lon="-93.448220"></trkpt>
      <trkpt lat="35.449540" lon="-93.447110"></trkpt>
      <trkpt lat="35.449730" lon="-93.445680"></trkpt>
      <trkpt lat="35.449820" lon="-93.445160"></trkpt>
      <trkpt lat="35.450110" lon="-93.443700"></trkpt>
      <trkpt lat="35.450600" lon="-93.441650"></trkpt>
      <trkpt lat="35.450810" lon="-93.440470"></trkpt>
      <trkpt lat="35.451220" lon="-93.438570"></trkpt>
      <trkpt lat="35.451280" lon="-93.438240"></trkpt>
      <trkpt lat="35.451320" lon="-93.437930"></trkpt>
      <trkpt lat="35.451380" lon="-93.437560"></trkpt>
      <trkpt lat="35.451460" lon="-93.436500"></trkpt>
      <trkpt lat="35.451460" lon="-93.435580"></trkpt>
      <trkpt lat="35.451375" lon="-93.434521"></trkpt>
      <trkpt lat="35.451310" lon="-93.433960"></trkpt>
      <trkpt lat="35.451200" lon="-93.433400"></trkpt>
      <trkpt lat="35.451030" lon="-93.432670"></trkpt>
      <trkpt lat="35.450830" lon="-93.432010"></trkpt>
      <trkpt lat="35.450550" lon="-93.431240"></trkpt>
      <trkpt lat="35.450290" lon="-93.430690"></trkpt>
      <trkpt lat="35.450229" lon="-93.430568"></trkpt>
      <trkpt lat="35.449980" lon="-93.430070"></trkpt>
      <trkpt lat="35.449600" lon="-93.429490"></trkpt>
      <trkpt lat="35.449190" lon="-93.428900"></trkpt>
      <trkpt lat="35.448693" lon="-93.428292"></trkpt>
      <trkpt lat="35.448360" lon="-93.427940"></trkpt>
      <trkpt lat="35.447510" lon="-93.427130"></trkpt>
      <trkpt lat="35.446850" lon="-93.426460"></trkpt>
      <trkpt lat="35.446203" lon="-93.425865"></trkpt>
      <trkpt lat="35.445610" lon="-93.425310"></trkpt>
      <trkpt lat="35.445150" lon="-93.424860"></trkpt>
      <trkpt lat="35.443969" lon="-93.423774"></trkpt>
      <trkpt lat="35.443050" lon="-93.422930"></trkpt>
      <trkpt lat="35.442803" lon="-93.422689"></trkpt>
      <trkpt lat="35.442640" lon="-93.422530"></trkpt>
      <trkpt lat="35.441270" lon="-93.421230"></trkpt>
      <trkpt lat="35.441038" lon="-93.421000"></trkpt>
      <trkpt lat="35.440230" lon="-93.420200"></trkpt>
      <trkpt lat="35.439800" lon="-93.419810"></trkpt>
      <trkpt lat="35.439408" lon="-93.419426"></trkpt>
      <trkpt lat="35.439320" lon="-93.419340"></trkpt>
      <trkpt lat="35.438960" lon="-93.418950"></trkpt>
      <trkpt lat="35.438590" lon="-93.418570"></trkpt>
      <trkpt lat="35.438240" lon="-93.418160"></trkpt>
      <trkpt lat="35.437520" lon="-93.417290"></trkpt>
      <trkpt lat="35.437100" lon="-93.416790"></trkpt>
      <trkpt lat="35.436959" lon="-93.416603"></trkpt>
      <trkpt lat="35.436730" lon="-93.416300"></trkpt>
      <trkpt lat="35.435714" lon="-93.414930"></trkpt>
      <trkpt lat="35.435670" lon="-93.414870"></trkpt>
      <trkpt lat="35.434709" lon="-93.413467"></trkpt>
      <trkpt lat="35.434304" lon="-93.412892"></trkpt>
      <trkpt lat="35.432650" lon="-93.410550"></trkpt>
      <trkpt lat="35.430986" lon="-93.408208"></trkpt>
      <trkpt lat="35.429140" lon="-93.405610"></trkpt>
      <trkpt lat="35.427601" lon="-93.403399"></trkpt>
      <trkpt lat="35.427010" lon="-93.402550"></trkpt>
      <trkpt lat="35.425680" lon="-93.400700"></trkpt>
      <trkpt lat="35.422570" lon="-93.396340"></trkpt>
      <trkpt lat="35.422090" lon="-93.395620"></trkpt>
      <trkpt lat="35.421383" lon="-93.394686"></trkpt>
      <trkpt lat="35.420967" lon="-93.394128"></trkpt>
      <trkpt lat="35.420581" lon="-93.393587"></trkpt>
      <trkpt lat="35.419971" lon="-93.392634"></trkpt>
      <trkpt lat="35.418580" lon="-93.390660"></trkpt>
      <trkpt lat="35.416100" lon="-93.387190"></trkpt>
      <trkpt lat="35.415430" lon="-93.386230"></trkpt>
      <trkpt lat="35.414983" lon="-93.385634"></trkpt>
      <trkpt lat="35.414740" lon="-93.385310"></trkpt>
      <trkpt lat="35.414254" lon="-93.384604"></trkpt>
      <trkpt lat="35.413777" lon="-93.383926"></trkpt>
      <trkpt lat="35.413550" lon="-93.383600"></trkpt>
      <trkpt lat="35.413030" lon="-93.382940"></trkpt>
      <trkpt lat="35.412740" lon="-93.382610"></trkpt>
      <trkpt lat="35.412460" lon="-93.382300"></trkpt>
      <trkpt lat="35.412140" lon="-93.381990"></trkpt>
      <trkpt lat="35.411890" lon="-93.381760"></trkpt>
      <trkpt lat="35.411580" lon="-93.381510"></trkpt>
      <trkpt lat="35.410640" lon="-93.380840"></trkpt>
      <trkpt lat="35.410080" lon="-93.380500"></trkpt>
      <trkpt lat="35.409310" lon="-93.380140"></trkpt>
      <trkpt lat="35.408610" lon="-93.379850"></trkpt>
      <trkpt lat="35.408324" lon="-93.379751"></trkpt>
      <trkpt lat="35.408150" lon="-93.379690"></trkpt>
      <trkpt lat="35.407710" lon="-93.379580"></trkpt>
      <trkpt lat="35.407080" lon="-93.379450"></trkpt>
      <trkpt lat="35.405770" lon="-93.379330"></trkpt>
      <trkpt lat="35.405169" lon="-93.379256"></trkpt>
      <trkpt lat="35.404712" lon="-93.379210"></trkpt>
      <trkpt lat="35.404000" lon="-93.379130"></trkpt>
      <trkpt lat="35.402770" lon="-93.378960"></trkpt>
      <trkpt lat="35.401870" lon="-93.378820"></trkpt>
      <trkpt lat="35.401020" lon="-93.378730"></trkpt>
      <trkpt lat="35.400520" lon="-93.378640"></trkpt>
      <trkpt lat="35.400040" lon="-93.378490"></trkpt>
      <trkpt lat="35.399560" lon="-93.378300"></trkpt>
      <trkpt lat="35.399210" lon="-93.378140"></trkpt>
      <trkpt lat="35.398930" lon="-93.378020"></trkpt>
      <trkpt lat="35.398670" lon="-93.377840"></trkpt>
      <trkpt lat="35.398280" lon="-93.377590"></trkpt>
      <trkpt lat="35.397980" lon="-93.377300"></trkpt>
      <trkpt lat="35.397674" lon="-93.377014"></trkpt>
      <trkpt lat="35.397540" lon="-93.376890"></trkpt>
      <trkpt lat="35.397230" lon="-93.376560"></trkpt>
      <trkpt lat="35.396720" lon="-93.375820"></trkpt>
      <trkpt lat="35.396530" lon="-93.375500"></trkpt>
      <trkpt lat="35.396270" lon="-93.375020"></trkpt>
      <trkpt lat="35.395770" lon="-93.374000"></trkpt>
      <trkpt lat="35.394862" lon="-93.372075"></trkpt>
      <trkpt lat="35.393930" lon="-93.370110"></trkpt>
      <trkpt lat="35.392640" lon="-93.367370"></trkpt>
      <trkpt lat="35.392140" lon="-93.366320"></trkpt>
      <trkpt lat="35.391870" lon="-93.365710"></trkpt>
      <trkpt lat="35.391250" lon="-93.364390"></trkpt>
      <trkpt lat="35.390730" lon="-93.363300"></trkpt>
      <trkpt lat="35.390210" lon="-93.362450"></trkpt>
      <trkpt lat="35.389920" lon="-93.362030"></trkpt>
      <trkpt lat="35.389660" lon="-93.361700"></trkpt>
      <trkpt lat="35.389290" lon="-93.361220"></trkpt>
      <trkpt lat="35.388810" lon="-93.360740"></trkpt>
      <trkpt lat="35.388370" lon="-93.360290"></trkpt>
      <trkpt lat="35.388139" lon="-93.360099"></trkpt>
      <trkpt lat="35.387000" lon="-93.359160"></trkpt>
      <trkpt lat="35.386640" lon="-93.358880"></trkpt>
      <trkpt lat="35.386070" lon="-93.358420"></trkpt>
      <trkpt lat="35.385930" lon="-93.358320"></trkpt>
      <trkpt lat="35.384025" lon="-93.356753"></trkpt>
      <trkpt lat="35.383451" lon="-93.356282"></trkpt>
      <trkpt lat="35.382790" lon="-93.355740"></trkpt>
      <trkpt lat="35.382385" lon="-93.355433"></trkpt>
      <trkpt lat="35.382170" lon="-93.355270"></trkpt>
      <trkpt lat="35.381560" lon="-93.354780"></trkpt>
      <trkpt lat="35.381070" lon="-93.354380"></trkpt>
      <trkpt lat="35.380480" lon="-93.353910"></trkpt>
      <trkpt lat="35.378390" lon="-93.352190"></trkpt>
      <trkpt lat="35.377320" lon="-93.351350"></trkpt>
      <trkpt lat="35.374950" lon="-93.349410"></trkpt>
      <trkpt lat="35.373740" lon="-93.348410"></trkpt>
      <trkpt lat="35.372402" lon="-93.347365"></trkpt>
      <trkpt lat="35.371820" lon="-93.346910"></trkpt>
      <trkpt lat="35.369670" lon="-93.345130"></trkpt>
      <trkpt lat="35.369560" lon="-93.345041"></trkpt>
      <trkpt lat="35.369223" lon="-93.344767"></trkpt>
      <trkpt lat="35.368485" lon="-93.344155"></trkpt>
      <trkpt lat="35.367431" lon="-93.343292"></trkpt>
      <trkpt lat="35.367270" lon="-93.343160"></trkpt>
      <trkpt lat="35.366473" lon="-93.342584"></trkpt>
      <trkpt lat="35.366380" lon="-93.342510"></trkpt>
      <trkpt lat="35.364820" lon="-93.341250"></trkpt>
      <trkpt lat="35.364773" lon="-93.341213"></trkpt>
      <trkpt lat="35.364770" lon="-93.341210"></trkpt>
      <trkpt lat="35.364138" lon="-93.340751"></trkpt>
      <trkpt lat="35.364040" lon="-93.340680"></trkpt>
      <trkpt lat="35.363630" lon="-93.340400"></trkpt>
      <trkpt lat="35.363020" lon="-93.340060"></trkpt>
      <trkpt lat="35.362420" lon="-93.339770"></trkpt>
      <trkpt lat="35.361806" lon="-93.339503"></trkpt>
      <trkpt lat="35.361730" lon="-93.339470"></trkpt>
      <trkpt lat="35.359190" lon="-93.338510"></trkpt>
      <trkpt lat="35.353369" lon="-93.336313"></trkpt>
      <trkpt lat="35.351270" lon="-93.335520"></trkpt>
      <trkpt lat="35.350830" lon="-93.335340"></trkpt>
      <trkpt lat="35.350270" lon="-93.334990"></trkpt>
      <trkpt lat="35.349910" lon="-93.334740"></trkpt>
      <trkpt lat="35.349450" lon="-93.334360"></trkpt>
      <trkpt lat="35.348860" lon="-93.333750"></trkpt>
      <trkpt lat="35.348520" lon="-93.333310"></trkpt>
      <trkpt lat="35.348160" lon="-93.332730"></trkpt>
      <trkpt lat="35.348141" lon="-93.332697"></trkpt>
      <trkpt lat="35.347890" lon="-93.332260"></trkpt>
      <trkpt lat="35.347730" lon="-93.331880"></trkpt>
      <trkpt lat="35.347540" lon="-93.331380"></trkpt>
      <trkpt lat="35.347330" lon="-93.330770"></trkpt>
      <trkpt lat="35.347084" lon="-93.329875"></trkpt>
      <trkpt lat="35.346470" lon="-93.327500"></trkpt>
      <trkpt lat="35.346290" lon="-93.326780"></trkpt>
      <trkpt lat="35.345860" lon="-93.325110"></trkpt>
      <trkpt lat="35.345202" lon="-93.322682"></trkpt>
      <trkpt lat="35.345120" lon="-93.322380"></trkpt>
      <trkpt lat="35.344590" lon="-93.320310"></trkpt>
      <trkpt lat="35.344280" lon="-93.319230"></trkpt>
      <trkpt lat="35.343949" lon="-93.318398"></trkpt>
      <trkpt lat="35.343460" lon="-93.317200"></trkpt>
      <trkpt lat="35.343120" lon="-93.316490"></trkpt>
      <trkpt lat="35.342645" lon="-93.315602"></trkpt>
      <trkpt lat="35.342359" lon="-93.315039"></trkpt>
      <trkpt lat="35.341224" lon="-93.312803"></trkpt>
      <trkpt lat="35.339930" lon="-93.310240"></trkpt>
      <trkpt lat="35.339460" lon="-93.309250"></trkpt>
      <trkpt lat="35.339170" lon="-93.308485"></trkpt>
      <trkpt lat="35.338950" lon="-93.307890"></trkpt>
      <trkpt lat="35.338650" lon="-93.307020"></trkpt>
      <trkpt lat="35.338390" lon="-93.306100"></trkpt>
      <trkpt lat="35.338180" lon="-93.305134"></trkpt>
      <trkpt lat="35.337830" lon="-93.303530"></trkpt>
      <trkpt lat="35.337737" lon="-93.303052"></trkpt>
      <trkpt lat="35.337389" lon="-93.301276"></trkpt>
      <trkpt lat="35.337040" lon="-93.299490"></trkpt>
      <trkpt lat="35.336903" lon="-93.298840"></trkpt>
      <trkpt lat="35.336269" lon="-93.295698"></trkpt>
      <trkpt lat="35.335933" lon="-93.294030"></trkpt>
      <trkpt lat="35.335443" lon="-93.290541"></trkpt>
      <trkpt lat="35.335333" lon="-93.289511"></trkpt>
      <trkpt lat="35.335258" lon="-93.288476"></trkpt>
      <trkpt lat="35.335197" lon="-93.287336"></trkpt>
      <trkpt lat="35.335171" lon="-93.286326"></trkpt>
      <trkpt lat="35.335176" lon="-93.284383"></trkpt>
      <trkpt lat="35.335248" lon="-93.282434"></trkpt>
      <trkpt lat="35.335314" lon="-93.280631"></trkpt>
      <trkpt lat="35.335380" lon="-93.278821"></trkpt>
      <trkpt lat="35.335513" lon="-93.275336"></trkpt>
      <trkpt lat="35.335590" lon="-93.273070"></trkpt>
      <trkpt lat="35.335751" lon="-93.269311"></trkpt>
      <trkpt lat="35.335863" lon="-93.266272"></trkpt>
      <trkpt lat="35.335982" lon="-93.262856"></trkpt>
      <trkpt lat="35.336094" lon="-93.259809"></trkpt>
      <trkpt lat="35.336171" lon="-93.258333"></trkpt>
      <trkpt lat="35.336254" lon="-93.255571"></trkpt>
      <trkpt lat="35.336252" lon="-93.254858"></trkpt>
      <trkpt lat="35.336206" lon="-93.253561"></trkpt>
      <trkpt lat="35.336060" lon="-93.250640"></trkpt>
      <trkpt lat="35.335898" lon="-93.249372"></trkpt>
      <trkpt lat="35.335716" lon="-93.247939"></trkpt>
      <trkpt lat="35.335205" lon="-93.245124"></trkpt>
      <trkpt lat="35.334589" lon="-93.242660"></trkpt>
      <trkpt lat="35.331393" lon="-93.232620"></trkpt>
      <trkpt lat="35.327885" lon="-93.221479"></trkpt>
      <trkpt lat="35.326123" lon="-93.215855"></trkpt>
      <trkpt lat="35.325637" lon="-93.214106"></trkpt>
      <trkpt lat="35.325308" lon="-93.212698"></trkpt>
      <trkpt lat="35.324818" lon="-93.210123"></trkpt>
      <trkpt lat="35.324294" lon="-93.206967"></trkpt>
      <trkpt lat="35.324101" lon="-93.205814"></trkpt>
      <trkpt lat="35.323569" lon="-93.202459"></trkpt>
      <trkpt lat="35.323134" lon="-93.199860"></trkpt>
      <trkpt lat="35.322358" lon="-93.195369"></trkpt>
      <trkpt lat="35.321512" lon="-93.190434"></trkpt>
      <trkpt lat="35.321099" lon="-93.187395"></trkpt>
      <trkpt lat="35.320967" lon="-93.186376"></trkpt>
      <trkpt lat="35.320854" lon="-93.185498"></trkpt>
      <trkpt lat="35.320588" lon="-93.182323"></trkpt>
      <trkpt lat="35.320469" lon="-93.180151"></trkpt>
      <trkpt lat="35.320252" lon="-93.174246"></trkpt>
      <trkpt lat="35.320084" lon="-93.170427"></trkpt>
      <trkpt lat="35.319909" lon="-93.169088"></trkpt>
      <trkpt lat="35.319565" lon="-93.167629"></trkpt>
      <trkpt lat="35.319054" lon="-93.166272"></trkpt>
      <trkpt lat="35.318424" lon="-93.164985"></trkpt>
      <trkpt lat="35.317619" lon="-93.163835"></trkpt>
      <trkpt lat="35.316582" lon="-93.162650"></trkpt>
      <trkpt lat="35.314110" lon="-93.160075"></trkpt>
      <trkpt lat="35.312527" lon="-93.158359"></trkpt>
      <trkpt lat="35.311525" lon="-93.157157"></trkpt>
      <trkpt lat="35.310930" lon="-93.156170"></trkpt>
      <trkpt lat="35.310598" lon="-93.155478"></trkpt>
      <trkpt lat="35.310052" lon="-93.154062"></trkpt>
      <trkpt lat="35.309663" lon="-93.152721"></trkpt>
      <trkpt lat="35.309217" lon="-93.151263"></trkpt>
      <trkpt lat="35.308722" lon="-93.149295"></trkpt>
      <trkpt lat="35.306923" lon="-93.142332"></trkpt>
      <trkpt lat="35.306199" lon="-93.139309"></trkpt>
      <trkpt lat="35.305611" lon="-93.137268"></trkpt>
      <trkpt lat="35.304533" lon="-93.134364"></trkpt>
      <trkpt lat="35.304311" lon="-93.133815"></trkpt>
      <trkpt lat="35.303719" lon="-93.132451"></trkpt>
      <trkpt lat="35.303069" lon="-93.131059"></trkpt>
      <trkpt lat="35.302144" lon="-93.129325"></trkpt>
      <trkpt lat="35.301542" lon="-93.128347"></trkpt>
      <trkpt lat="35.300449" lon="-93.126699"></trkpt>
      <trkpt lat="35.298691" lon="-93.124081"></trkpt>
      <trkpt lat="35.297134" lon="-93.121738"></trkpt>
      <trkpt lat="35.295888" lon="-93.119879"></trkpt>
      <trkpt lat="35.295087" lon="-93.118648"></trkpt>
      <trkpt lat="35.294722" lon="-93.118000"></trkpt>
      <trkpt lat="35.294256" lon="-93.117103"></trkpt>
      <trkpt lat="35.294002" lon="-93.116570"></trkpt>
      <trkpt lat="35.293610" lon="-93.115646"></trkpt>
      <trkpt lat="35.293267" lon="-93.114722"></trkpt>
      <trkpt lat="35.292344" lon="-93.111850"></trkpt>
      <trkpt lat="35.291097" lon="-93.107988"></trkpt>
      <trkpt lat="35.290415" lon="-93.105878"></trkpt>
      <trkpt lat="35.290130" lon="-93.105097"></trkpt>
      <trkpt lat="35.289820" lon="-93.104341"></trkpt>
      <trkpt lat="35.289485" lon="-93.103593"></trkpt>
      <trkpt lat="35.289015" lon="-93.102669"></trkpt>
      <trkpt lat="35.288577" lon="-93.101909"></trkpt>
      <trkpt lat="35.286763" lon="-93.099097"></trkpt>
      <trkpt lat="35.284937" lon="-93.096291"></trkpt>
      <trkpt lat="35.283723" lon="-93.094413"></trkpt>
      <trkpt lat="35.282724" lon="-93.092878"></trkpt>
      <trkpt lat="35.282216" lon="-93.092100"></trkpt>
      <trkpt lat="35.280284" lon="-93.089127"></trkpt>
      <trkpt lat="35.279979" lon="-93.088615"></trkpt>
      <trkpt lat="35.279631" lon="-93.087994"></trkpt>
      <trkpt lat="35.279315" lon="-93.087393"></trkpt>
      <trkpt lat="35.278023" lon="-93.084779"></trkpt>
      <trkpt lat="35.273995" lon="-93.076553"></trkpt>
      <trkpt lat="35.273224" lon="-93.075162"></trkpt>
      <trkpt lat="35.272468" lon="-93.073978"></trkpt>
      <trkpt lat="35.271536" lon="-93.072828"></trkpt>
      <trkpt lat="35.270793" lon="-93.071961"></trkpt>
      <trkpt lat="35.270029" lon="-93.071240"></trkpt>
      <trkpt lat="35.268992" lon="-93.070381"></trkpt>
      <trkpt lat="35.267917" lon="-93.069575"></trkpt>
      <trkpt lat="35.267671" lon="-93.069388"></trkpt>
      <trkpt lat="35.266049" lon="-93.068176"></trkpt>
      <trkpt lat="35.264234" lon="-93.066699"></trkpt>
      <trkpt lat="35.263533" lon="-93.065944"></trkpt>
      <trkpt lat="35.263014" lon="-93.065352"></trkpt>
      <trkpt lat="35.262503" lon="-93.064631"></trkpt>
      <trkpt lat="35.262159" lon="-93.064039"></trkpt>
      <trkpt lat="35.261837" lon="-93.063524"></trkpt>
      <trkpt lat="35.261164" lon="-93.062099"></trkpt>
      <trkpt lat="35.260047" lon="-93.058810"></trkpt>
      <trkpt lat="35.259436" lon="-93.056999"></trkpt>
      <trkpt lat="35.258822" lon="-93.055591"></trkpt>
      <trkpt lat="35.257588" lon="-93.052953"></trkpt>
      <trkpt lat="35.255599" lon="-93.048932"></trkpt>
      <trkpt lat="35.255284" lon="-93.048271"></trkpt>
      <trkpt lat="35.252267" lon="-93.042152"></trkpt>
      <trkpt lat="35.251399" lon="-93.040253"></trkpt>
      <trkpt lat="35.251164" lon="-93.039669"></trkpt>
      <trkpt lat="35.251020" lon="-93.039313"></trkpt>
      <trkpt lat="35.250477" lon="-93.037872"></trkpt>
      <trkpt lat="35.249792" lon="-93.035792"></trkpt>
      <trkpt lat="35.249492" lon="-93.034751"></trkpt>
      <trkpt lat="35.249207" lon="-93.033684"></trkpt>
      <trkpt lat="35.248954" lon="-93.032599"></trkpt>
      <trkpt lat="35.248730" lon="-93.031545"></trkpt>
      <trkpt lat="35.248497" lon="-93.030283"></trkpt>
      <trkpt lat="35.248226" lon="-93.028548"></trkpt>
      <trkpt lat="35.247959" lon="-93.026290"></trkpt>
      <trkpt lat="35.247896" lon="-93.025226"></trkpt>
      <trkpt lat="35.247812" lon="-93.022634"></trkpt>
      <trkpt lat="35.247777" lon="-93.020128"></trkpt>
      <trkpt lat="35.247728" lon="-93.016746"></trkpt>
      <trkpt lat="35.247679" lon="-93.011339"></trkpt>
      <trkpt lat="35.247560" lon="-93.009862"></trkpt>
      <trkpt lat="35.247497" lon="-93.009304"></trkpt>
      <trkpt lat="35.247398" lon="-93.008463"></trkpt>
      <trkpt lat="35.247062" lon="-93.006446"></trkpt>
      <trkpt lat="35.245842" lon="-93.000258"></trkpt>
      <trkpt lat="35.245471" lon="-92.998043"></trkpt>
      <trkpt lat="35.245274" lon="-92.996207"></trkpt>
      <trkpt lat="35.245092" lon="-92.994138"></trkpt>
      <trkpt lat="35.244973" lon="-92.991005"></trkpt>
      <trkpt lat="35.244910" lon="-92.986980"></trkpt>
      <trkpt lat="35.244572" lon="-92.965002"></trkpt>
      <trkpt lat="35.244440" lon="-92.959617"></trkpt>
      <trkpt lat="35.244433" lon="-92.957789"></trkpt>
      <trkpt lat="35.244510" lon="-92.956261"></trkpt>
      <trkpt lat="35.244684" lon="-92.954771"></trkpt>
      <trkpt lat="35.244930" lon="-92.953484"></trkpt>
      <trkpt lat="35.245218" lon="-92.952390"></trkpt>
      <trkpt lat="35.245471" lon="-92.951497"></trkpt>
      <trkpt lat="35.245752" lon="-92.950735"></trkpt>
      <trkpt lat="35.246234" lon="-92.949496"></trkpt>
      <trkpt lat="35.246371" lon="-92.949143"></trkpt>
      <trkpt lat="35.246921" lon="-92.947974"></trkpt>
      <trkpt lat="35.247334" lon="-92.947193"></trkpt>
      <trkpt lat="35.248681" lon="-92.945120"></trkpt>
      <trkpt lat="35.249691" lon="-92.943704"></trkpt>
      <trkpt lat="35.250532" lon="-92.942425"></trkpt>
      <trkpt lat="35.251169" lon="-92.941352"></trkpt>
      <trkpt lat="35.251520" lon="-92.940648"></trkpt>
      <trkpt lat="35.251912" lon="-92.939807"></trkpt>
      <trkpt lat="35.252438" lon="-92.938340"></trkpt>
      <trkpt lat="35.252831" lon="-92.936820"></trkpt>
      <trkpt lat="35.252992" lon="-92.935979"></trkpt>
      <trkpt lat="35.253167" lon="-92.934649"></trkpt>
      <trkpt lat="35.253187" lon="-92.933915"></trkpt>
      <trkpt lat="35.253189" lon="-92.933164"></trkpt>
      <trkpt lat="35.253145" lon="-92.931417"></trkpt>
      <trkpt lat="35.253040" lon="-92.928696"></trkpt>
      <trkpt lat="35.252878" lon="-92.924877"></trkpt>
      <trkpt lat="35.252654" lon="-92.919795"></trkpt>
      <trkpt lat="35.252248" lon="-92.911264"></trkpt>
      <trkpt lat="35.251806" lon="-92.901719"></trkpt>
      <trkpt lat="35.251687" lon="-92.899153"></trkpt>
      <trkpt lat="35.251519" lon="-92.895514"></trkpt>
      <trkpt lat="35.251280" lon="-92.892879"></trkpt>
      <trkpt lat="35.250958" lon="-92.890853"></trkpt>
      <trkpt lat="35.250671" lon="-92.889274"></trkpt>
      <trkpt lat="35.250082" lon="-92.886055"></trkpt>
      <trkpt lat="35.248057" lon="-92.875271"></trkpt>
      <trkpt lat="35.247272" lon="-92.870859"></trkpt>
      <trkpt lat="35.246950" lon="-92.869666"></trkpt>
      <trkpt lat="35.246571" lon="-92.868491"></trkpt>
      <trkpt lat="35.245933" lon="-92.866748"></trkpt>
      <trkpt lat="35.245281" lon="-92.865444"></trkpt>
      <trkpt lat="35.244356" lon="-92.863830"></trkpt>
      <trkpt lat="35.239295" lon="-92.857049"></trkpt>
      <trkpt lat="35.238075" lon="-92.855410"></trkpt>
      <trkpt lat="35.237191" lon="-92.854217"></trkpt>
      <trkpt lat="35.231365" lon="-92.846404"></trkpt>
      <trkpt lat="35.229344" lon="-92.843695"></trkpt>
      <trkpt lat="35.226767" lon="-92.840222"></trkpt>
      <trkpt lat="35.222453" lon="-92.834427"></trkpt>
      <trkpt lat="35.222119" lon="-92.833991"></trkpt>
      <trkpt lat="35.221631" lon="-92.833423"></trkpt>
      <trkpt lat="35.220213" lon="-92.831528"></trkpt>
      <trkpt lat="35.219343" lon="-92.830365"></trkpt>
      <trkpt lat="35.218991" lon="-92.829895"></trkpt>
      <trkpt lat="35.216882" lon="-92.827076"></trkpt>
      <trkpt lat="35.216036" lon="-92.825839"></trkpt>
      <trkpt lat="35.215700" lon="-92.825374"></trkpt>
      <trkpt lat="35.213911" lon="-92.822968"></trkpt>
      <trkpt lat="35.211973" lon="-92.820363"></trkpt>
      <trkpt lat="35.210790" lon="-92.818810"></trkpt>
      <trkpt lat="35.210178" lon="-92.818035"></trkpt>
      <trkpt lat="35.207747" lon="-92.815045"></trkpt>
      <trkpt lat="35.197011" lon="-92.801844"></trkpt>
      <trkpt lat="35.196592" lon="-92.801285"></trkpt>
      <trkpt lat="35.196575" lon="-92.801259"></trkpt>
      <trkpt lat="35.196205" lon="-92.800706"></trkpt>
      <trkpt lat="35.195853" lon="-92.800129"></trkpt>
      <trkpt lat="35.195536" lon="-92.799545"></trkpt>
      <trkpt lat="35.195245" lon="-92.798963"></trkpt>
      <trkpt lat="35.194977" lon="-92.798371"></trkpt>
      <trkpt lat="35.194372" lon="-92.796818"></trkpt>
      <trkpt lat="35.192261" lon="-92.791175"></trkpt>
      <trkpt lat="35.185027" lon="-92.771775"></trkpt>
      <trkpt lat="35.184726" lon="-92.771008"></trkpt>
      <trkpt lat="35.179149" lon="-92.756122"></trkpt>
      <trkpt lat="35.178819" lon="-92.755244"></trkpt>
      <trkpt lat="35.177796" lon="-92.752525"></trkpt>
      <trkpt lat="35.176471" lon="-92.749003"></trkpt>
      <trkpt lat="35.176251" lon="-92.748460"></trkpt>
      <trkpt lat="35.175491" lon="-92.746166"></trkpt>
      <trkpt lat="35.175351" lon="-92.745788"></trkpt>
      <trkpt lat="35.175337" lon="-92.745750"></trkpt>
      <trkpt lat="35.175007" lon="-92.744656"></trkpt>
      <trkpt lat="35.174798" lon="-92.743791"></trkpt>
      <trkpt lat="35.174678" lon="-92.743203"></trkpt>
      <trkpt lat="35.174573" lon="-92.742537"></trkpt>
      <trkpt lat="35.174484" lon="-92.741908"></trkpt>
      <trkpt lat="35.174353" lon="-92.740666"></trkpt>
      <trkpt lat="35.174297" lon="-92.739551"></trkpt>
      <trkpt lat="35.174280" lon="-92.738760"></trkpt>
      <trkpt lat="35.174256" lon="-92.737938"></trkpt>
      <trkpt lat="35.174230" lon="-92.735827"></trkpt>
      <trkpt lat="35.174232" lon="-92.735270"></trkpt>
      <trkpt lat="35.174234" lon="-92.735161"></trkpt>
      <trkpt lat="35.174141" lon="-92.726955"></trkpt>
      <trkpt lat="35.174141" lon="-92.723831"></trkpt>
      <trkpt lat="35.174013" lon="-92.712826"></trkpt>
      <trkpt lat="35.173958" lon="-92.707547"></trkpt>
      <trkpt lat="35.173945" lon="-92.706903"></trkpt>
      <trkpt lat="35.173913" lon="-92.706290"></trkpt>
      <trkpt lat="35.173869" lon="-92.705756"></trkpt>
      <trkpt lat="35.173812" lon="-92.705251"></trkpt>
      <trkpt lat="35.173735" lon="-92.704690"></trkpt>
      <trkpt lat="35.173647" lon="-92.704009"></trkpt>
      <trkpt lat="35.173516" lon="-92.703321"></trkpt>
      <trkpt lat="35.173327" lon="-92.702472"></trkpt>
      <trkpt lat="35.173144" lon="-92.701788"></trkpt>
      <trkpt lat="35.172953" lon="-92.701136"></trkpt>
      <trkpt lat="35.172696" lon="-92.700335"></trkpt>
      <trkpt lat="35.172430" lon="-92.699605"></trkpt>
      <trkpt lat="35.172183" lon="-92.699014"></trkpt>
      <trkpt lat="35.170944" lon="-92.696171"></trkpt>
      <trkpt lat="35.167655" lon="-92.688559"></trkpt>
      <trkpt lat="35.166107" lon="-92.685066"></trkpt>
      <trkpt lat="35.164263" lon="-92.680726"></trkpt>
      <trkpt lat="35.163985" lon="-92.680007"></trkpt>
      <trkpt lat="35.163635" lon="-92.678972"></trkpt>
      <trkpt lat="35.163422" lon="-92.678196"></trkpt>
      <trkpt lat="35.163212" lon="-92.677326"></trkpt>
      <trkpt lat="35.163008" lon="-92.676400"></trkpt>
      <trkpt lat="35.162903" lon="-92.675744"></trkpt>
      <trkpt lat="35.162780" lon="-92.674742"></trkpt>
      <trkpt lat="35.162719" lon="-92.674067"></trkpt>
      <trkpt lat="35.162680" lon="-92.673385"></trkpt>
      <trkpt lat="35.162632" lon="-92.671087"></trkpt>
      <trkpt lat="35.162501" lon="-92.664800"></trkpt>
      <trkpt lat="35.162405" lon="-92.660223"></trkpt>
      <trkpt lat="35.162395" lon="-92.658771"></trkpt>
      <trkpt lat="35.162407" lon="-92.657326"></trkpt>
      <trkpt lat="35.162628" lon="-92.648215"></trkpt>
      <trkpt lat="35.162645" lon="-92.647208"></trkpt>
      <trkpt lat="35.162660" lon="-92.646322"></trkpt>
      <trkpt lat="35.162816" lon="-92.641719"></trkpt>
      <trkpt lat="35.162823" lon="-92.640801"></trkpt>
      <trkpt lat="35.162921" lon="-92.636415"></trkpt>
      <trkpt lat="35.162950" lon="-92.634541"></trkpt>
      <trkpt lat="35.162965" lon="-92.633922"></trkpt>
      <trkpt lat="35.162987" lon="-92.632957"></trkpt>
      <trkpt lat="35.163057" lon="-92.629973"></trkpt>
      <trkpt lat="35.163068" lon="-92.629507"></trkpt>
      <trkpt lat="35.163170" lon="-92.625192"></trkpt>
      <trkpt lat="35.163166" lon="-92.624115"></trkpt>
      <trkpt lat="35.163156" lon="-92.623758"></trkpt>
      <trkpt lat="35.163137" lon="-92.623035"></trkpt>
      <trkpt lat="35.163036" lon="-92.621253"></trkpt>
      <trkpt lat="35.162802" lon="-92.618798"></trkpt>
      <trkpt lat="35.162128" lon="-92.612187"></trkpt>
      <trkpt lat="35.161690" lon="-92.607922"></trkpt>
      <trkpt lat="35.161008" lon="-92.601284"></trkpt>
      <trkpt lat="35.159880" lon="-92.590300"></trkpt>
      <trkpt lat="35.158536" lon="-92.577209"></trkpt>
      <trkpt lat="35.158210" lon="-92.574039"></trkpt>
      <trkpt lat="35.158044" lon="-92.572698"></trkpt>
      <trkpt lat="35.157786" lon="-92.571036"></trkpt>
      <trkpt lat="35.157541" lon="-92.569730"></trkpt>
      <trkpt lat="35.157182" lon="-92.568116"></trkpt>
      <trkpt lat="35.157041" lon="-92.567571"></trkpt>
      <trkpt lat="35.156953" lon="-92.567185"></trkpt>
      <trkpt lat="35.156743" lon="-92.566378"></trkpt>
      <trkpt lat="35.156336" lon="-92.564953"></trkpt>
      <trkpt lat="35.155227" lon="-92.561014"></trkpt>
      <trkpt lat="35.154357" lon="-92.558044"></trkpt>
      <trkpt lat="35.152427" lon="-92.551315"></trkpt>
      <trkpt lat="35.152111" lon="-92.550345"></trkpt>
      <trkpt lat="35.151578" lon="-92.548774"></trkpt>
      <trkpt lat="35.151276" lon="-92.548036"></trkpt>
      <trkpt lat="35.150897" lon="-92.547144"></trkpt>
      <trkpt lat="35.150433" lon="-92.546129"></trkpt>
      <trkpt lat="35.149750" lon="-92.544702"></trkpt>
      <trkpt lat="35.147842" lon="-92.541053"></trkpt>
      <trkpt lat="35.144686" lon="-92.535019"></trkpt>
      <trkpt lat="35.139628" lon="-92.525348"></trkpt>
      <trkpt lat="35.139419" lon="-92.524960"></trkpt>
      <trkpt lat="35.138984" lon="-92.524149"></trkpt>
      <trkpt lat="35.138465" lon="-92.523291"></trkpt>
      <trkpt lat="35.137913" lon="-92.522471"></trkpt>
      <trkpt lat="35.137526" lon="-92.521948"></trkpt>
      <trkpt lat="35.136917" lon="-92.521198"></trkpt>
      <trkpt lat="35.136276" lon="-92.520494"></trkpt>
      <trkpt lat="35.135407" lon="-92.519641"></trkpt>
      <trkpt lat="35.131041" lon="-92.515463"></trkpt>
      <trkpt lat="35.129869" lon="-92.514348"></trkpt>
      <trkpt lat="35.127568" lon="-92.512185"></trkpt>
      <trkpt lat="35.127143" lon="-92.511769"></trkpt>
      <trkpt lat="35.126798" lon="-92.511422"></trkpt>
      <trkpt lat="35.126377" lon="-92.510941"></trkpt>
      <trkpt lat="35.125553" lon="-92.509830"></trkpt>
      <trkpt lat="35.124912" lon="-92.508804"></trkpt>
      <trkpt lat="35.124530" lon="-92.508110"></trkpt>
      <trkpt lat="35.124089" lon="-92.507141"></trkpt>
      <trkpt lat="35.123767" lon="-92.506356"></trkpt>
      <trkpt lat="35.123599" lon="-92.505865"></trkpt>
      <trkpt lat="35.123372" lon="-92.505164"></trkpt>
      <trkpt lat="35.123108" lon="-92.504127"></trkpt>
      <trkpt lat="35.122910" lon="-92.503153"></trkpt>
      <trkpt lat="35.122677" lon="-92.501706"></trkpt>
      <trkpt lat="35.122368" lon="-92.499689"></trkpt>
      <trkpt lat="35.122150" lon="-92.498290"></trkpt>
      <trkpt lat="35.121217" lon="-92.492256"></trkpt>
      <trkpt lat="35.120970" lon="-92.490469"></trkpt>
      <trkpt lat="35.120788" lon="-92.488917"></trkpt>
      <trkpt lat="35.120708" lon="-92.488184"></trkpt>
      <trkpt lat="35.120633" lon="-92.487466"></trkpt>
      <trkpt lat="35.120507" lon="-92.485996"></trkpt>
      <trkpt lat="35.120339" lon="-92.483913"></trkpt>
      <trkpt lat="35.120182" lon="-92.481164"></trkpt>
      <trkpt lat="35.119862" lon="-92.476274"></trkpt>
      <trkpt lat="35.119750" lon="-92.474371"></trkpt>
      <trkpt lat="35.119627" lon="-92.472472"></trkpt>
      <trkpt lat="35.119363" lon="-92.468326"></trkpt>
      <trkpt lat="35.119311" lon="-92.467564"></trkpt>
      <trkpt lat="35.119270" lon="-92.467042"></trkpt>
      <trkpt lat="35.119174" lon="-92.465395"></trkpt>
      <trkpt lat="35.119047" lon="-92.463434"></trkpt>
      <trkpt lat="35.118795" lon="-92.459632"></trkpt>
      <trkpt lat="35.118598" lon="-92.456533"></trkpt>
      <trkpt lat="35.118423" lon="-92.453847"></trkpt>
      <trkpt lat="35.118331" lon="-92.453126"></trkpt>
      <trkpt lat="35.118233" lon="-92.452499"></trkpt>
      <trkpt lat="35.118036" lon="-92.451847"></trkpt>
      <trkpt lat="35.117791" lon="-92.451195"></trkpt>
      <trkpt lat="35.117552" lon="-92.450697"></trkpt>
      <trkpt lat="35.117257" lon="-92.450190"></trkpt>
      <trkpt lat="35.116934" lon="-92.449770"></trkpt>
      <trkpt lat="35.116457" lon="-92.449169"></trkpt>
      <trkpt lat="35.115867" lon="-92.448457"></trkpt>
      <trkpt lat="35.115368" lon="-92.447873"></trkpt>
      <trkpt lat="35.114695" lon="-92.447040"></trkpt>
      <trkpt lat="35.114343" lon="-92.446568"></trkpt>
      <trkpt lat="35.114084" lon="-92.446148"></trkpt>
      <trkpt lat="35.113859" lon="-92.445659"></trkpt>
      <trkpt lat="35.113641" lon="-92.445144"></trkpt>
      <trkpt lat="35.113417" lon="-92.444474"></trkpt>
      <trkpt lat="35.113255" lon="-92.443633"></trkpt>
      <trkpt lat="35.113129" lon="-92.442689"></trkpt>
      <trkpt lat="35.113045" lon="-92.441736"></trkpt>
      <trkpt lat="35.112799" lon="-92.439427"></trkpt>
      <trkpt lat="35.112630" lon="-92.437960"></trkpt>
      <trkpt lat="35.112476" lon="-92.437187"></trkpt>
      <trkpt lat="35.112355" lon="-92.436664"></trkpt>
      <trkpt lat="35.112178" lon="-92.436192"></trkpt>
      <trkpt lat="35.111920" lon="-92.435640"></trkpt>
      <trkpt lat="35.111882" lon="-92.435567"></trkpt>
      <trkpt lat="35.111846" lon="-92.435499"></trkpt>
      <trkpt lat="35.111797" lon="-92.435410"></trkpt>
      <trkpt lat="35.111755" lon="-92.435340"></trkpt>
      <trkpt lat="35.111536" lon="-92.434963"></trkpt>
      <trkpt lat="35.111082" lon="-92.434381"></trkpt>
      <trkpt lat="35.110629" lon="-92.433943"></trkpt>
      <trkpt lat="35.110306" lon="-92.433668"></trkpt>
      <trkpt lat="35.109920" lon="-92.433402"></trkpt>
      <trkpt lat="35.109464" lon="-92.433136"></trkpt>
      <trkpt lat="35.109007" lon="-92.432930"></trkpt>
      <trkpt lat="35.108474" lon="-92.432784"></trkpt>
      <trkpt lat="35.107821" lon="-92.432664"></trkpt>
      <trkpt lat="35.107301" lon="-92.432655"></trkpt>
      <trkpt lat="35.106494" lon="-92.432681"></trkpt>
      <trkpt lat="35.104099" lon="-92.432750"></trkpt>
      <trkpt lat="35.103551" lon="-92.432715"></trkpt>
      <trkpt lat="35.102976" lon="-92.432647"></trkpt>
      <trkpt lat="35.102238" lon="-92.432475"></trkpt>
      <trkpt lat="35.101670" lon="-92.432252"></trkpt>
      <trkpt lat="35.101101" lon="-92.431994"></trkpt>
      <trkpt lat="35.100539" lon="-92.431660"></trkpt>
      <trkpt lat="35.099921" lon="-92.431239"></trkpt>
      <trkpt lat="35.099556" lon="-92.430939"></trkpt>
      <trkpt lat="35.099191" lon="-92.430587"></trkpt>
      <trkpt lat="35.098460" lon="-92.429866"></trkpt>
      <trkpt lat="35.097709" lon="-92.429085"></trkpt>
      <trkpt lat="35.095841" lon="-92.427179"></trkpt>
      <trkpt lat="35.095063" lon="-92.426392"></trkpt>
      <trkpt lat="35.094776" lon="-92.426157"></trkpt>
    </trkseg>
  </trk>
</gpx>
